사고번호,사고일시,요일,시군구,사고내용,사망자수,중상자수,경상자수,부상신고자수,사고유형,법규위반,노면상태,기상상태,도로형태,가해운전자 차종,가해운전자 성별,가해운전자 연령,가해운전자 상해정도,피해운전자 차종,피해운전자 성별,피해운전자 연령,피해운전자 상해정도
2017041900100329,2017년 4월 19일 14시,수요일,서울특별시 중랑구 묵동,경상사고,0,0,1,0,차대차 - 정면충돌,안전운전불이행,포장 - 건조,맑음,단일로 - 기타,자전거,남,46세,경상,승용,여,37세,상해없음
2017041900100594,2017년 4월 19일 21시,수요일,서울특별시 강서구 등촌동,경상사고,0,0,1,0,차대차 - 측면충돌,안전운전불이행,포장 - 건조,맑음,교차로 - 교차로횡단보도내,자전거,남,41세,경상,승용,남,53세,상해없음
2017041900100649,2017년 4월 19일 23시,수요일,서울특별시 동대문구 용두동,중상사고,0,1,0,0,차대사람 - 기타,안전운전불이행,포장 - 건조,맑음,단일로 - 기타,자전거,남,24세,상해없음,보행자,남,52세,중상
2017042000100341,2017년 4월 20일 17시,목요일,서울특별시 성북구 동소문동5가,부상신고사고,0,0,0,1,차대차 - 측면충돌,안전운전불이행,포장 - 건조,맑음,단일로 - 기타,자전거,남,14세,부상신고,이륜,남,17세,상해없음
2017042100100201,2017년 4월 21일 10시,금요일,서울특별시 동작구 상도동,중상사고,0,1,0,0,차대차 - 측면충돌,신호위반,포장 - 건조,맑음,교차로 - 교차로안,자전거,남,60세,중상,승용,여,26세,상해없음
2017042100100203,2017년 4월 21일 10시,금요일,서울특별시 강동구 둔촌동,경상사고,0,0,1,0,차대사람 - 횡단중,안전운전불이행,포장 - 건조,맑음,단일로 - 기타,자전거,남,21세,상해없음,보행자,여,43세,경상
2017042100100348,2017년 4월 21일 15시,금요일,서울특별시 동대문구 장안동,경상사고,0,0,1,0,차대차 - 정면충돌,안전운전불이행,포장 - 건조,맑음,단일로 - 기타,자전거,남,59세,상해없음,자전거,남,29세,경상
2017042100100358,2017년 4월 21일 15시,금요일,서울특별시 강남구 도곡동,중상사고,0,1,0,0,차대사람 - 기타,안전거리미확보,포장 - 건조,맑음,기타 - 기타,자전거,남,12세,상해없음,보행자,남,78세,중상
2017042100100500,2017년 4월 21일 19시,금요일,서울특별시 노원구 중계동,부상신고사고,0,0,0,1,차대차 - 측면충돌,안전운전불이행,포장 - 건조,맑음,교차로 - 교차로횡단보도내,자전거,남,10세,부상신고,승용,여,39세,상해없음
2017042200100088,2017년 4월 22일 05시,토요일,서울특별시 노원구 중계동,중상사고,0,1,0,0,차대차 - 측면충돌,안전운전불이행,포장 - 건조,맑음,교차로 - 교차로안,자전거,남,69세,중상,화물,남,61세,상해없음
2017042200100150,2017년 4월 22일 09시,토요일,서울특별시 도봉구 도봉동,중상사고,0,1,0,0,차대차 - 측면충돌,안전운전불이행,포장 - 건조,맑음,단일로 - 기타,자전거,남,71세,상해없음,자전거,여,44세,중상
2017042200100180,2017년 4월 22일 10시,토요일,서울특별시 강남구 율현동,경상사고,0,0,1,0,차대사람 - 보도통행중,안전운전불이행,포장 - 건조,맑음,기타 - 기타,자전거,남,57세,상해없음,보행자,여,57세,경상
2017042200100247,2017년 4월 22일 12시,토요일,서울특별시 노원구 상계동,중상사고,0,1,0,0,차대사람 - 횡단중,안전운전불이행,포장 - 건조,맑음,기타 - 기타,자전거,남,11세,상해없음,보행자,여,62세,중상
2017042200100353,2017년 4월 22일 15시,토요일,서울특별시 송파구 오금동,중상사고,0,1,0,0,차대차 - 기타,안전운전불이행,포장 - 건조,맑음,단일로 - 기타,자전거,남,15세,중상,승용,남,29세,상해없음
2017042200100426,2017년 4월 22일 17시,토요일,서울특별시 양천구 신정동,중상사고,0,1,0,0,차대사람 - 차도통행중,안전운전불이행,포장 - 건조,맑음,기타 - 기타,자전거,여,43세,상해없음,보행자,여,51세,중상
2017042200100458,2017년 4월 22일 18시,토요일,서울특별시 서초구 서초동,경상사고,0,0,1,0,차대사람 - 길가장자리구역통행중,안전운전불이행,포장 - 건조,맑음,단일로 - 기타,자전거,남,13세,상해없음,보행자,남,45세,경상
2017042200100589,2017년 4월 22일 22시,토요일,서울특별시 동대문구 휘경동,경상사고,0,0,1,0,차대사람 - 보도통행중,기타,포장 - 건조,맑음,단일로 - 기타,자전거,남,62세,상해없음,보행자,여,38세,경상
2017042300100126,2017년 4월 23일 09시,일요일,서울특별시 강동구 고덕동,부상신고사고,0,0,0,1,차대사람 - 차도통행중,안전운전불이행,포장 - 건조,맑음,기타 - 기타,자전거,남,39세,상해없음,보행자,남,64세,부상신고
2017042300100296,2017년 4월 23일 15시,일요일,서울특별시 강남구 대치동,경상사고,0,0,1,0,차대차 - 기타,안전운전불이행,포장 - 건조,맑음,기타 - 기타,자전거,남,36세,상해없음,자전거,여,45세,경상
2017042300100326,2017년 4월 23일 16시,일요일,서울특별시 영등포구 여의도동,경상사고,0,0,1,0,차대사람 - 횡단중,안전운전불이행,포장 - 건조,맑음,단일로 - 기타,자전거,여,48세,상해없음,보행자,남,91세,경상
2017042400100044,2017년 4월 24일 05시,월요일,서울특별시 강동구 길동,사망사고,1,0,0,0,차대차 - 측면충돌,안전운전불이행,포장 - 건조,맑음,교차로 - 교차로횡단보도내,자전거,남,68세,사망,승용,여,46세,상해없음
2017042400100114,2017년 4월 24일 08시,월요일,서울특별시 영등포구 대림동,부상신고사고,0,0,0,1,차대차 - 기타,안전운전불이행,포장 - 건조,맑음,교차로 - 교차로부근,자전거,남,43세,부상신고,승용,남,43세,상해없음
2017042400100115,2017년 4월 24일 08시,월요일,서울특별시 중랑구 면목동,부상신고사고,0,0,0,1,차대차 - 측면충돌,기타,포장 - 건조,맑음,단일로 - 기타,자전거,남,14세,부상신고,화물,남,50세,상해없음
2017042400100246,2017년 4월 24일 11시,월요일,서울특별시 강동구 강일동,중상사고,0,1,0,0,차대차 - 측면충돌,기타,포장 - 건조,맑음,단일로 - 기타,자전거,남,67세,중상,승용,남,66세,상해없음
2017042400100362,2017년 4월 24일 15시,월요일,서울특별시 강북구 번동,경상사고,0,0,1,0,차대차 - 기타,직진우회전진행방해,포장 - 건조,맑음,교차로 - 교차로부근,자전거,남,14세,경상,승용,남,63세,상해없음
2017042400100365,2017년 4월 24일 15시,월요일,서울특별시 동작구 노량진동,부상신고사고,0,0,0,1,차대사람 - 기타,안전거리미확보,포장 - 건조,맑음,단일로 - 기타,자전거,남,72세,부상신고,보행자,여,14세,상해없음
2017042400100369,2017년 4월 24일 15시,월요일,서울특별시 강남구 자곡동,부상신고사고,0,0,0,1,차대사람 - 차도통행중,안전운전불이행,포장 - 건조,맑음,단일로 - 기타,자전거,남,15세,상해없음,보행자,여,36세,부상신고
2017042400100394,2017년 4월 24일 16시,월요일,서울특별시 도봉구 창동,부상신고사고,0,0,0,1,차대차 - 측면충돌,안전운전불이행,포장 - 건조,맑음,교차로 - 교차로안,자전거,남,10세,부상신고,승용,여,35세,상해없음
2017042400100422,2017년 4월 24일 17시,월요일,서울특별시 성동구 용답동,중상사고,0,1,0,0,차대차 - 측면충돌,교차로운행방법위반,포장 - 건조,맑음,교차로 - 교차로안,자전거,남,66세,중상,화물,남,61세,상해없음
2017042400100428,2017년 4월 24일 17시,월요일,서울특별시 도봉구 창동,부상신고사고,0,0,0,1,차대차 - 측면충돌,차로위반,포장 - 건조,맑음,단일로 - 기타,자전거,남,15세,부상신고,승용,여,52세,상해없음
2017042500100237,2017년 4월 25일 13시,화요일,서울특별시 구로구 구로동,중상사고,0,1,0,0,차대차 - 기타,중앙선침범,포장 - 건조,맑음,교차로 - 교차로횡단보도내,자전거,여,62세,중상,승용,여,34세,상해없음
2017042500100401,2017년 4월 25일 18시,화요일,서울특별시 종로구 관철동,경상사고,0,0,1,0,차대차 - 측면충돌,안전운전불이행,포장 - 건조,맑음,단일로 - 기타,자전거,여,48세,경상,승용,여,33세,상해없음
2017042500100492,2017년 4월 25일 21시,화요일,서울특별시 도봉구 도봉동,경상사고,0,0,1,0,차대사람 - 기타,안전운전불이행,포장 - 건조,맑음,기타 - 기타,자전거,남,13세,상해없음,보행자,여,69세,경상
2017042600100162,2017년 4월 26일 09시,수요일,서울특별시 광진구 구의동,경상사고,0,0,1,0,차대차 - 기타,교차로운행방법위반,포장 - 건조,맑음,교차로 - 교차로안,자전거,남,17세,경상,승용,남,41세,상해없음
2017042600100224,2017년 4월 26일 11시,수요일,서울특별시 성동구 성수동2가,경상사고,0,0,1,0,차대차 - 기타,안전운전불이행,포장 - 기타,맑음,단일로 - 기타,자전거,남,77세,경상,승용,남,46세,상해없음
2017042600100320,2017년 4월 26일 14시,수요일,서울특별시 강동구 고덕동,경상사고,0,0,1,0,차대차 - 추돌,안전운전불이행,포장 - 건조,맑음,단일로 - 기타,자전거,남,14세,상해없음,자전거,남,14세,상해없음
2017042600100392,2017년 4월 26일 16시,수요일,서울특별시 강동구 암사동,경상사고,0,0,1,0,차량단독 - 기타,안전운전불이행,포장 - 건조,맑음,기타 - 기타,자전거,남,51세,경상,,,,
2017042700100114,2017년 4월 27일 08시,목요일,서울특별시 영등포구 여의도동,경상사고,0,0,1,0,차대차 - 추돌,안전운전불이행,포장 - 건조,맑음,단일로 - 기타,자전거,남,33세,상해없음,자전거,남,36세,경상
2017042700100325,2017년 4월 27일 15시,목요일,서울특별시 강서구 개화동,중상사고,0,1,0,0,차대차 - 기타,안전운전불이행,포장 - 건조,맑음,기타 - 기타,자전거,남,68세,중상,자전거,남,47세,상해없음
2017042700100401,2017년 4월 27일 17시,목요일,서울특별시 중랑구 면목동,경상사고,0,0,1,0,차대차 - 기타,안전운전불이행,포장 - 건조,맑음,단일로 - 기타,자전거,남,33세,상해없음,자전거,남,26세,경상
2017042700100404,2017년 4월 27일 17시,목요일,서울특별시 송파구 신천동,중상사고,0,1,1,0,차대차 - 정면충돌,안전운전불이행,포장 - 건조,맑음,단일로 - 기타,자전거,남,23세,경상,자전거,남,31세,중상
2017042700100462,2017년 4월 27일 18시,목요일,서울특별시 양천구 목동,경상사고,0,0,1,0,차대차 - 정면충돌,중앙선침범,포장 - 건조,맑음,단일로 - 기타,자전거,남,12세,경상,승용,여,41세,상해없음
2017042700100571,2017년 4월 27일 21시,목요일,서울특별시 서대문구 남가좌동,중상사고,0,1,0,0,차대차 - 측면충돌,차로위반,포장 - 건조,흐림,단일로 - 기타,자전거,남,56세,중상,화물,남,68세,상해없음
2017042800100380,2017년 4월 28일 15시,금요일,서울특별시 송파구 거여동,경상사고,0,0,1,0,차대차 - 측면충돌,안전운전불이행,포장 - 건조,맑음,교차로 - 교차로횡단보도내,자전거,남,9세,경상,승용,여,59세,상해없음
2017042800100493,2017년 4월 28일 18시,금요일,서울특별시 광진구 자양동,경상사고,0,0,1,0,차대차 - 정면충돌,안전운전불이행,포장 - 건조,맑음,단일로 - 교량,자전거,여,62세,경상,자전거,남,17세,상해없음
2017042800100541,2017년 4월 28일 19시,금요일,서울특별시 마포구 공덕동,부상신고사고,0,0,0,1,차대차 - 측면충돌,안전거리미확보,포장 - 건조,맑음,교차로 - 교차로부근,자전거,남,72세,부상신고,화물,남,75세,상해없음
2017042800100651,2017년 4월 28일 22시,금요일,서울특별시 중랑구 면목동,중상사고,0,1,0,0,차대차 - 측면충돌,교차로운행방법위반,포장 - 건조,맑음,교차로 - 교차로안,자전거,남,18세,상해없음,자전거,여,24세,중상
2017042900100391,2017년 4월 29일 15시,토요일,서울특별시 송파구 풍납동,중상사고,0,1,0,0,차대차 - 정면충돌,안전운전불이행,포장 - 건조,맑음,단일로 - 기타,자전거,남,7세,상해없음,자전거,여,27세,중상
2017042900100395,2017년 4월 29일 15시,토요일,서울특별시 강남구 대치동,중상사고,0,1,0,0,차대차 - 정면충돌,안전거리미확보,포장 - 건조,맑음,기타 - 기타,자전거,남,59세,중상,자전거,남,56세,상해없음
2017042900100526,2017년 4월 29일 18시,토요일,서울특별시 동대문구 장안동,경상사고,0,0,1,0,차대차 - 측면충돌,안전운전불이행,포장 - 건조,맑음,교차로 - 교차로안,자전거,남,75세,경상,승용,남,45세,상해없음
2017042900100529,2017년 4월 29일 18시,토요일,서울특별시 동작구 동작동,경상사고,0,0,2,0,차대차 - 측면충돌,안전운전불이행,포장 - 건조,맑음,단일로 - 기타,자전거,남,17세,경상,자전거,남,17세,상해없음
2017042900100530,2017년 4월 29일 18시,토요일,서울특별시 중랑구 상봉동,부상신고사고,0,0,0,1,차대차 - 측면충돌,안전운전불이행,포장 - 건조,맑음,기타 - 기타,자전거,남,54세,부상신고,화물,남,23세,상해없음
2017042900100561,2017년 4월 29일 19시,토요일,서울특별시 구로구 개봉동,중상사고,0,1,0,0,차대사람 - 기타,안전운전불이행,포장 - 건조,맑음,기타 - 기타,자전거,남,82세,상해없음,보행자,여,77세,중상
2017043000100192,2017년 4월 30일 12시,일요일,서울특별시 영등포구 양평동6가,중상사고,0,1,0,0,차대차 - 정면충돌,안전운전불이행,포장 - 건조,맑음,교차로 - 교차로안,자전거,남,71세,상해없음,자전거,남,49세,중상
2017043000100304,2017년 4월 30일 16시,일요일,서울특별시 강동구 암사동,중상사고,0,1,0,0,차대차 - 추돌,안전운전불이행,포장 - 건조,맑음,단일로 - 기타,자전거,남,51세,상해없음,자전거,여,29세,중상
2017043000100401,2017년 4월 30일 19시,일요일,서울특별시 영등포구 여의도동,경상사고,0,0,1,0,차대사람 - 횡단중,안전운전불이행,포장 - 건조,맑음,단일로 - 교량,자전거,여,21세,경상,보행자,남,48세,상해없음
2017050100100165,2017년 5월 1일 11시,월요일,서울특별시 강북구 미아동,경상사고,0,0,1,0,차대차 - 측면충돌,직진우회전진행방해,포장 - 건조,맑음,교차로 - 교차로안,자전거,남,65세,경상,승용,여,38세,기타불명
2017050100100240,2017년 5월 1일 13시,월요일,서울특별시 영등포구 여의도동,중상사고,0,1,1,0,차대사람 - 차도통행중,안전운전불이행,포장 - 건조,맑음,단일로 - 기타,자전거,남,26세,중상,보행자,남,16세,경상
2017050100100302,2017년 5월 1일 15시,월요일,서울특별시 성동구 금호동4가,경상사고,0,0,1,0,차대사람 - 횡단중,안전운전불이행,포장 - 건조,맑음,기타 - 기타,자전거,여,51세,상해없음,보행자,여,68세,경상
2017050100100354,2017년 5월 1일 16시,월요일,서울특별시 송파구 방이동,중상사고,0,1,0,0,차대사람 - 기타,안전운전불이행,포장 - 건조,맑음,기타 - 기타,자전거,남,47세,상해없음,보행자,남,66세,중상
2017050100100391,2017년 5월 1일 17시,월요일,서울특별시 성동구 용답동,중상사고,0,1,0,0,차대차 - 측면충돌,안전운전불이행,포장 - 기타,맑음,단일로 - 기타,자전거,남,38세,상해없음,자전거,남,75세,중상
2017050100100463,2017년 5월 1일 19시,월요일,서울특별시 강서구 화곡동,경상사고,0,0,1,0,차대차 - 측면충돌,안전운전불이행,포장 - 건조,맑음,단일로 - 기타,자전거,남,12세,경상,승용,남,60세,상해없음
2017050100100527,2017년 5월 1일 21시,월요일,서울특별시 구로구 개봉동,경상사고,0,0,1,0,차대차 - 정면충돌,안전운전불이행,포장 - 건조,맑음,단일로 - 고가도로위,자전거,남,52세,경상,자전거,남,13세,상해없음
2017050100100574,2017년 5월 1일 23시,월요일,서울특별시 강동구 천호동,경상사고,0,0,1,0,차대차 - 측면충돌,불법유턴,포장 - 건조,맑음,교차로 - 교차로부근,자전거,남,57세,상해없음,이륜,남,21세,경상
2017050200100106,2017년 5월 2일 08시,화요일,서울특별시 성북구 돈암동,중상사고,0,1,0,0,차대차 - 측면충돌,불법유턴,포장 - 건조,맑음,단일로 - 기타,자전거,여,44세,중상,승용,남,37세,상해없음
2017050200100235,2017년 5월 2일 12시,화요일,서울특별시 영등포구 당산동1가,중상사고,0,1,0,0,차대차 - 측면충돌,안전운전불이행,포장 - 건조,맑음,교차로 - 교차로부근,자전거,여,57세,중상,승용,남,59세,상해없음
2017050200100237,2017년 5월 2일 12시,화요일,서울특별시 송파구 방이동,중상사고,0,1,0,0,차대사람 - 횡단중,안전운전불이행,포장 - 건조,맑음,주차장 - 주차장,자전거,여,15세,상해없음,보행자,여,70세,중상
2017050200100320,2017년 5월 2일 15시,화요일,서울특별시 마포구 망원동,부상신고사고,0,0,0,1,차대사람 - 보도통행중,기타,포장 - 건조,맑음,단일로 - 기타,자전거,여,40세,상해없음,보행자,남,65세,부상신고
2017050300100116,2017년 5월 3일 08시,수요일,서울특별시 양천구 신정동,부상신고사고,0,0,0,1,차대차 - 기타,안전운전불이행,포장 - 건조,맑음,단일로 - 기타,자전거,남,33세,부상신고,건설기계,남,45세,상해없음
2017050300100187,2017년 5월 3일 11시,수요일,서울특별시 송파구 풍납동,중상사고,0,1,0,0,차대차 - 정면충돌,기타,포장 - 건조,맑음,단일로 - 기타,자전거,남,60세,중상,자전거,남,22세,상해없음
2017050300100239,2017년 5월 3일 13시,수요일,서울특별시 광진구 자양동,경상사고,0,0,1,0,차대차 - 측면충돌,불법유턴,포장 - 건조,맑음,교차로 - 교차로안,자전거,남,45세,경상,승용,여,30세,상해없음
2017050300100349,2017년 5월 3일 16시,수요일,서울특별시 동작구 흑석동,부상신고사고,0,0,0,1,차대차 - 추돌,안전운전불이행,포장 - 건조,맑음,기타 - 기타,자전거,남,55세,부상신고,자전거,남,15세,상해없음
2017050300100553,2017년 5월 3일 23시,수요일,서울특별시 동대문구 청량리동,경상사고,0,0,1,0,차대사람 - 횡단중,신호위반,포장 - 건조,맑음,단일로 - 기타,자전거,남,24세,상해없음,보행자,여,51세,경상
2017050400100094,2017년 5월 4일 07시,목요일,서울특별시 중랑구 망우동,부상신고사고,0,0,0,1,차대차 - 정면충돌,안전운전불이행,포장 - 건조,맑음,기타 - 기타,자전거,여,25세,부상신고,화물,남,57세,상해없음
2017050400100246,2017년 5월 4일 12시,목요일,서울특별시 광진구 자양동,경상사고,0,0,1,0,차대사람 - 기타,기타,포장 - 건조,맑음,기타 - 기타,자전거,남,9세,상해없음,보행자,남,43세,경상
2017050400100314,2017년 5월 4일 14시,목요일,서울특별시 성동구 홍익동,경상사고,0,0,1,0,차대차 - 추돌,안전운전불이행,포장 - 기타,맑음,단일로 - 기타,자전거,남,67세,경상,자전거,남,11세,상해없음
2017050400100354,2017년 5월 4일 15시,목요일,서울특별시 영등포구 영등포동8가,경상사고,0,0,1,0,차대차 - 정면충돌,신호위반,포장 - 건조,맑음,교차로 - 교차로안,자전거,남,16세,경상,승용,남,27세,상해없음
2017050400100474,2017년 5월 4일 18시,목요일,서울특별시 강남구 도곡동,부상신고사고,0,0,0,1,차대사람 - 횡단중,안전운전불이행,포장 - 건조,맑음,단일로 - 기타,자전거,남,38세,상해없음,보행자,남,62세,부상신고
2017050400100629,2017년 5월 4일 23시,목요일,서울특별시 송파구 풍납동,경상사고,0,0,1,0,차대차 - 측면충돌,안전운전불이행,포장 - 건조,맑음,단일로 - 기타,자전거,남,41세,경상,승용,여,35세,상해없음
2017050500100154,2017년 5월 5일 10시,금요일,서울특별시 양천구 신정동,중상사고,0,1,0,0,차대차 - 측면충돌,안전운전불이행,포장 - 건조,맑음,교차로 - 교차로안,자전거,남,8세,중상,화물,남,53세,상해없음
2017050500100328,2017년 5월 5일 16시,금요일,서울특별시 영등포구 신길동,경상사고,0,0,1,0,차대차 - 정면충돌,안전운전불이행,포장 - 건조,맑음,교차로 - 교차로부근,자전거,남,6세,경상,승용,남,38세,상해없음
2017050500100367,2017년 5월 5일 17시,금요일,서울특별시 종로구 안국동,중상사고,0,1,0,0,차대사람 - 기타,신호위반,포장 - 건조,맑음,단일로 - 기타,자전거,남,33세,상해없음,보행자,남,3세,중상
2017050500100440,2017년 5월 5일 19시,금요일,서울특별시 강서구 방화동,중상사고,0,1,0,0,차대차 - 측면충돌,안전운전불이행,포장 - 건조,맑음,교차로 - 교차로안,자전거,남,64세,상해없음,자전거,남,62세,중상
2017050600100171,2017년 5월 6일 11시,토요일,서울특별시 영등포구 신길동,부상신고사고,0,0,0,1,차대차 - 기타,중앙선침범,포장 - 건조,맑음,단일로 - 기타,자전거,남,71세,부상신고,승용,남,75세,상해없음
2017050600100173,2017년 5월 6일 11시,토요일,서울특별시 노원구 상계동,경상사고,0,0,1,0,차대사람 - 보도통행중,안전운전불이행,포장 - 건조,맑음,단일로 - 기타,자전거,남,23세,상해없음,보행자,남,53세,경상
2017050600100337,2017년 5월 6일 16시,토요일,서울특별시 성북구 돈암동,경상사고,0,0,1,0,차대차 - 정면충돌,안전운전불이행,포장 - 건조,맑음,단일로 - 기타,자전거,남,14세,상해없음,자전거,여,50세,경상
2017050600100524,2017년 5월 6일 22시,토요일,서울특별시 강북구 수유동,중상사고,0,1,1,0,차대차 - 측면충돌,중앙선침범,포장 - 건조,맑음,교차로 - 교차로부근,자전거,남,25세,경상,이륜,남,39세,중상
2017050700100138,2017년 5월 7일 11시,일요일,서울특별시 동작구 신대방동,부상신고사고,0,0,0,1,차대차 - 기타,안전운전불이행,포장 - 건조,맑음,단일로 - 기타,자전거,여,47세,부상신고,승용,여,30세,상해없음
2017050700100159,2017년 5월 7일 12시,일요일,서울특별시 송파구 풍납동,부상신고사고,0,0,0,1,차대차 - 정면충돌,안전운전불이행,포장 - 건조,흐림,교차로 - 교차로안,자전거,여,56세,부상신고,자전거,남,11세,상해없음
2017050700100180,2017년 5월 7일 13시,일요일,서울특별시 성북구 하월곡동,경상사고,0,0,1,0,차대사람 - 보도통행중,기타,포장 - 건조,맑음,교차로 - 교차로부근,자전거,남,41세,상해없음,보행자,여,77세,경상
2017050700100234,2017년 5월 7일 15시,일요일,서울특별시 종로구 종로2가,경상사고,0,0,1,0,차대사람 - 횡단중,기타,포장 - 건조,맑음,기타 - 기타,자전거,남,61세,상해없음,보행자,여,57세,경상
2017050700100346,2017년 5월 7일 19시,일요일,서울특별시 양천구 신정동,경상사고,0,0,1,0,차대사람 - 기타,안전운전불이행,포장 - 건조,맑음,단일로 - 기타,자전거,남,16세,상해없음,보행자,여,48세,경상
2017050800100188,2017년 5월 8일 10시,월요일,서울특별시 금천구 독산동,중상사고,0,1,0,0,차대차 - 측면충돌,직진우회전진행방해,포장 - 건조,맑음,교차로 - 교차로안,자전거,남,19세,중상,승용,남,51세,상해없음
2017050800100380,2017년 5월 8일 16시,월요일,서울특별시 송파구 삼전동,경상사고,0,0,1,0,차대차 - 측면충돌,안전운전불이행,포장 - 건조,맑음,교차로 - 교차로안,자전거,남,49세,경상,승용,여,43세,상해없음
2017050800100381,2017년 5월 8일 16시,월요일,서울특별시 송파구 오금동,경상사고,0,0,1,1,차대차 - 측면충돌,신호위반,포장 - 건조,맑음,교차로 - 교차로안,자전거,남,15세,부상신고,이륜,남,22세,상해없음
2017050900100207,2017년 5월 9일 12시,화요일,서울특별시 중랑구 면목동,중상사고,0,1,0,0,차대차 - 기타,안전운전불이행,포장 - 건조,맑음,단일로 - 기타,자전거,남,59세,중상,승용,남,33세,상해없음
2017050900100263,2017년 5월 9일 14시,화요일,서울특별시 관악구 신림동,경상사고,0,0,2,0,차대차 - 측면충돌,안전운전불이행,포장 - 젖음/습기,맑음,단일로 - 기타,자전거,남,83세,경상,이륜,남,25세,경상
2017051000100064,2017년 5월 10일 07시,수요일,서울특별시 동대문구 전농동,부상신고사고,0,0,0,1,차대차 - 측면충돌,교차로운행방법위반,포장 - 건조,맑음,교차로 - 교차로안,자전거,남,74세,부상신고,화물,남,55세,상해없음
2017051000100096,2017년 5월 10일 08시,수요일,서울특별시 도봉구 도봉동,부상신고사고,0,0,0,1,차대차 - 측면충돌,안전운전불이행,포장 - 건조,맑음,교차로 - 교차로부근,자전거,남,80세,부상신고,화물,남,44세,상해없음
2017051100100103,2017년 5월 11일 07시,목요일,서울특별시 영등포구 문래동3가,경상사고,0,0,1,0,차대차 - 정면충돌,중앙선침범,포장 - 건조,맑음,단일로 - 기타,자전거,남,52세,경상,승용,남,67세,상해없음
2017051100100263,2017년 5월 11일 13시,목요일,서울특별시 강남구 삼성동,경상사고,0,0,1,0,차대사람 - 횡단중,신호위반,포장 - 건조,맑음,단일로 - 기타,자전거,남,26세,상해없음,보행자,남,72세,경상
2017051100100323,2017년 5월 11일 15시,목요일,서울특별시 성동구 성수동1가,중상사고,0,1,0,0,차대차 - 측면충돌,안전운전불이행,포장 - 건조,맑음,단일로 - 기타,자전거,남,76세,중상,승용,남,34세,상해없음
2017051100100422,2017년 5월 11일 18시,목요일,서울특별시 강서구 가양동,경상사고,0,0,1,0,차대차 - 기타,안전운전불이행,포장 - 건조,맑음,단일로 - 기타,자전거,여,52세,상해없음,자전거,여,40세,경상
2017051100100590,2017년 5월 11일 23시,목요일,서울특별시 동대문구 이문동,중상사고,0,1,0,0,차대차 - 기타,안전운전불이행,포장 - 건조,맑음,단일로 - 기타,자전거,남,33세,상해없음,자전거,남,40세,중상
2017051200100334,2017년 5월 12일 15시,금요일,서울특별시 마포구 상암동,부상신고사고,0,0,0,1,차대차 - 측면충돌,안전운전불이행,포장 - 건조,맑음,교차로 - 교차로횡단보도내,자전거,남,8세,부상신고,승용,여,52세,상해없음
2017051200100336,2017년 5월 12일 15시,금요일,서울특별시 강서구 등촌동,부상신고사고,0,0,0,1,차대차 - 측면충돌,신호위반,포장 - 건조,맑음,단일로 - 기타,자전거,남,12세,부상신고,승용,남,36세,상해없음
2017051200100442,2017년 5월 12일 18시,금요일,서울특별시 광진구 구의동,부상신고사고,0,0,0,1,차대차 - 측면충돌,안전운전불이행,포장 - 건조,맑음,단일로 - 기타,자전거,여,70세,부상신고,승합,남,53세,상해없음
2017051200100445,2017년 5월 12일 18시,금요일,서울특별시 성동구 성수동2가,중상사고,0,1,0,0,차대차 - 측면충돌,안전운전불이행,포장 - 건조,맑음,단일로 - 기타,자전거,남,48세,중상,자전거,여,14세,상해없음
2017051200100483,2017년 5월 12일 19시,금요일,서울특별시 도봉구 방학동,부상신고사고,0,0,0,1,차대차 - 측면충돌,안전운전불이행,포장 - 건조,맑음,단일로 - 기타,자전거,남,13세,부상신고,화물,남,50세,상해없음
2017051300100023,2017년 5월 13일 00시,토요일,서울특별시 강서구 등촌동,경상사고,0,0,1,0,차대사람 - 보도통행중,안전운전불이행,포장 - 건조,맑음,기타 - 기타,자전거,남,13세,상해없음,보행자,여,75세,경상
2017051300100065,2017년 5월 13일 02시,토요일,서울특별시 금천구 가산동,경상사고,0,0,1,1,차대사람 - 기타,안전운전불이행,포장 - 건조,맑음,단일로 - 기타,자전거,여,53세,경상,보행자,남,22세,부상신고
2017051300100179,2017년 5월 13일 09시,토요일,서울특별시 영등포구 문래동1가,부상신고사고,0,0,0,1,차대차 - 정면충돌,중앙선침범,포장 - 건조,맑음,단일로 - 기타,자전거,남,39세,부상신고,화물,남,62세,상해없음
2017051300100181,2017년 5월 13일 09시,토요일,서울특별시 송파구 잠실동,부상신고사고,0,0,0,1,차대차 - 추돌,안전운전불이행,포장 - 건조,맑음,단일로 - 기타,자전거,여,25세,부상신고,자전거,남,30세,상해없음
2017051300100312,2017년 5월 13일 13시,토요일,서울특별시 양천구 신정동,경상사고,0,0,1,0,차대차 - 정면충돌,안전운전불이행,포장 - 건조,맑음,단일로 - 기타,자전거,여,60세,경상,승용,남,22세,상해없음
2017051300100345,2017년 5월 13일 14시,토요일,서울특별시 금천구 독산동,경상사고,0,0,1,0,차대차 - 정면충돌,안전운전불이행,포장 - 젖음/습기,비,교차로 - 교차로부근,자전거,남,43세,경상,화물,남,51세,상해없음
2017051300100346,2017년 5월 13일 14시,토요일,서울특별시 중랑구 면목동,부상신고사고,0,0,0,1,차대차 - 정면충돌,안전운전불이행,포장 - 건조,맑음,단일로 - 기타,자전거,여,59세,상해없음,자전거,남,39세,부상신고