사고번호,사고일시,요일,시군구,사고내용,사망자수,중상자수,경상자수,부상신고자수,사고유형,법규위반,노면상태,기상상태,도로형태,가해운전자 차종,가해운전자 성별,가해운전자 연령,가해운전자 상해정도,피해운전자 차종,피해운전자 성별,피해운전자 연령,피해운전자 상해정도
2017051300100347,2017년 5월 13일 14시,토요일,서울특별시 송파구 풍납동,경상사고,0,0,1,0,차대사람 - 횡단중,안전운전불이행,포장 - 건조,맑음,기타 - 기타,자전거,남,11세,상해없음,보행자,여,56세,경상
2017051300100456,2017년 5월 13일 17시,토요일,서울특별시 강동구 길동,경상사고,0,0,1,0,차대사람 - 보도통행중,기타,포장 - 건조,맑음,단일로 - 기타,자전거,남,14세,상해없음,보행자,여,65세,경상
2017051400100062,2017년 5월 14일 04시,일요일,서울특별시 도봉구 쌍문동,부상신고사고,0,0,0,1,차대차 - 측면충돌,안전운전불이행,포장 - 건조,맑음,교차로 - 교차로안,자전거,남,15세,부상신고,이륜,남,18세,상해없음
2017051400100142,2017년 5월 14일 10시,일요일,서울특별시 강동구 성내동,경상사고,0,0,2,0,차대사람 - 횡단중,안전운전불이행,포장 - 건조,맑음,교차로 - 교차로부근,자전거,남,62세,경상,보행자,여,30세,경상
2017051400100194,2017년 5월 14일 12시,일요일,서울특별시 도봉구 도봉동,중상사고,0,1,0,0,차대차 - 측면충돌,중앙선침범,포장 - 건조,맑음,교차로 - 교차로부근,자전거,남,71세,중상,자전거,남,62세,상해없음
2017051400100222,2017년 5월 14일 13시,일요일,서울특별시 송파구 문정동,중상사고,0,1,0,0,차대사람 - 횡단중,보행자보호의무위반,포장 - 건조,맑음,교차로 - 교차로안,자전거,남,69세,상해없음,보행자,여,55세,중상
2017051400100243,2017년 5월 14일 14시,일요일,서울특별시 영등포구 양평동,부상신고사고,0,0,0,1,차대차 - 정면충돌,안전운전불이행,포장 - 건조,맑음,기타 - 기타,자전거,남,22세,부상신고,자전거,남,61세,상해없음
2017051400100245,2017년 5월 14일 14시,일요일,서울특별시 송파구 신천동,경상사고,0,0,1,0,차대차 - 정면충돌,안전운전불이행,포장 - 건조,맑음,기타 - 기타,자전거,남,61세,상해없음,자전거,남,7세,경상
2017051400100265,2017년 5월 14일 15시,일요일,서울특별시 영등포구 여의도동,부상신고사고,0,0,0,3,차대차 - 정면충돌,안전운전불이행,포장 - 건조,맑음,단일로 - 기타,자전거,남,31세,부상신고,자전거,여,14세,부상신고
2017051400100303,2017년 5월 14일 16시,일요일,서울특별시 영등포구 영등포동4가,부상신고사고,0,0,0,1,차대차 - 측면충돌,신호위반,포장 - 건조,맑음,교차로 - 교차로안,자전거,남,61세,부상신고,승용,남,29세,상해없음
2017051500100070,2017년 5월 15일 06시,월요일,서울특별시 강동구 천호동,중상사고,0,1,0,0,차대차 - 정면충돌,안전운전불이행,포장 - 건조,맑음,교차로 - 교차로횡단보도내,자전거,남,23세,상해없음,자전거,남,57세,중상
2017051500100082,2017년 5월 15일 07시,월요일,서울특별시 영등포구 신길동,경상사고,0,0,1,0,차대차 - 기타,안전운전불이행,포장 - 건조,맑음,교차로 - 교차로안,자전거,남,13세,경상,승용,남,56세,상해없음
2017051500100254,2017년 5월 15일 12시,월요일,서울특별시 관악구 신림동,경상사고,0,0,1,1,차대차 - 정면충돌,안전운전불이행,포장 - 건조,맑음,단일로 - 기타,자전거,남,12세,부상신고,자전거,남,31세,경상
2017051500100285,2017년 5월 15일 13시,월요일,서울특별시 중랑구 망우동,경상사고,0,0,1,0,차대차 - 측면충돌,직진우회전진행방해,포장 - 건조,맑음,교차로 - 교차로안,자전거,남,13세,경상,승용,남,27세,상해없음
2017051500100393,2017년 5월 15일 16시,월요일,서울특별시 영등포구 당산동,중상사고,0,1,0,0,차대차 - 정면충돌,안전운전불이행,포장 - 건조,맑음,단일로 - 기타,자전거,남,35세,상해없음,자전거,남,69세,중상
2017051500100398,2017년 5월 15일 16시,월요일,서울특별시 도봉구 창동,부상신고사고,0,0,0,1,차대차 - 측면충돌,안전운전불이행,포장 - 건조,맑음,교차로 - 교차로안,자전거,남,72세,부상신고,승용,여,47세,상해없음
2017051600100119,2017년 5월 16일 08시,화요일,서울특별시 광진구 구의동,중상사고,0,1,2,0,차대차 - 측면충돌,중앙선침범,포장 - 건조,맑음,단일로 - 기타,자전거,여,11세,경상,승용,남,61세,상해없음
2017051600100123,2017년 5월 16일 08시,화요일,서울특별시 강남구 신사동,중상사고,0,1,0,0,차대사람 - 횡단중,신호위반,포장 - 건조,맑음,교차로 - 교차로횡단보도내,자전거,남,43세,상해없음,보행자,여,43세,중상
2017051600100124,2017년 5월 16일 08시,화요일,서울특별시 송파구 방이동,중상사고,0,1,0,0,차대사람 - 횡단중,안전운전불이행,포장 - 건조,맑음,단일로 - 기타,자전거,남,15세,기타불명,보행자,남,80세,중상
2017051600100227,2017년 5월 16일 11시,화요일,서울특별시 중랑구 면목동,부상신고사고,0,0,0,1,차대차 - 측면충돌,안전운전불이행,포장 - 건조,맑음,교차로 - 교차로부근,자전거,남,75세,부상신고,승용,남,41세,상해없음
2017051600100278,2017년 5월 16일 13시,화요일,서울특별시 용산구 후암동,경상사고,0,0,2,0,차대차 - 측면충돌,기타,포장 - 건조,맑음,단일로 - 기타,자전거,남,56세,경상,이륜,남,41세,경상
2017051600100309,2017년 5월 16일 14시,화요일,서울특별시 강동구 성내동,경상사고,0,0,1,0,차대사람 - 기타,안전운전불이행,포장 - 건조,맑음,교차로 - 교차로부근,자전거,남,70세,기타불명,보행자,남,8세,경상
2017051600100343,2017년 5월 16일 15시,화요일,서울특별시 노원구 상계동,경상사고,0,0,1,0,차대차 - 측면충돌,신호위반,포장 - 건조,맑음,교차로 - 교차로부근,자전거,남,60세,경상,승용,남,40세,상해없음
2017051600100445,2017년 5월 16일 18시,화요일,서울특별시 종로구 세종로,부상신고사고,0,0,0,1,차대차 - 측면충돌,신호위반,포장 - 건조,맑음,교차로 - 교차로안,자전거,남,94세,부상신고,이륜,남,47세,상해없음
2017051600100447,2017년 5월 16일 18시,화요일,서울특별시 중랑구 면목동,부상신고사고,0,0,0,1,차대차 - 측면충돌,안전운전불이행,포장 - 건조,맑음,교차로 - 교차로횡단보도내,자전거,남,35세,부상신고,화물,남,57세,상해없음
2017051600100520,2017년 5월 16일 20시,화요일,서울특별시 관악구 신림동,부상신고사고,0,0,0,1,차대차 - 정면충돌,안전운전불이행,포장 - 건조,맑음,단일로 - 기타,자전거,남,17세,부상신고,승용,남,35세,상해없음
2017051600100540,2017년 5월 16일 21시,화요일,서울특별시 동작구 동작동,중상사고,0,2,0,0,차대차 - 측면충돌,안전운전불이행,포장 - 건조,맑음,단일로 - 기타,자전거,남,29세,중상,자전거,여,26세,중상
2017051600100566,2017년 5월 16일 22시,화요일,서울특별시 동작구 노량진동,중상사고,0,1,0,1,차대차 - 기타,중앙선침범,포장 - 건조,맑음,교차로 - 교차로부근,자전거,남,16세,부상신고,이륜,남,16세,중상
2017051700100063,2017년 5월 17일 06시,수요일,서울특별시 양천구 신월동,경상사고,0,0,1,0,차대차 - 기타,기타,포장 - 건조,맑음,기타 - 기타,자전거,남,19세,경상,승용,여,30세,상해없음
2017051700100075,2017년 5월 17일 07시,수요일,서울특별시 마포구 합정동,중상사고,0,1,0,0,차대차 - 기타,안전운전불이행,포장 - 건조,맑음,기타 - 기타,자전거,여,69세,상해없음,자전거,남,55세,중상
2017051700100159,2017년 5월 17일 09시,수요일,서울특별시 강북구 번동,경상사고,0,0,1,0,차대차 - 측면충돌,안전운전불이행,포장 - 건조,맑음,교차로 - 교차로안,자전거,남,68세,경상,승용,남,53세,상해없음
2017051700100309,2017년 5월 17일 14시,수요일,서울특별시 송파구 방이동,경상사고,0,0,1,0,차대차 - 기타,안전운전불이행,포장 - 건조,맑음,단일로 - 기타,자전거,여,12세,기타불명,자전거,여,12세,기타불명
2017051700100329,2017년 5월 17일 15시,수요일,서울특별시 서대문구 연희동,부상신고사고,0,0,0,1,차대차 - 측면충돌,중앙선침범,포장 - 건조,맑음,단일로 - 기타,자전거,남,23세,부상신고,승용,여,46세,상해없음
2017051700100331,2017년 5월 17일 15시,수요일,서울특별시 영등포구 영등포동5가,부상신고사고,0,0,0,1,차대차 - 정면충돌,안전운전불이행,포장 - 건조,맑음,단일로 - 기타,자전거,남,83세,부상신고,승용,여,25세,상해없음
2017051700100503,2017년 5월 17일 19시,수요일,서울특별시 양천구 신정동,경상사고,0,0,1,0,차대차 - 기타,안전운전불이행,포장 - 건조,맑음,단일로 - 기타,자전거,여,65세,경상,승용,남,41세,상해없음
2017051700100565,2017년 5월 17일 21시,수요일,서울특별시 성북구 종암동,부상신고사고,0,0,0,1,차대차 - 추돌,안전운전불이행,포장 - 건조,맑음,단일로 - 기타,자전거,남,54세,부상신고,승용,남,38세,상해없음
2017051800100195,2017년 5월 18일 10시,목요일,서울특별시 광진구 화양동,부상신고사고,0,0,0,1,차대차 - 정면충돌,안전운전불이행,포장 - 건조,맑음,교차로 - 교차로부근,자전거,여,57세,부상신고,자전거,여,19세,상해없음
2017051800100310,2017년 5월 18일 14시,목요일,서울특별시 강서구 화곡동,부상신고사고,0,0,0,1,차대차 - 측면충돌,안전운전불이행,포장 - 건조,맑음,단일로 - 기타,자전거,여,40세,부상신고,건설기계,남,43세,상해없음
2017051800100314,2017년 5월 18일 14시,목요일,서울특별시 서초구 방배동,중상사고,0,1,0,0,차대차 - 측면충돌,중앙선침범,포장 - 건조,맑음,교차로 - 교차로안,자전거,남,26세,중상,승용,남,41세,상해없음
2017051800100382,2017년 5월 18일 16시,목요일,서울특별시 도봉구 도봉동,부상신고사고,0,0,0,1,차대차 - 측면충돌,안전운전불이행,포장 - 건조,맑음,단일로 - 기타,자전거,남,17세,부상신고,승용,남,35세,상해없음
2017051800100542,2017년 5월 18일 20시,목요일,서울특별시 구로구 구로동,경상사고,0,0,1,0,차대차 - 측면충돌,중앙선침범,포장 - 건조,맑음,교차로 - 교차로안,자전거,여,54세,경상,승합,남,51세,상해없음
2017051900100035,2017년 5월 19일 01시,금요일,서울특별시 종로구 창신동,부상신고사고,0,0,0,1,차대차 - 정면충돌,안전운전불이행,포장 - 건조,맑음,단일로 - 기타,자전거,남,62세,부상신고,승용,남,28세,상해없음
2017051900100121,2017년 5월 19일 08시,금요일,서울특별시 용산구 보광동,중상사고,0,1,0,0,차대사람 - 기타,안전운전불이행,포장 - 건조,맑음,기타 - 기타,자전거,남,41세,상해없음,보행자,여,83세,중상
2017051900100126,2017년 5월 19일 08시,금요일,서울특별시 강동구 암사동,경상사고,0,0,1,0,차대차 - 기타,안전운전불이행,포장 - 건조,맑음,교차로 - 교차로안,자전거,남,33세,경상,승용,남,61세,상해없음
2017051900100178,2017년 5월 19일 09시,금요일,서울특별시 마포구 신수동,중상사고,0,1,0,0,차대차 - 기타,직진우회전진행방해,포장 - 건조,맑음,교차로 - 교차로부근,자전거,여,63세,중상,승합,남,75세,상해없음
2017051900100182,2017년 5월 19일 09시,금요일,서울특별시 노원구 상계동,경상사고,0,0,1,0,차대차 - 측면충돌,안전운전불이행,포장 - 건조,맑음,단일로 - 기타,자전거,남,64세,상해없음,자전거,남,50세,경상
2017051900100258,2017년 5월 19일 11시,금요일,서울특별시 마포구 망원동,중상사고,0,1,0,0,차대차 - 정면충돌,중앙선침범,포장 - 건조,맑음,단일로 - 기타,자전거,남,68세,상해없음,이륜,남,46세,중상
2017051900100326,2017년 5월 19일 13시,금요일,서울특별시 송파구 잠실동,부상신고사고,0,0,0,1,차대차 - 측면충돌,안전운전불이행,포장 - 건조,맑음,교차로 - 교차로안,자전거,남,74세,부상신고,승용,남,67세,상해없음
2017051900100393,2017년 5월 19일 15시,금요일,서울특별시 중랑구 면목동,경상사고,0,0,1,0,차대차 - 정면충돌,안전운전불이행,포장 - 건조,맑음,교차로 - 교차로안,자전거,남,16세,경상,승합,남,26세,상해없음
2017051900100444,2017년 5월 19일 16시,금요일,서울특별시 중랑구 면목동,부상신고사고,0,0,0,1,차대차 - 측면충돌,안전거리미확보,포장 - 건조,맑음,단일로 - 기타,자전거,여,49세,부상신고,화물,남,69세,상해없음
2017051900100567,2017년 5월 19일 19시,금요일,서울특별시 도봉구 방학동,경상사고,0,0,1,0,차대사람 - 보도통행중,기타,포장 - 건조,맑음,교차로 - 교차로부근,자전거,남,12세,상해없음,보행자,여,66세,경상
2017051900100613,2017년 5월 19일 20시,금요일,서울특별시 노원구 상계동,중상사고,0,1,0,0,차대차 - 추돌,안전운전불이행,포장 - 건조,맑음,단일로 - 기타,자전거,남,11세,중상,승용,여,57세,상해없음
2017051900100648,2017년 5월 19일 21시,금요일,서울특별시 영등포구 문래동2가,경상사고,0,0,1,0,차대차 - 측면충돌,안전운전불이행,포장 - 건조,맑음,단일로 - 기타,자전거,남,38세,경상,승용,여,51세,상해없음
2017052000100101,2017년 5월 20일 05시,토요일,서울특별시 영등포구 신길동,경상사고,0,0,1,0,차대차 - 정면충돌,안전운전불이행,포장 - 건조,맑음,교차로 - 교차로부근,자전거,남,72세,경상,승용,남,55세,상해없음
2017052000100222,2017년 5월 20일 11시,토요일,서울특별시 강서구 방화동,부상신고사고,0,0,0,1,차대차 - 측면충돌,불법유턴,포장 - 건조,맑음,교차로 - 교차로횡단보도내,자전거,남,12세,부상신고,승용,남,61세,상해없음
2017052000100250,2017년 5월 20일 12시,토요일,서울특별시 송파구 풍납동,부상신고사고,0,0,0,1,차대차 - 정면충돌,안전운전불이행,포장 - 건조,맑음,교차로 - 교차로안,자전거,남,62세,부상신고,자전거,여,61세,상해없음
2017052000100286,2017년 5월 20일 13시,토요일,서울특별시 양천구 목동,경상사고,0,0,1,0,차대사람 - 차도통행중,안전운전불이행,포장 - 건조,맑음,기타 - 기타,자전거,남,38세,상해없음,보행자,남,4세,경상
2017052000100322,2017년 5월 20일 14시,토요일,서울특별시 마포구 토정동,중상사고,0,1,0,0,차대차 - 기타,안전운전불이행,포장 - 건조,맑음,단일로 - 기타,자전거,남,58세,상해없음,자전거,남,49세,중상
2017052000100401,2017년 5월 20일 16시,토요일,서울특별시 송파구 송파동,경상사고,0,0,1,0,차대차 - 정면충돌,안전운전불이행,포장 - 건조,맑음,기타 - 기타,자전거,남,27세,상해없음,자전거,남,8세,경상
2017052000100430,2017년 5월 20일 17시,토요일,서울특별시 구로구 가리봉동,경상사고,0,0,1,0,차대차 - 기타,안전운전불이행,포장 - 건조,맑음,교차로 - 교차로안,자전거,여,61세,경상,승용,남,31세,상해없음
2017052000100514,2017년 5월 20일 19시,토요일,서울특별시 송파구 오금동,부상신고사고,0,0,0,1,차대사람 - 횡단중,안전운전불이행,포장 - 건조,맑음,단일로 - 기타,자전거,남,37세,상해없음,보행자,남,5세,부상신고
2017052100100209,2017년 5월 21일 12시,일요일,서울특별시 영등포구 당산동1가,중상사고,0,1,0,0,차대차 - 추돌,안전운전불이행,포장 - 건조,맑음,단일로 - 기타,자전거,남,50세,기타불명,자전거,여,58세,중상
2017052100100311,2017년 5월 21일 15시,일요일,서울특별시 용산구 이촌동,중상사고,0,1,0,0,차대차 - 정면충돌,안전운전불이행,포장 - 건조,맑음,기타 - 기타,자전거,남,12세,상해없음,자전거,여,43세,중상
2017052100100314,2017년 5월 21일 15시,일요일,서울특별시 중랑구 면목동,부상신고사고,0,0,0,1,차대차 - 기타,불법유턴,포장 - 건조,맑음,단일로 - 기타,자전거,남,74세,부상신고,승용,남,56세,상해없음
2017052100100399,2017년 5월 21일 18시,일요일,서울특별시 용산구 이촌동,중상사고,0,1,1,0,차대차 - 정면충돌,안전운전불이행,포장 - 건조,맑음,단일로 - 기타,자전거,여,31세,중상,자전거,여,45세,경상
2017052100100404,2017년 5월 21일 18시,일요일,서울특별시 송파구 풍납동,부상신고사고,0,0,0,1,차대차 - 정면충돌,신호위반,포장 - 건조,맑음,단일로 - 기타,자전거,남,48세,부상신고,승용,남,51세,상해없음
2017052100100431,2017년 5월 21일 19시,일요일,서울특별시 동대문구 전농동,부상신고사고,0,0,0,1,차대차 - 기타,안전운전불이행,포장 - 건조,맑음,교차로 - 교차로부근,자전거,남,9세,부상신고,승용,여,41세,상해없음
2017052100100456,2017년 5월 21일 20시,일요일,서울특별시 노원구 공릉동,경상사고,0,0,1,0,차대사람 - 차도통행중,안전운전불이행,포장 - 건조,맑음,단일로 - 기타,자전거,남,34세,상해없음,보행자,남,71세,경상
2017052200100128,2017년 5월 22일 08시,월요일,서울특별시 송파구 문정동,경상사고,0,0,1,0,차대차 - 정면충돌,안전운전불이행,포장 - 건조,맑음,교차로 - 교차로부근,자전거,남,10세,경상,승용,남,44세,상해없음
2017052200100129,2017년 5월 22일 08시,월요일,서울특별시 구로구 구로동,부상신고사고,0,0,0,1,차대차 - 기타,안전운전불이행,포장 - 건조,맑음,단일로 - 기타,자전거,남,13세,상해없음,자전거,남,14세,상해없음
2017052200100131,2017년 5월 22일 08시,월요일,서울특별시 구로구 개봉동,중상사고,0,1,1,0,차대차 - 정면충돌,안전운전불이행,포장 - 건조,맑음,기타 - 기타,자전거,여,15세,중상,자전거,남,56세,경상
2017052200100174,2017년 5월 22일 09시,월요일,서울특별시 중랑구 묵동,중상사고,0,1,0,0,차대차 - 기타,안전거리미확보,포장 - 건조,맑음,교차로 - 교차로부근,자전거,남,63세,중상,승용,남,46세,상해없음
2017052200100361,2017년 5월 22일 15시,월요일,서울특별시 동대문구 장안동,경상사고,0,0,1,0,차대차 - 기타,안전운전불이행,포장 - 건조,맑음,단일로 - 기타,자전거,여,13세,경상,승용,남,62세,상해없음
2017052200100442,2017년 5월 22일 17시,월요일,서울특별시 은평구 갈현동,경상사고,0,0,1,0,차대사람 - 기타,중앙선침범,포장 - 건조,맑음,단일로 - 기타,자전거,남,64세,상해없음,보행자,남,53세,경상
2017052200100532,2017년 5월 22일 19시,월요일,서울특별시 영등포구 당산동,부상신고사고,0,0,0,1,차대차 - 정면충돌,안전운전불이행,포장 - 건조,맑음,기타 - 기타,자전거,남,65세,상해없음,자전거,여,50세,부상신고
2017052200100536,2017년 5월 22일 19시,월요일,서울특별시 노원구 중계동,부상신고사고,0,0,0,1,차대차 - 기타,안전운전불이행,포장 - 건조,맑음,교차로 - 교차로안,자전거,남,13세,부상신고,승합,남,64세,상해없음
2017052300100257,2017년 5월 23일 12시,화요일,서울특별시 용산구 용산동2가,중상사고,0,1,0,0,차대사람 - 기타,안전운전불이행,포장 - 건조,맑음,단일로 - 기타,자전거,남,32세,상해없음,보행자,여,61세,중상
2017052300100284,2017년 5월 23일 13시,화요일,서울특별시 성동구 성수동1가,중상사고,0,1,0,0,차대차 - 기타,안전운전불이행,포장 - 건조,맑음,기타 - 기타,자전거,남,12세,상해없음,자전거,남,70세,중상
2017052400100085,2017년 5월 24일 05시,수요일,서울특별시 강서구 화곡동,부상신고사고,0,0,0,1,차대차 - 기타,안전운전불이행,포장 - 건조,맑음,교차로 - 교차로안,자전거,남,67세,부상신고,승용,남,57세,상해없음
2017052400100105,2017년 5월 24일 07시,수요일,서울특별시 동작구 노량진동,부상신고사고,0,0,0,1,차대차 - 측면충돌,안전거리미확보,포장 - 건조,맑음,단일로 - 기타,자전거,남,24세,부상신고,승용,남,60세,상해없음
2017052400100108,2017년 5월 24일 07시,수요일,서울특별시 강남구 대치동,경상사고,0,0,1,0,차대차 - 기타,안전운전불이행,포장 - 건조,맑음,단일로 - 기타,자전거,남,55세,경상,승용,남,52세,상해없음
2017052400100292,2017년 5월 24일 13시,수요일,서울특별시 성동구 사근동,중상사고,0,1,0,0,차대차 - 기타,안전거리미확보,포장 - 건조,맑음,기타 - 기타,자전거,남,61세,상해없음,자전거,여,48세,중상
2017052400100474,2017년 5월 24일 18시,수요일,서울특별시 강동구 명일동,경상사고,0,0,1,0,차대차 - 기타,안전운전불이행,포장 - 건조,맑음,단일로 - 기타,자전거,남,77세,경상,승합,남,45세,상해없음
2017052400100510,2017년 5월 24일 19시,수요일,서울특별시 서대문구 북아현동,중상사고,0,1,0,0,차대사람 - 보도통행중,기타,포장 - 건조,맑음,기타 - 기타,자전거,남,12세,상해없음,보행자,남,35세,중상
2017052400100583,2017년 5월 24일 21시,수요일,서울특별시 강서구 가양동,경상사고,0,0,1,1,차대차 - 측면충돌,안전거리미확보,포장 - 건조,맑음,교차로 - 교차로안,자전거,남,35세,부상신고,자전거,남,22세,경상
2017052500100065,2017년 5월 25일 04시,목요일,서울특별시 용산구 주성동,중상사고,0,1,0,0,차대차 - 정면충돌,안전운전불이행,포장 - 건조,맑음,단일로 - 기타,자전거,남,21세,기타불명,자전거,남,34세,중상
2017052500100173,2017년 5월 25일 09시,목요일,서울특별시 노원구 상계동,중상사고,0,1,0,0,차대차 - 측면충돌,안전운전불이행,포장 - 건조,맑음,교차로 - 교차로횡단보도내,자전거,여,53세,중상,승용,여,49세,상해없음
2017052500100200,2017년 5월 25일 10시,목요일,서울특별시 은평구 응암동,경상사고,0,0,1,0,차대차 - 측면충돌,안전운전불이행,포장 - 건조,맑음,교차로 - 교차로횡단보도내,자전거,남,19세,경상,승합,남,58세,상해없음
2017052500100386,2017년 5월 25일 16시,목요일,서울특별시 마포구 상암동,경상사고,0,0,1,0,차대차 - 측면충돌,안전운전불이행,포장 - 건조,맑음,교차로 - 교차로안,자전거,남,52세,경상,승용,남,52세,상해없음
2017052600100110,2017년 5월 26일 07시,금요일,서울특별시 강남구 대치동,경상사고,0,0,1,1,차대차 - 정면충돌,안전운전불이행,포장 - 건조,맑음,교차로 - 교차로안,자전거,여,54세,경상,자전거,남,53세,부상신고
2017052600100138,2017년 5월 26일 08시,금요일,서울특별시 구로구 개봉동,부상신고사고,0,0,0,1,차대차 - 측면충돌,안전운전불이행,포장 - 건조,맑음,교차로 - 교차로안,자전거,남,15세,부상신고,화물,남,48세,상해없음
2017052600100198,2017년 5월 26일 09시,금요일,서울특별시 강서구 염창동,중상사고,0,2,0,0,차대차 - 기타,안전운전불이행,포장 - 건조,맑음,단일로 - 기타,자전거,남,61세,중상,자전거,남,44세,중상
2017052600100200,2017년 5월 26일 09시,금요일,서울특별시 노원구 공릉동,중상사고,0,1,0,0,차대차 - 측면충돌,안전운전불이행,포장 - 건조,맑음,단일로 - 기타,자전거,남,37세,중상,승용,여,36세,상해없음
2017052600100394,2017년 5월 26일 15시,금요일,서울특별시 중랑구 면목동,부상신고사고,0,0,0,1,차대차 - 정면충돌,안전운전불이행,포장 - 건조,맑음,기타 - 기타,자전거,남,81세,부상신고,화물,남,34세,기타불명
2017052600100475,2017년 5월 26일 17시,금요일,서울특별시 중구 신당동,경상사고,0,0,1,0,차대사람 - 기타,안전운전불이행,포장 - 건조,맑음,교차로 - 교차로부근,자전거,남,79세,기타불명,보행자,여,36세,경상
2017052600100511,2017년 5월 26일 18시,금요일,서울특별시 성북구 보문동2가,경상사고,0,0,1,0,차대사람 - 보도통행중,기타,포장 - 건조,맑음,단일로 - 기타,자전거,남,29세,상해없음,보행자,여,81세,경상
2017052600100516,2017년 5월 26일 18시,금요일,서울특별시 중랑구 면목동,중상사고,0,1,0,0,차대차 - 기타,안전운전불이행,포장 - 건조,맑음,단일로 - 기타,자전거,남,64세,중상,승용,남,51세,상해없음
2017052600100612,2017년 5월 26일 20시,금요일,서울특별시 송파구 오금동,경상사고,0,0,1,0,차대차 - 측면충돌,불법유턴,포장 - 건조,맑음,교차로 - 교차로횡단보도내,자전거,남,16세,경상,승용,남,49세,상해없음
2017052700100117,2017년 5월 27일 06시,토요일,서울특별시 송파구 오금동,경상사고,0,0,1,1,차대차 - 측면충돌,안전운전불이행,포장 - 건조,맑음,단일로 - 기타,자전거,남,64세,부상신고,자전거,남,71세,경상
2017052700100283,2017년 5월 27일 12시,토요일,서울특별시 양천구 목동,중상사고,0,1,0,0,차대사람 - 차도통행중,안전운전불이행,포장 - 건조,맑음,기타 - 기타,자전거,남,18세,상해없음,보행자,여,60세,중상
2017052700100323,2017년 5월 27일 13시,토요일,서울특별시 송파구 풍납동,중상사고,0,1,0,0,차대차 - 정면충돌,안전운전불이행,포장 - 건조,맑음,교차로 - 교차로부근,자전거,남,13세,상해없음,자전거,남,30세,중상
2017052700100354,2017년 5월 27일 14시,토요일,서울특별시 중구 충무로3가,부상신고사고,0,0,0,1,차대차 - 측면충돌,안전거리미확보,포장 - 건조,맑음,단일로 - 기타,자전거,남,28세,부상신고,승용,남,57세,상해없음
2017052700100356,2017년 5월 27일 14시,토요일,서울특별시 관악구 신림동,중상사고,0,1,0,0,차대사람 - 횡단중,안전운전불이행,포장 - 건조,맑음,단일로 - 기타,자전거,남,11세,상해없음,보행자,남,74세,중상
2017052700100440,2017년 5월 27일 16시,토요일,서울특별시 영등포구 당산동,경상사고,0,0,1,0,차대사람 - 기타,안전운전불이행,포장 - 건조,맑음,기타 - 기타,자전거,남,14세,상해없음,보행자,여,55세,경상
2017052700100443,2017년 5월 27일 16시,토요일,서울특별시 강남구 압구정동,중상사고,0,1,0,0,차대사람 - 기타,안전운전불이행,포장 - 건조,맑음,단일로 - 기타,자전거,여,33세,상해없음,보행자,여,29세,중상
2017052700100540,2017년 5월 27일 18시,토요일,서울특별시 성북구 돈암동,경상사고,0,0,1,0,차대차 - 정면충돌,안전거리미확보,포장 - 건조,맑음,단일로 - 기타,자전거,남,12세,경상,승용,남,50세,상해없음
2017052700100579,2017년 5월 27일 19시,토요일,서울특별시 성북구 하월곡동,경상사고,0,0,1,0,차대사람 - 횡단중,신호위반,포장 - 건조,맑음,단일로 - 기타,자전거,남,15세,상해없음,보행자,남,60세,경상
2017052800100217,2017년 5월 28일 13시,일요일,서울특별시 동대문구 전농동,경상사고,0,0,1,0,차대차 - 정면충돌,안전운전불이행,포장 - 건조,맑음,단일로 - 기타,자전거,남,89세,경상,승용,남,39세,상해없음
2017052800100285,2017년 5월 28일 15시,일요일,서울특별시 영등포구 당산동,중상사고,0,2,0,0,차대차 - 정면충돌,안전운전불이행,포장 - 건조,맑음,단일로 - 기타,자전거,남,22세,상해없음,자전거,남,16세,중상
2017052800100287,2017년 5월 28일 15시,일요일,서울특별시 영등포구 양화동,경상사고,0,0,1,0,차대차 - 정면충돌,안전운전불이행,포장 - 건조,맑음,단일로 - 기타,자전거,남,17세,경상,자전거,남,13세,상해없음
2017052800100342,2017년 5월 28일 17시,일요일,서울특별시 영등포구 여의도동,부상신고사고,0,0,0,1,차대차 - 정면충돌,안전운전불이행,포장 - 건조,맑음,단일로 - 기타,자전거,남,6세,상해없음,자전거,남,40세,부상신고
2017052800100413,2017년 5월 28일 19시,일요일,서울특별시 강동구 천호동,경상사고,0,0,1,0,차대사람 - 기타,안전운전불이행,포장 - 건조,맑음,단일로 - 기타,자전거,여,25세,경상,보행자,여,16세,상해없음
2017052800100439,2017년 5월 28일 20시,일요일,서울특별시 은평구 녹번동,경상사고,0,0,1,0,차대차 - 측면충돌,불법유턴,포장 - 건조,맑음,단일로 - 기타,자전거,남,52세,경상,승합,남,61세,상해없음
2017052800100516,2017년 5월 28일 23시,일요일,서울특별시 중랑구 면목동,경상사고,0,0,1,0,차대사람 - 보도통행중,기타,포장 - 건조,맑음,기타 - 기타,자전거,남,53세,상해없음,보행자,여,57세,경상
2017052900100189,2017년 5월 29일 10시,월요일,서울특별시 동대문구 장안동,경상사고,0,0,1,0,차대차 - 측면충돌,기타,포장 - 건조,맑음,단일로 - 기타,자전거,남,54세,경상,화물,남,21세,상해없음
2017052900100252,2017년 5월 29일 12시,월요일,서울특별시 용산구 한강로1가,경상사고,0,0,1,0,차대차 - 기타,안전운전불이행,포장 - 건조,맑음,교차로 - 교차로부근,자전거,남,39세,상해없음,이륜,남,37세,경상