사고번호,사고일시,요일,시군구,사고내용,사망자수,중상자수,경상자수,부상신고자수,사고유형,법규위반,노면상태,기상상태,도로형태,가해운전자 차종,가해운전자 성별,가해운전자 연령,가해운전자 상해정도,피해운전자 차종,피해운전자 성별,피해운전자 연령,피해운전자 상해정도
2017072500100597,2017년 7월 25일 22시,화요일,서울특별시 마포구 망원동,경상사고,0,0,1,0,차대사람 - 기타,기타,포장 - 건조,맑음,기타 - 기타,자전거,여,54세,상해없음,보행자,여,44세,경상
2017072600100096,2017년 7월 26일 07시,수요일,서울특별시 동대문구 장안동,중상사고,0,1,0,0,차대차 - 측면충돌,안전운전불이행,포장 - 건조,맑음,교차로 - 교차로안,자전거,남,54세,중상,승용,여,47세,상해없음
2017072600100100,2017년 7월 26일 07시,수요일,서울특별시 서초구 양재동,경상사고,0,0,1,0,차대차 - 기타,안전운전불이행,포장 - 건조,맑음,교차로 - 교차로부근,자전거,남,74세,경상,승용,남,53세,상해없음
2017072600100161,2017년 7월 26일 09시,수요일,서울특별시 송파구 잠실동,부상신고사고,0,0,0,1,차대차 - 정면충돌,중앙선침범,포장 - 건조,맑음,단일로 - 기타,자전거,남,74세,부상신고,승용,여,40세,상해없음
2017072600100194,2017년 7월 26일 10시,수요일,서울특별시 중랑구 망우동,부상신고사고,0,0,0,1,차대차 - 정면충돌,직진우회전진행방해,포장 - 건조,맑음,교차로 - 교차로안,자전거,남,12세,부상신고,승용,여,59세,상해없음
2017072600100295,2017년 7월 26일 13시,수요일,서울특별시 강남구 대치동,부상신고사고,0,0,0,1,차대차 - 측면충돌,안전운전불이행,포장 - 건조,맑음,교차로 - 교차로안,자전거,남,10세,부상신고,이륜,남,23세,상해없음
2017072600100360,2017년 7월 26일 15시,수요일,서울특별시 서초구 양재동,경상사고,0,0,1,0,차대사람 - 차도통행중,안전운전불이행,포장 - 건조,맑음,단일로 - 기타,자전거,남,13세,상해없음,보행자,여,23세,경상
2017072700100087,2017년 7월 27일 06시,목요일,서울특별시 도봉구 도봉동,중상사고,0,1,0,0,차대차 - 정면충돌,안전운전불이행,포장 - 건조,맑음,단일로 - 기타,자전거,남,52세,상해없음,자전거,남,74세,중상
2017072700100107,2017년 7월 27일 07시,목요일,서울특별시 동작구 대방동,중상사고,0,1,0,0,차대차 - 측면충돌,기타,포장 - 건조,맑음,교차로 - 교차로안,자전거,남,66세,중상,승용,남,62세,상해없음
2017072700100254,2017년 7월 27일 12시,목요일,서울특별시 광진구 구의동,중상사고,0,1,0,0,차대차 - 측면충돌,안전운전불이행,포장 - 건조,맑음,단일로 - 기타,자전거,남,68세,중상,승합,남,52세,상해없음
2017072700100284,2017년 7월 27일 13시,목요일,서울특별시 동대문구 장안동,경상사고,0,0,1,0,차대차 - 기타,안전운전불이행,포장 - 건조,흐림,기타 - 기타,자전거,남,17세,상해없음,자전거,남,75세,경상
2017072700100286,2017년 7월 27일 13시,목요일,서울특별시 송파구 잠실동,부상신고사고,0,0,0,1,차대차 - 측면충돌,불법유턴,포장 - 건조,맑음,교차로 - 교차로횡단보도내,자전거,남,19세,부상신고,승용,남,67세,상해없음
2017072700100321,2017년 7월 27일 14시,목요일,서울특별시 송파구 가락동,경상사고,0,0,1,0,차대차 - 정면충돌,안전운전불이행,포장 - 건조,맑음,기타 - 기타,자전거,남,60세,경상,승용,여,39세,상해없음
2017072700100348,2017년 7월 27일 15시,목요일,서울특별시 서대문구 홍제동,부상신고사고,0,0,0,1,차대차 - 기타,안전운전불이행,포장 - 건조,맑음,단일로 - 기타,자전거,남,16세,부상신고,승합,남,58세,상해없음
2017072700100352,2017년 7월 27일 15시,목요일,서울특별시 성북구 석관동,부상신고사고,0,0,0,1,차대차 - 측면충돌,직진우회전진행방해,포장 - 건조,맑음,교차로 - 교차로안,자전거,남,61세,부상신고,승용,여,46세,상해없음
2017072700100391,2017년 7월 27일 16시,목요일,서울특별시 광진구 화양동,부상신고사고,0,0,0,1,차대차 - 측면충돌,안전운전불이행,포장 - 건조,맑음,교차로 - 교차로안,자전거,여,52세,부상신고,승용,여,28세,상해없음
2017072700100434,2017년 7월 27일 17시,목요일,서울특별시 성북구 석관동,경상사고,0,0,1,0,차대사람 - 횡단중,안전운전불이행,포장 - 젖음/습기,흐림,단일로 - 기타,자전거,남,74세,상해없음,보행자,남,21세,경상
2017072700100481,2017년 7월 27일 18시,목요일,서울특별시 종로구 팔판동,부상신고사고,0,0,0,1,차대차 - 기타,불법유턴,포장 - 건조,흐림,단일로 - 기타,자전거,남,12세,부상신고,승용,여,70세,상해없음
2017072800100073,2017년 7월 28일 03시,금요일,서울특별시 강동구 길동,부상신고사고,0,0,0,1,차대차 - 기타,중앙선침범,포장 - 젖음/습기,흐림,교차로 - 교차로안,자전거,여,60세,부상신고,승용,남,58세,상해없음
2017072800100428,2017년 7월 28일 17시,금요일,서울특별시 서초구 잠원동,경상사고,0,0,1,1,차대사람 - 보도통행중,안전운전불이행,포장 - 건조,맑음,교차로 - 교차로부근,자전거,남,19세,부상신고,보행자,남,28세,경상
2017072800100429,2017년 7월 28일 17시,금요일,서울특별시 양천구 신정동,경상사고,0,0,1,0,차대차 - 측면충돌,기타,포장 - 건조,맑음,교차로 - 교차로안,자전거,여,56세,경상,승용,남,52세,상해없음
2017072800100513,2017년 7월 28일 19시,금요일,서울특별시 노원구 하계동,부상신고사고,0,0,0,1,차대차 - 기타,안전운전불이행,포장 - 건조,맑음,기타 - 기타,자전거,남,60세,부상신고,자전거,여,27세,상해없음
2017072800100655,2017년 7월 28일 23시,금요일,서울특별시 용산구 신창동,중상사고,0,1,0,0,차대차 - 측면충돌,직진우회전진행방해,포장 - 건조,맑음,기타 - 기타,자전거,남,25세,중상,승용,남,23세,상해없음
2017072900100160,2017년 7월 29일 08시,토요일,서울특별시 은평구 불광동,부상신고사고,0,0,0,1,차대차 - 측면충돌,안전운전불이행,포장 - 건조,맑음,교차로 - 교차로횡단보도내,자전거,남,74세,부상신고,승용,남,62세,상해없음
2017072900100180,2017년 7월 29일 09시,토요일,서울특별시 강동구 천호동,중상사고,0,2,0,0,차대차 - 측면충돌,안전운전불이행,포장 - 건조,맑음,단일로 - 기타,자전거,남,14세,중상,자전거,여,41세,중상
2017072900100260,2017년 7월 29일 12시,토요일,서울특별시 은평구 응암동,경상사고,0,0,1,0,차대차 - 기타,안전운전불이행,포장 - 건조,맑음,단일로 - 기타,자전거,남,15세,경상,승용,남,33세,상해없음
2017072900100302,2017년 7월 29일 13시,토요일,서울특별시 영등포구 도림동,경상사고,0,0,1,0,차대차 - 측면충돌,안전거리미확보,포장 - 건조,맑음,단일로 - 기타,자전거,남,54세,경상,승용,남,41세,상해없음
2017072900100335,2017년 7월 29일 14시,토요일,서울특별시 송파구 문정동,중상사고,0,1,0,0,차대차 - 정면충돌,안전운전불이행,포장 - 건조,맑음,기타 - 기타,자전거,남,12세,상해없음,자전거,남,37세,중상
2017073000100019,2017년 7월 30일 00시,일요일,서울특별시 종로구 부암동,부상신고사고,0,0,0,1,차대차 - 기타,안전거리미확보,포장 - 건조,맑음,단일로 - 기타,자전거,남,33세,부상신고,자전거,남,37세,상해없음
2017073000100093,2017년 7월 30일 06시,일요일,서울특별시 강동구 암사동,경상사고,0,0,1,0,차대차 - 정면충돌,안전운전불이행,포장 - 건조,맑음,단일로 - 기타,자전거,남,69세,상해없음,자전거,남,65세,경상
2017073000100144,2017년 7월 30일 10시,일요일,서울특별시 종로구 훈정동,경상사고,0,0,1,0,차대차 - 측면충돌,안전운전불이행,포장 - 건조,맑음,교차로 - 교차로안,자전거,남,29세,경상,승용,남,54세,상해없음
2017073000100165,2017년 7월 30일 11시,일요일,서울특별시 마포구 상암동,중상사고,0,1,0,0,차대차 - 기타,불법유턴,포장 - 건조,맑음,단일로 - 기타,자전거,남,14세,상해없음,자전거,여,67세,중상
2017073000100221,2017년 7월 30일 14시,일요일,서울특별시 구로구 구로동,중상사고,0,1,0,0,차대차 - 정면충돌,안전운전불이행,포장 - 건조,맑음,교차로 - 교차로부근,자전거,남,67세,중상,이륜,남,31세,상해없음
2017073000100246,2017년 7월 30일 15시,일요일,서울특별시 영등포구 대림동,부상신고사고,0,0,0,1,차대차 - 기타,기타,포장 - 건조,맑음,단일로 - 기타,자전거,남,53세,부상신고,승용,남,44세,상해없음
2017073000100272,2017년 7월 30일 16시,일요일,서울특별시 광진구 자양동,경상사고,0,0,1,0,차대차 - 정면충돌,안전운전불이행,포장 - 건조,맑음,단일로 - 기타,자전거,여,22세,상해없음,자전거,남,61세,경상
2017073100100040,2017년 7월 31일 02시,월요일,서울특별시 성동구 행당동,중상사고,0,1,0,0,차대사람 - 기타,안전운전불이행,포장 - 건조,맑음,교차로 - 교차로횡단보도내,자전거,기타불명,미분류,기타불명,보행자,여,17세,중상
2017073100100457,2017년 7월 31일 19시,월요일,서울특별시 성동구 상왕십리동,중상사고,0,1,0,0,차대사람 - 기타,안전운전불이행,포장 - 건조,맑음,기타 - 기타,자전거,남,46세,상해없음,보행자,여,37세,중상
2017080100100103,2017년 8월 1일 07시,화요일,서울특별시 광진구 중곡동,경상사고,0,0,1,0,차대차 - 측면충돌,신호위반,포장 - 젖음/습기,흐림,교차로 - 교차로안,자전거,여,78세,경상,이륜,남,36세,상해없음
2017080100100383,2017년 8월 1일 17시,화요일,서울특별시 영등포구 양평동3가,경상사고,0,0,1,0,차대차 - 정면충돌,신호위반,포장 - 건조,맑음,교차로 - 교차로안,자전거,남,59세,경상,승용,남,34세,상해없음
2017080100100385,2017년 8월 1일 17시,화요일,서울특별시 금천구 시흥동,경상사고,0,0,1,0,차대사람 - 기타,안전운전불이행,포장 - 건조,맑음,단일로 - 기타,자전거,여,18세,상해없음,보행자,여,68세,경상
2017080100100433,2017년 8월 1일 18시,화요일,서울특별시 광진구 자양동,경상사고,0,0,1,0,차대차 - 기타,안전운전불이행,포장 - 건조,맑음,단일로 - 기타,자전거,남,55세,경상,자전거,남,20세,상해없음
2017080200100075,2017년 8월 2일 06시,수요일,서울특별시 성동구 성수동2가,사망사고,1,0,0,0,차대차 - 측면충돌,중앙선침범,포장 - 기타,맑음,단일로 - 기타,자전거,남,72세,사망,승용,남,62세,상해없음
2017080200100381,2017년 8월 2일 17시,수요일,서울특별시 동대문구 제기동,중상사고,0,1,0,0,차대차 - 측면충돌,불법유턴,포장 - 건조,맑음,교차로 - 교차로횡단보도내,자전거,남,10세,중상,승용,여,33세,상해없음
2017080200100422,2017년 8월 2일 18시,수요일,서울특별시 강서구 화곡동,부상신고사고,0,0,0,1,차대차 - 측면충돌,직진우회전진행방해,포장 - 건조,맑음,교차로 - 교차로안,자전거,남,8세,부상신고,자전거,남,98세 이상,상해없음
2017080200100453,2017년 8월 2일 19시,수요일,서울특별시 영등포구 여의도동,중상사고,0,1,0,0,차대사람 - 횡단중,안전운전불이행,포장 - 건조,맑음,기타 - 기타,자전거,남,46세,상해없음,보행자,남,52세,중상
2017080300100374,2017년 8월 3일 15시,목요일,서울특별시 동대문구 장안동,경상사고,0,0,1,0,차대차 - 기타,직진우회전진행방해,포장 - 건조,맑음,교차로 - 교차로안,자전거,남,58세,경상,승용,남,61세,상해없음
2017080300100481,2017년 8월 3일 18시,목요일,서울특별시 송파구 삼전동,경상사고,0,0,1,0,차대차 - 측면충돌,안전운전불이행,포장 - 건조,맑음,기타 - 기타,자전거,남,14세,경상,승용,남,64세,상해없음
2017080300100600,2017년 8월 3일 22시,목요일,서울특별시 송파구 방이동,경상사고,0,0,2,0,차대차 - 정면충돌,교차로운행방법위반,포장 - 건조,맑음,교차로 - 교차로안,자전거,남,31세,경상,자전거,남,47세,경상
2017080400100124,2017년 8월 4일 08시,금요일,서울특별시 동대문구 답십리동,부상신고사고,0,0,0,1,차대차 - 측면충돌,중앙선침범,포장 - 건조,맑음,단일로 - 기타,자전거,남,38세,부상신고,승용,남,63세,상해없음
2017080400100303,2017년 8월 4일 13시,금요일,서울특별시 중랑구 면목동,경상사고,0,0,1,0,차대차 - 측면충돌,안전운전불이행,포장 - 건조,맑음,교차로 - 교차로안,자전거,여,60세,경상,승용,여,42세,상해없음
2017080400100497,2017년 8월 4일 18시,금요일,서울특별시 송파구 잠실동,중상사고,0,1,1,0,차대사람 - 길가장자리구역통행중,안전운전불이행,포장 - 건조,맑음,단일로 - 기타,자전거,남,53세,중상,보행자,여,54세,경상
2017080400100498,2017년 8월 4일 18시,금요일,서울특별시 강남구 개포동,중상사고,0,1,0,0,차량단독 - 공작물충돌,안전운전불이행,포장 - 건조,맑음,단일로 - 기타,자전거,남,76세,중상,,,,
2017080400100540,2017년 8월 4일 19시,금요일,서울특별시 영등포구 양화동,중상사고,0,1,0,0,차대차 - 추돌,안전운전불이행,포장 - 건조,맑음,단일로 - 기타,자전거,여,60세,중상,자전거,남,50세,상해없음
2017080500100084,2017년 8월 5일 06시,토요일,서울특별시 마포구 상암동,경상사고,0,0,1,0,차대차 - 기타,안전운전불이행,포장 - 건조,맑음,기타 - 기타,자전거,여,23세,상해없음,이륜,남,28세,경상
2017080500100139,2017년 8월 5일 09시,토요일,서울특별시 영등포구 여의도동,경상사고,0,0,1,0,차대사람 - 횡단중,안전운전불이행,포장 - 건조,맑음,단일로 - 기타,자전거,남,40세,상해없음,보행자,여,48세,경상
2017080500100142,2017년 8월 5일 09시,토요일,서울특별시 송파구 가락동,경상사고,0,0,1,0,차대차 - 기타,안전운전불이행,포장 - 건조,맑음,교차로 - 교차로안,자전거,남,61세,경상,승합,남,41세,상해없음
2017080500100240,2017년 8월 5일 12시,토요일,서울특별시 영등포구 당산동6가,부상신고사고,0,0,0,1,차대차 - 기타,안전운전불이행,포장 - 건조,맑음,단일로 - 기타,자전거,남,67세,상해없음,자전거,여,24세,부상신고
2017080500100497,2017년 8월 5일 19시,토요일,서울특별시 광진구 구의동,중상사고,0,1,0,0,차대사람 - 기타,안전운전불이행,포장 - 건조,맑음,단일로 - 기타,자전거,여,27세,상해없음,보행자,여,63세,중상
2017080500100523,2017년 8월 5일 20시,토요일,서울특별시 마포구 망원동,경상사고,0,0,1,0,차대사람 - 기타,안전운전불이행,포장 - 건조,맑음,단일로 - 기타,자전거,남,20세,상해없음,보행자,여,57세,경상
2017080500100582,2017년 8월 5일 22시,토요일,서울특별시 강남구 압구정동,경상사고,0,0,1,0,차대사람 - 횡단중,안전운전불이행,포장 - 건조,흐림,기타 - 기타,자전거,남,28세,상해없음,보행자,여,28세,경상
2017080600100248,2017년 8월 6일 15시,일요일,서울특별시 강서구 화곡동,중상사고,0,1,0,0,차대차 - 기타,안전운전불이행,포장 - 건조,맑음,단일로 - 기타,자전거,남,41세,중상,승용,여,58세,상해없음
2017080600100393,2017년 8월 6일 20시,일요일,서울특별시 용산구 이촌동,부상신고사고,0,0,0,1,차대사람 - 횡단중,안전운전불이행,포장 - 건조,맑음,단일로 - 기타,자전거,남,38세,상해없음,보행자,남,70세,부상신고
2017080700100121,2017년 8월 7일 08시,월요일,서울특별시 강서구 마곡동,경상사고,0,0,1,0,차대사람 - 보도통행중,기타,포장 - 건조,맑음,기타 - 기타,자전거,남,28세,상해없음,보행자,남,42세,경상
2017080700100302,2017년 8월 7일 14시,월요일,서울특별시 영등포구 신길동,경상사고,0,0,1,0,차대차 - 기타,안전운전불이행,포장 - 건조,맑음,단일로 - 기타,자전거,남,56세,경상,승용,남,44세,상해없음
2017080700100548,2017년 8월 7일 21시,월요일,서울특별시 영등포구 여의도동,중상사고,0,1,1,0,차대차 - 정면충돌,안전운전불이행,포장 - 건조,맑음,단일로 - 기타,자전거,여,22세,경상,자전거,남,43세,중상
2017080800100115,2017년 8월 8일 09시,화요일,서울특별시 관악구 봉천동,부상신고사고,0,0,0,1,차대차 - 후진중충돌,중앙선침범,포장 - 건조,맑음,단일로 - 기타,자전거,여,22세,부상신고,승용,남,44세,상해없음
2017080800100117,2017년 8월 8일 09시,화요일,서울특별시 송파구 석촌동,부상신고사고,0,0,0,1,차대차 - 측면충돌,안전운전불이행,포장 - 건조,맑음,교차로 - 교차로안,자전거,여,41세,부상신고,승용,여,51세,상해없음
2017080800100194,2017년 8월 8일 11시,화요일,서울특별시 금천구 독산동,경상사고,0,0,1,0,차대사람 - 기타,기타,포장 - 건조,맑음,교차로 - 교차로부근,자전거,남,66세,기타불명,보행자,여,60세,경상
2017080800100465,2017년 8월 8일 19시,화요일,서울특별시 도봉구 쌍문동,부상신고사고,0,0,0,1,차대차 - 기타,안전운전불이행,포장 - 건조,맑음,단일로 - 기타,자전거,남,34세,부상신고,승합,남,62세,상해없음
2017080800100528,2017년 8월 8일 21시,화요일,서울특별시 마포구 서교동,경상사고,0,0,1,0,차대차 - 측면충돌,직진우회전진행방해,포장 - 건조,맑음,교차로 - 교차로안,자전거,여,53세,경상,승용,여,42세,상해없음
2017080800100529,2017년 8월 8일 21시,화요일,서울특별시 영등포구 당산동1가,중상사고,0,1,0,0,차대차 - 정면충돌,안전운전불이행,포장 - 건조,맑음,단일로 - 기타,자전거,남,15세,상해없음,자전거,남,50세,중상
2017080800100560,2017년 8월 8일 22시,화요일,서울특별시 송파구 송파동,부상신고사고,0,0,0,1,차대차 - 정면충돌,안전운전불이행,포장 - 건조,맑음,단일로 - 기타,자전거,남,19세,부상신고,승용,남,58세,상해없음
2017080800100580,2017년 8월 8일 23시,화요일,서울특별시 송파구 잠실동,경상사고,0,0,1,1,차대사람 - 기타,안전운전불이행,포장 - 건조,맑음,단일로 - 기타,자전거,남,39세,부상신고,보행자,남,33세,경상
2017080900100022,2017년 8월 9일 00시,수요일,서울특별시 강서구 등촌동,경상사고,0,0,1,0,차대차 - 기타,신호위반,포장 - 건조,기타,교차로 - 교차로안,자전거,여,61세,경상,승합,남,64세,상해없음
2017080900100318,2017년 8월 9일 14시,수요일,서울특별시 성북구 삼선동2가,경상사고,0,0,2,1,차대차 - 측면충돌,안전운전불이행,포장 - 건조,맑음,단일로 - 기타,자전거,남,13세,부상신고,원동기,남,29세,경상
2017080900100322,2017년 8월 9일 14시,수요일,서울특별시 강남구 청담동,경상사고,0,0,1,0,차대차 - 측면충돌,안전운전불이행,포장 - 건조,맑음,교차로 - 교차로부근,자전거,남,14세,경상,승용,여,54세,상해없음
2017080900100323,2017년 8월 9일 14시,수요일,서울특별시 강동구 상일동,경상사고,0,0,1,0,차대사람 - 횡단중,신호위반,포장 - 건조,맑음,단일로 - 기타,자전거,남,46세,상해없음,보행자,여,58세,경상
2017080900100451,2017년 8월 9일 18시,수요일,서울특별시 강북구 수유동,중상사고,0,1,1,0,차대사람 - 차도통행중,안전운전불이행,포장 - 건조,흐림,교차로 - 교차로부근,자전거,남,13세,경상,보행자,여,67세,중상
2017080900100526,2017년 8월 9일 20시,수요일,서울특별시 강북구 미아동,경상사고,0,0,1,0,차대차 - 기타,안전운전불이행,포장 - 건조,맑음,단일로 - 기타,자전거,여,31세,경상,승용,여,51세,상해없음
2017080900100643,2017년 8월 9일 23시,수요일,서울특별시 강동구 천호동,경상사고,0,0,1,0,차대차 - 측면충돌,안전운전불이행,포장 - 젖음/습기,비,교차로 - 교차로안,자전거,여,67세,상해없음,이륜,남,23세,경상
2017081000100304,2017년 8월 10일 13시,목요일,서울특별시 양천구 신정동,부상신고사고,0,0,0,1,차량단독 - 기타,안전운전불이행,포장 - 젖음/습기,흐림,단일로 - 기타,자전거,여,47세,부상신고,,,,
2017081000100616,2017년 8월 10일 22시,목요일,서울특별시 동대문구 장안동,경상사고,0,0,1,0,차대차 - 측면충돌,교차로운행방법위반,포장 - 젖음/습기,비,교차로 - 교차로안,자전거,여,56세,경상,승용,남,28세,상해없음
2017081100100127,2017년 8월 11일 08시,금요일,서울특별시 구로구 구로동,경상사고,0,0,1,0,차대사람 - 기타,보행자보호의무위반,포장 - 건조,맑음,교차로 - 교차로횡단보도내,자전거,남,68세,상해없음,보행자,여,60세,경상
2017081100100154,2017년 8월 11일 09시,금요일,서울특별시 동대문구 전농동,경상사고,0,0,1,0,차대사람 - 횡단중,신호위반,포장 - 건조,흐림,교차로 - 교차로횡단보도내,자전거,여,37세,상해없음,보행자,여,65세,경상
2017081100100157,2017년 8월 11일 09시,금요일,서울특별시 송파구 신천동,부상신고사고,0,0,0,1,차대차 - 측면충돌,안전운전불이행,포장 - 건조,흐림,교차로 - 교차로부근,자전거,여,28세,부상신고,화물,남,57세,기타불명
2017081100100218,2017년 8월 11일 11시,금요일,서울특별시 성동구 성수동1가,경상사고,0,0,1,0,차대차 - 기타,안전운전불이행,포장 - 건조,맑음,교차로 - 교차로횡단보도내,자전거,남,16세,경상,승용,여,39세,상해없음
2017081100100256,2017년 8월 11일 12시,금요일,서울특별시 관악구 신림동,경상사고,0,0,1,0,차량단독 - 전도전복 - 전도,안전운전불이행,포장 - 건조,맑음,교차로 - 교차로안,자전거,남,68세,경상,,,,
2017081100100292,2017년 8월 11일 13시,금요일,서울특별시 광진구 자양동,경상사고,0,0,1,0,차대사람 - 횡단중,신호위반,포장 - 건조,맑음,교차로 - 교차로안,자전거,남,47세,상해없음,보행자,여,20세,경상
2017081100100378,2017년 8월 11일 15시,금요일,서울특별시 강동구 성내동,경상사고,0,0,1,0,차대차 - 측면충돌,안전운전불이행,포장 - 건조,맑음,교차로 - 교차로안,자전거,남,10세,경상,승용,남,37세,상해없음
2017081100100466,2017년 8월 11일 17시,금요일,서울특별시 강동구 성내동,부상신고사고,0,0,0,1,차대차 - 기타,안전운전불이행,포장 - 건조,흐림,단일로 - 기타,자전거,남,82세,부상신고,승용,여,28세,상해없음
2017081100100547,2017년 8월 11일 19시,금요일,서울특별시 은평구 신사동,부상신고사고,0,0,0,1,차대차 - 기타,안전운전불이행,포장 - 건조,맑음,단일로 - 기타,자전거,남,56세,상해없음,자전거,남,40세,부상신고
2017081200100076,2017년 8월 12일 03시,토요일,서울특별시 마포구 성산동,부상신고사고,0,0,0,1,차대차 - 정면충돌,중앙선침범,포장 - 건조,맑음,단일로 - 기타,자전거,남,24세,부상신고,이륜,남,30세,상해없음
2017081200100085,2017년 8월 12일 04시,토요일,서울특별시 동작구 사당동,중상사고,0,1,0,0,차대차 - 추돌,안전운전불이행,포장 - 건조,맑음,기타 - 기타,자전거,남,25세,중상,화물,남,53세,기타불명
2017081200100202,2017년 8월 12일 10시,토요일,서울특별시 영등포구 여의도동,경상사고,0,0,2,0,차대차 - 정면충돌,안전운전불이행,포장 - 건조,맑음,교차로 - 교차로부근,자전거,남,27세,경상,자전거,남,27세,경상
2017081200100208,2017년 8월 12일 10시,토요일,서울특별시 도봉구 창동,중상사고,0,1,0,0,차대차 - 기타,안전운전불이행,포장 - 기타,맑음,단일로 - 기타,자전거,남,71세,상해없음,자전거,남,82세,중상
2017081200100233,2017년 8월 12일 11시,토요일,서울특별시 강동구 천호동,사망사고,1,0,0,0,차대차 - 측면충돌,불법유턴,포장 - 건조,맑음,교차로 - 교차로안,자전거,여,75세,사망,화물,남,35세,상해없음
2017081200100268,2017년 8월 12일 12시,토요일,서울특별시 중랑구 신내동,경상사고,0,0,1,0,차대차 - 기타,안전운전불이행,포장 - 건조,맑음,교차로 - 교차로횡단보도내,자전거,남,31세,경상,화물,남,28세,상해없음
2017081200100367,2017년 8월 12일 15시,토요일,서울특별시 마포구 상암동,중상사고,0,1,1,0,차대차 - 정면충돌,안전운전불이행,포장 - 건조,맑음,단일로 - 기타,자전거,남,34세,경상,자전거,남,70세,중상
2017081200100418,2017년 8월 12일 17시,토요일,서울특별시 영등포구 여의도동,경상사고,0,0,1,0,차대차 - 추돌,안전운전불이행,포장 - 건조,맑음,단일로 - 기타,자전거,남,55세,경상,자전거,남,9세,상해없음
2017081200100446,2017년 8월 12일 18시,토요일,서울특별시 동대문구 장안동,경상사고,0,0,1,0,차대차 - 측면충돌,중앙선침범,포장 - 건조,맑음,단일로 - 기타,자전거,남,64세,경상,승용,남,76세,상해없음
2017081200100534,2017년 8월 12일 21시,토요일,서울특별시 은평구 녹번동,중상사고,0,1,0,0,차대차 - 기타,안전운전불이행,포장 - 건조,맑음,교차로 - 교차로부근,자전거,남,35세,중상,기타불명,기타불명,미분류,기타불명
2017081200100535,2017년 8월 12일 21시,토요일,서울특별시 동대문구 휘경동,경상사고,0,0,1,0,차대차 - 측면충돌,안전운전불이행,포장 - 건조,맑음,단일로 - 기타,자전거,남,78세,경상,자전거,남,25세,상해없음
2017081200100536,2017년 8월 12일 21시,토요일,서울특별시 영등포구 당산동1가,경상사고,0,0,1,0,차대차 - 측면충돌,안전운전불이행,포장 - 건조,맑음,단일로 - 기타,자전거,남,19세,상해없음,자전거,남,38세,경상
2017081300100056,2017년 8월 13일 03시,일요일,서울특별시 서대문구 창천동,중상사고,0,1,0,0,차대차 - 기타,안전운전불이행,포장 - 건조,맑음,단일로 - 기타,자전거,남,23세,상해없음,승용,남,45세,상해없음
2017081300100249,2017년 8월 13일 15시,일요일,서울특별시 송파구 풍납동,부상신고사고,0,0,0,1,차대차 - 측면충돌,안전운전불이행,포장 - 건조,맑음,교차로 - 교차로횡단보도내,자전거,남,69세,부상신고,화물,남,52세,상해없음
2017081300100268,2017년 8월 13일 16시,일요일,서울특별시 영등포구 여의도동,부상신고사고,0,0,0,2,차대사람 - 횡단중,안전운전불이행,포장 - 건조,맑음,단일로 - 기타,자전거,여,50세,부상신고,보행자,여,61세,부상신고
2017081300100317,2017년 8월 13일 18시,일요일,서울특별시 마포구 성산동,중상사고,0,1,0,0,차대차 - 측면충돌,안전운전불이행,포장 - 건조,맑음,교차로 - 교차로부근,자전거,남,25세,상해없음,자전거,남,73세,중상
2017081300100340,2017년 8월 13일 19시,일요일,서울특별시 양천구 목동,경상사고,0,0,1,0,차대차 - 정면충돌,안전운전불이행,포장 - 건조,맑음,단일로 - 기타,자전거,남,57세,상해없음,자전거,여,66세,경상
2017081300100341,2017년 8월 13일 19시,일요일,서울특별시 도봉구 도봉동,중상사고,0,1,0,0,차대차 - 정면충돌,안전운전불이행,포장 - 건조,맑음,단일로 - 기타,자전거,여,34세,상해없음,자전거,남,31세,중상
2017081300100367,2017년 8월 13일 20시,일요일,서울특별시 영등포구 여의도동,경상사고,0,0,1,0,차대사람 - 길가장자리구역통행중,안전운전불이행,포장 - 건조,맑음,단일로 - 기타,자전거,여,30세,상해없음,보행자,여,63세,경상
2017081300100370,2017년 8월 13일 20시,일요일,서울특별시 중랑구 중화동,중상사고,0,1,1,0,차대차 - 정면충돌,안전운전불이행,포장 - 건조,맑음,기타 - 기타,자전거,남,47세,중상,자전거,남,12세,경상
2017081300100372,2017년 8월 13일 20시,일요일,서울특별시 송파구 잠실동,경상사고,0,0,1,0,차대차 - 기타,안전운전불이행,포장 - 건조,맑음,단일로 - 기타,자전거,남,27세,경상,승용,남,55세,상해없음
2017081300100405,2017년 8월 13일 21시,일요일,서울특별시 강서구 화곡동,경상사고,0,0,1,0,차대사람 - 횡단중,기타,포장 - 기타,기타,기타 - 기타,자전거,여,26세,기타불명,보행자,여,49세,경상
2017081400100146,2017년 8월 14일 09시,월요일,서울특별시 영등포구 여의도동,부상신고사고,0,0,0,1,차대차 - 정면충돌,신호위반,포장 - 건조,맑음,단일로 - 기타,자전거,여,39세,부상신고,승용,남,59세,상해없음
2017081400100207,2017년 8월 14일 11시,월요일,서울특별시 영등포구 당산동4가,부상신고사고,0,0,0,1,차대차 - 정면충돌,안전운전불이행,포장 - 건조,맑음,교차로 - 교차로부근,자전거,남,71세,부상신고,승합,여,34세,상해없음