사고번호,사고일시,요일,시군구,사고내용,사망자수,중상자수,경상자수,부상신고자수,사고유형,법규위반,노면상태,기상상태,도로형태,가해운전자 차종,가해운전자 성별,가해운전자 연령,가해운전자 상해정도,피해운전자 차종,피해운전자 성별,피해운전자 연령,피해운전자 상해정도
2017081400100209,2017년 8월 14일 11시,월요일,서울특별시 강서구 가양동,경상사고,0,0,1,0,차대차 - 측면충돌,안전운전불이행,포장 - 건조,맑음,단일로 - 기타,자전거,여,66세,경상,승용,여,52세,상해없음
2017081400100253,2017년 8월 14일 12시,월요일,서울특별시 광진구 자양동,부상신고사고,0,0,0,1,차대차 - 측면충돌,안전운전불이행,포장 - 젖음/습기,흐림,교차로 - 교차로안,자전거,남,73세,부상신고,승용,남,57세,상해없음
2017081400100345,2017년 8월 14일 14시,월요일,서울특별시 광진구 자양동,경상사고,0,0,1,0,차대사람 - 기타,기타,포장 - 건조,맑음,단일로 - 기타,자전거,남,54세,상해없음,보행자,여,57세,경상
2017081400100457,2017년 8월 14일 17시,월요일,서울특별시 강북구 미아동,중상사고,0,1,0,0,차대사람 - 기타,안전운전불이행,포장 - 젖음/습기,비,단일로 - 기타,자전거,남,47세,상해없음,보행자,여,60세,중상
2017081400100460,2017년 8월 14일 17시,월요일,서울특별시 송파구 풍납동,경상사고,0,0,1,1,차대차 - 측면충돌,안전운전불이행,포장 - 젖음/습기,비,단일로 - 기타,자전거,남,69세,부상신고,자전거,여,45세,경상
2017081500100012,2017년 8월 15일 00시,화요일,서울특별시 서대문구 창천동,중상사고,0,1,0,0,차대차 - 측면충돌,안전운전불이행,포장 - 건조,맑음,교차로 - 교차로부근,자전거,남,54세,중상,승용,남,30세,상해없음
2017081600100185,2017년 8월 16일 10시,수요일,서울특별시 종로구 동숭동,부상신고사고,0,0,0,1,차대차 - 측면충돌,직진우회전진행방해,포장 - 건조,맑음,교차로 - 교차로안,자전거,남,71세,부상신고,화물,남,50세,상해없음
2017081600100239,2017년 8월 16일 12시,수요일,서울특별시 금천구 가산동,경상사고,0,0,1,0,차대사람 - 기타,안전운전불이행,포장 - 건조,맑음,단일로 - 기타,자전거,남,16세,상해없음,보행자,여,63세,경상
2017081600100385,2017년 8월 16일 17시,수요일,서울특별시 송파구 송파동,경상사고,0,0,1,0,차대차 - 측면충돌,안전운전불이행,포장 - 건조,흐림,교차로 - 교차로안,자전거,남,44세,경상,승용,남,67세,상해없음
2017081600100470,2017년 8월 16일 19시,수요일,서울특별시 송파구 풍납동,중상사고,0,1,1,0,차대사람 - 기타,안전운전불이행,포장 - 건조,맑음,단일로 - 기타,자전거,남,44세,경상,보행자,남,55세,중상
2017081600100535,2017년 8월 16일 21시,수요일,서울특별시 중랑구 면목동,부상신고사고,0,0,0,1,차대차 - 기타,안전운전불이행,포장 - 건조,맑음,단일로 - 기타,자전거,남,28세,부상신고,자전거,남,18세,상해없음
2017081600100588,2017년 8월 16일 23시,수요일,서울특별시 구로구 구로동,경상사고,0,0,1,0,차대차 - 기타,신호위반,포장 - 젖음/습기,비,교차로 - 교차로안,자전거,여,60세,경상,승용,남,65세,상해없음
2017081700100126,2017년 8월 17일 08시,목요일,서울특별시 강서구 가양동,경상사고,0,0,1,0,차대차 - 측면충돌,중앙선침범,포장 - 건조,맑음,단일로 - 기타,자전거,여,36세,경상,승용,여,37세,상해없음
2017081700100236,2017년 8월 17일 12시,목요일,서울특별시 영등포구 영등포동7가,경상사고,0,0,1,0,차대차 - 측면충돌,안전거리미확보,포장 - 건조,흐림,단일로 - 기타,자전거,남,78세,경상,승용,남,53세,상해없음
2017081700100264,2017년 8월 17일 13시,목요일,서울특별시 강북구 수유동,중상사고,0,1,0,0,차대차 - 측면충돌,교차로운행방법위반,포장 - 건조,맑음,교차로 - 교차로안,자전거,남,12세,중상,화물,남,52세,상해없음
2017081700100448,2017년 8월 17일 18시,목요일,서울특별시 은평구 녹번동,중상사고,0,1,0,0,차대차 - 측면충돌,안전운전불이행,포장 - 건조,맑음,교차로 - 교차로안,자전거,남,68세,중상,승합,남,48세,상해없음
2017081700100477,2017년 8월 17일 19시,목요일,서울특별시 영등포구 대림동,중상사고,0,1,0,0,차대차 - 측면충돌,안전운전불이행,포장 - 건조,맑음,교차로 - 교차로안,자전거,남,64세,중상,승용,남,40세,상해없음
2017081800100034,2017년 8월 18일 02시,금요일,서울특별시 관악구 신림동,부상신고사고,0,0,0,1,차대차 - 측면충돌,신호위반,포장 - 건조,맑음,단일로 - 기타,자전거,여,52세,부상신고,승용,남,61세,상해없음
2017081800100035,2017년 8월 18일 02시,금요일,서울특별시 구로구 개봉동,중상사고,0,1,0,0,차량단독 - 기타,안전운전불이행,포장 - 건조,맑음,단일로 - 기타,자전거,남,40세,중상,,,,
2017081800100196,2017년 8월 18일 11시,금요일,서울특별시 강동구 성내동,경상사고,0,0,1,0,차대차 - 측면충돌,교차로운행방법위반,포장 - 건조,맑음,교차로 - 교차로안,자전거,여,56세,경상,화물,남,37세,상해없음
2017081800100323,2017년 8월 18일 15시,금요일,서울특별시 마포구 망원동,부상신고사고,0,0,0,1,차대사람 - 기타,안전운전불이행,포장 - 건조,맑음,기타 - 기타,자전거,남,13세,상해없음,보행자,남,2세,부상신고
2017081800100359,2017년 8월 18일 16시,금요일,서울특별시 성동구 성수동1가,경상사고,0,0,1,0,차대사람 - 기타,안전운전불이행,포장 - 건조,맑음,기타 - 기타,자전거,남,59세,기타불명,보행자,여,61세,경상
2017081800100468,2017년 8월 18일 19시,금요일,서울특별시 중랑구 상봉동,경상사고,0,0,1,0,차대차 - 측면충돌,중앙선침범,포장 - 건조,맑음,단일로 - 기타,자전거,남,71세,상해없음,이륜,남,18세,상해없음
2017081900100127,2017년 8월 19일 08시,토요일,서울특별시 영등포구 신길동,경상사고,0,0,1,0,차대차 - 측면충돌,안전운전불이행,포장 - 건조,맑음,교차로 - 교차로부근,자전거,남,43세,경상,승용,여,31세,상해없음
2017081900100128,2017년 8월 19일 08시,토요일,서울특별시 성동구 성수동1가,부상신고사고,0,0,0,1,차대차 - 기타,중앙선침범,포장 - 건조,맑음,기타 - 기타,자전거,남,59세,상해없음,이륜,남,59세,부상신고
2017081900100194,2017년 8월 19일 11시,토요일,서울특별시 동작구 동작동,중상사고,0,1,1,0,차대차 - 측면충돌,안전운전불이행,포장 - 건조,맑음,단일로 - 기타,자전거,남,15세,경상,자전거,여,62세,중상
2017081900100405,2017년 8월 19일 18시,토요일,서울특별시 송파구 잠실동,경상사고,0,0,1,0,차대차 - 측면충돌,안전운전불이행,포장 - 건조,맑음,단일로 - 기타,자전거,남,12세,경상,승용,남,70세,상해없음
2017081900100439,2017년 8월 19일 19시,토요일,서울특별시 영등포구 여의도동,경상사고,0,0,1,0,차대차 - 기타,안전운전불이행,포장 - 건조,흐림,단일로 - 기타,자전거,여,53세,경상,자전거,남,19세,상해없음
2017082100100196,2017년 8월 21일 10시,월요일,서울특별시 도봉구 방학동,경상사고,0,0,1,0,차대차 - 측면충돌,중앙선침범,포장 - 건조,흐림,교차로 - 교차로부근,자전거,여,35세,경상,승용,남,63세,상해없음
2017082100100250,2017년 8월 21일 12시,월요일,서울특별시 송파구 풍납동,경상사고,0,0,1,0,차대사람 - 차도통행중,안전운전불이행,포장 - 젖음/습기,흐림,단일로 - 기타,자전거,남,47세,상해없음,보행자,여,58세,경상
2017082100100334,2017년 8월 21일 15시,월요일,서울특별시 강남구 신사동,경상사고,0,0,1,0,차대사람 - 횡단중,안전운전불이행,포장 - 젖음/습기,비,단일로 - 기타,자전거,남,25세,상해없음,보행자,남,17세,경상
2017082100100502,2017년 8월 21일 19시,월요일,서울특별시 은평구 신사동,부상신고사고,0,0,0,1,차대차 - 추돌,안전운전불이행,포장 - 건조,맑음,교차로 - 교차로부근,자전거,남,18세,부상신고,승용,남,45세,상해없음
2017082100100571,2017년 8월 21일 21시,월요일,서울특별시 영등포구 양평동6가,경상사고,0,0,1,0,차대사람 - 차도통행중,안전운전불이행,포장 - 건조,맑음,단일로 - 기타,자전거,남,29세,상해없음,보행자,남,48세,경상
2017082200100071,2017년 8월 22일 05시,화요일,서울특별시 노원구 하계동,중상사고,0,1,0,0,차대차 - 측면충돌,신호위반,포장 - 건조,맑음,교차로 - 교차로안,자전거,남,65세,중상,승용,남,52세,상해없음
2017082200100099,2017년 8월 22일 07시,화요일,서울특별시 강남구 도곡동,중상사고,0,1,0,0,차대차 - 정면충돌,불법유턴,포장 - 건조,맑음,교차로 - 교차로부근,자전거,남,27세,중상,승용,여,47세,상해없음
2017082200100173,2017년 8월 22일 09시,화요일,서울특별시 중랑구 면목동,경상사고,0,0,1,0,차대차 - 측면충돌,안전운전불이행,포장 - 건조,맑음,단일로 - 기타,자전거,남,70세,경상,승용,여,62세,상해없음
2017082200100214,2017년 8월 22일 11시,화요일,서울특별시 마포구 성산동,부상신고사고,0,0,0,1,차대차 - 측면충돌,안전운전불이행,포장 - 건조,맑음,단일로 - 기타,자전거,여,48세,부상신고,승용,남,36세,상해없음
2017082200100253,2017년 8월 22일 12시,화요일,서울특별시 도봉구 창동,부상신고사고,0,0,0,1,차대사람 - 횡단중,보행자보호의무위반,포장 - 건조,맑음,교차로 - 교차로횡단보도내,자전거,남,19세,상해없음,보행자,남,54세,부상신고
2017082200100286,2017년 8월 22일 13시,화요일,서울특별시 도봉구 도봉동,경상사고,0,0,1,0,차대차 - 정면충돌,직진우회전진행방해,포장 - 건조,맑음,교차로 - 교차로안,자전거,남,39세,상해없음,자전거,남,57세,경상
2017082200100378,2017년 8월 22일 16시,화요일,서울특별시 광진구 중곡동,중상사고,0,1,0,0,차대사람 - 횡단중,안전운전불이행,포장 - 건조,맑음,단일로 - 기타,자전거,남,69세,상해없음,보행자,남,50세,중상
2017082200100380,2017년 8월 22일 16시,화요일,서울특별시 강서구 화곡동,중상사고,0,2,0,0,차대차 - 기타,안전운전불이행,포장 - 건조,맑음,단일로 - 기타,자전거,남,74세,중상,이륜,남,16세,중상
2017082200100511,2017년 8월 22일 19시,화요일,서울특별시 구로구 구로동,경상사고,0,0,1,0,차대사람 - 보도통행중,기타,포장 - 건조,맑음,단일로 - 기타,자전거,남,64세,상해없음,보행자,여,84세,경상
2017082200100542,2017년 8월 22일 20시,화요일,서울특별시 노원구 월계동,경상사고,0,0,1,0,차대사람 - 횡단중,보행자보호의무위반,포장 - 건조,맑음,단일로 - 기타,자전거,남,62세,상해없음,보행자,여,57세,경상
2017082300100202,2017년 8월 23일 10시,수요일,서울특별시 은평구 응암동,부상신고사고,0,0,0,1,차대차 - 측면충돌,교차로운행방법위반,포장 - 젖음/습기,흐림,교차로 - 교차로안,자전거,남,71세,부상신고,승합,남,63세,상해없음
2017082400100217,2017년 8월 24일 11시,목요일,서울특별시 영등포구 양평동4가,중상사고,0,1,0,0,차대차 - 기타,안전운전불이행,포장 - 건조,맑음,단일로 - 기타,자전거,남,58세,상해없음,자전거,남,51세,중상
2017082400100526,2017년 8월 24일 20시,목요일,서울특별시 동작구 본동,중상사고,0,1,0,0,차대차 - 측면충돌,안전운전불이행,포장 - 건조,맑음,단일로 - 기타,자전거,남,24세,상해없음,자전거,남,24세,중상
2017082500100304,2017년 8월 25일 14시,금요일,서울특별시 동대문구 제기동,경상사고,0,0,1,0,차대차 - 기타,안전운전불이행,포장 - 건조,맑음,단일로 - 기타,자전거,남,71세,경상,승용,남,26세,상해없음
2017082500100311,2017년 8월 25일 14시,금요일,서울특별시 도봉구 방학동,경상사고,0,0,1,0,차대차 - 측면충돌,안전운전불이행,포장 - 건조,맑음,교차로 - 교차로횡단보도내,자전거,남,79세,경상,승용,남,28세,상해없음
2017082500100534,2017년 8월 25일 19시,금요일,서울특별시 마포구 공덕동,경상사고,0,0,1,0,차대차 - 기타,안전거리미확보,포장 - 건조,맑음,단일로 - 기타,자전거,남,45세,경상,승용,여,29세,상해없음
2017082500100539,2017년 8월 25일 19시,금요일,서울특별시 양천구 목동,경상사고,0,0,1,0,차대차 - 측면충돌,안전운전불이행,포장 - 건조,맑음,단일로 - 기타,자전거,남,46세,기타불명,자전거,남,75세,경상
2017082500100655,2017년 8월 25일 22시,금요일,서울특별시 양천구 목동,중상사고,0,1,0,0,차대차 - 기타,안전운전불이행,포장 - 건조,맑음,단일로 - 기타,자전거,남,46세,상해없음,자전거,남,25세,중상
2017082600100051,2017년 8월 26일 01시,토요일,서울특별시 강동구 고덕동,부상신고사고,0,0,0,1,차대차 - 기타,불법유턴,포장 - 건조,맑음,교차로 - 교차로부근,자전거,남,28세,상해없음,이륜,남,20세,부상신고
2017082600100134,2017년 8월 26일 06시,토요일,서울특별시 강남구 논현동,부상신고사고,0,0,0,1,차대차 - 정면충돌,교차로운행방법위반,포장 - 건조,맑음,교차로 - 교차로안,자전거,남,27세,부상신고,승용,남,28세,상해없음
2017082600100319,2017년 8월 26일 13시,토요일,서울특별시 광진구 군자동,경상사고,0,0,1,0,차대차 - 측면충돌,안전운전불이행,포장 - 건조,맑음,단일로 - 기타,자전거,남,41세,경상,승용,남,27세,상해없음
2017082600100399,2017년 8월 26일 15시,토요일,서울특별시 광진구 광장동,부상신고사고,0,0,0,1,차대차 - 측면충돌,안전운전불이행,포장 - 건조,맑음,교차로 - 교차로부근,자전거,남,31세,부상신고,승합,남,46세,상해없음
2017082600100408,2017년 8월 26일 15시,토요일,서울특별시 양천구 신정동,경상사고,0,0,1,1,차대차 - 측면충돌,불법유턴,포장 - 건조,맑음,단일로 - 기타,자전거,남,12세,부상신고,승합,남,35세,상해없음
2017082600100446,2017년 8월 26일 16시,토요일,서울특별시 송파구 풍납동,경상사고,0,0,1,0,차대차 - 정면충돌,안전운전불이행,포장 - 건조,맑음,교차로 - 교차로안,자전거,남,12세,기타불명,자전거,남,32세,경상
2017082600100480,2017년 8월 26일 17시,토요일,서울특별시 성북구 정릉동,경상사고,0,0,1,0,차대차 - 기타,안전운전불이행,포장 - 건조,맑음,단일로 - 기타,자전거,남,31세,상해없음,자전거,남,39세,경상
2017082600100482,2017년 8월 26일 17시,토요일,서울특별시 송파구 마천동,부상신고사고,0,0,0,1,차대차 - 추돌,안전운전불이행,포장 - 건조,맑음,단일로 - 기타,자전거,남,60세,부상신고,승용,여,41세,상해없음
2017082700100159,2017년 8월 27일 11시,일요일,서울특별시 광진구 화양동,경상사고,0,0,1,0,차대차 - 측면충돌,안전운전불이행,포장 - 건조,맑음,교차로 - 교차로안,자전거,여,57세,경상,승용,남,72세,상해없음
2017082700100212,2017년 8월 27일 13시,일요일,서울특별시 마포구 상암동,경상사고,0,0,1,0,차대사람 - 기타,안전운전불이행,포장 - 건조,맑음,기타 - 기타,자전거,남,41세,상해없음,보행자,여,8세,경상
2017082700100262,2017년 8월 27일 15시,일요일,서울특별시 강동구 명일동,사망사고,1,0,0,0,차대사람 - 기타,기타,포장 - 건조,맑음,교차로 - 교차로횡단보도내,자전거,남,59세,상해없음,보행자,여,82세,사망
2017082700100290,2017년 8월 27일 16시,일요일,서울특별시 마포구 성산동,중상사고,0,1,0,0,차대사람 - 기타,안전운전불이행,포장 - 건조,맑음,단일로 - 기타,자전거,남,59세,상해없음,보행자,남,66세,중상
2017082700100294,2017년 8월 27일 16시,일요일,서울특별시 양천구 목동,중상사고,0,1,0,0,차대사람 - 기타,안전운전불이행,포장 - 건조,맑음,단일로 - 기타,자전거,남,47세,상해없음,보행자,남,52세,중상
2017082700100327,2017년 8월 27일 17시,일요일,서울특별시 송파구 잠실동,부상신고사고,0,0,0,1,차대차 - 측면충돌,안전운전불이행,포장 - 건조,맑음,단일로 - 기타,자전거,남,17세,상해없음,자전거,여,56세,부상신고
2017082700100359,2017년 8월 27일 18시,일요일,서울특별시 강남구 압구정동,중상사고,0,1,0,0,차대차 - 기타,안전운전불이행,포장 - 건조,맑음,기타 - 기타,자전거,남,52세,상해없음,자전거,남,56세,중상
2017082800100108,2017년 8월 28일 08시,월요일,서울특별시 관악구 신림동,중상사고,0,1,0,0,차대사람 - 기타,기타,포장 - 건조,맑음,기타 - 기타,자전거,남,15세,상해없음,보행자,여,34세,중상
2017082800100424,2017년 8월 28일 17시,월요일,서울특별시 강남구 개포동,부상신고사고,0,0,0,1,차대사람 - 기타,기타,포장 - 건조,맑음,기타 - 기타,자전거,남,23세,상해없음,보행자,여,59세,부상신고
2017082800100509,2017년 8월 28일 19시,월요일,서울특별시 영등포구 대림동,경상사고,0,0,1,0,차대차 - 추돌,안전운전불이행,포장 - 젖음/습기,비,교차로 - 교차로횡단보도내,자전거,남,60세,경상,승용,남,68세,상해없음
2017082800100516,2017년 8월 28일 19시,월요일,서울특별시 도봉구 쌍문동,부상신고사고,0,0,0,1,차대차 - 측면충돌,안전거리미확보,포장 - 젖음/습기,비,단일로 - 기타,자전거,남,76세,부상신고,승용,여,50세,상해없음
2017082800100544,2017년 8월 28일 20시,월요일,서울특별시 중랑구 면목동,부상신고사고,0,0,0,1,차대차 - 측면충돌,안전운전불이행,포장 - 건조,흐림,교차로 - 교차로부근,자전거,남,37세,부상신고,승용,남,57세,상해없음
2017082900100114,2017년 8월 29일 08시,화요일,서울특별시 금천구 독산동,경상사고,0,0,1,0,차대사람 - 횡단중,안전운전불이행,포장 - 건조,맑음,단일로 - 기타,자전거,남,39세,상해없음,보행자,여,61세,경상
2017082900100248,2017년 8월 29일 12시,화요일,서울특별시 강북구 수유동,경상사고,0,0,1,0,차대차 - 측면충돌,안전거리미확보,포장 - 건조,흐림,단일로 - 기타,자전거,남,61세,상해없음,원동기,남,21세,경상
2017082900100347,2017년 8월 29일 15시,화요일,서울특별시 용산구 서계동,중상사고,0,2,0,0,차대사람 - 차도통행중,신호위반,포장 - 건조,맑음,단일로 - 기타,자전거,남,37세,중상,보행자,여,75세,중상
2017082900100469,2017년 8월 29일 18시,화요일,서울특별시 성북구 장위동,경상사고,0,0,1,0,차대차 - 정면충돌,안전운전불이행,포장 - 건조,맑음,기타 - 기타,자전거,남,37세,상해없음,자전거,남,50세,경상
2017082900100521,2017년 8월 29일 19시,화요일,서울특별시 영등포구 양평동2가,경상사고,0,0,1,0,차대차 - 기타,안전운전불이행,포장 - 건조,맑음,단일로 - 기타,자전거,남,44세,상해없음,자전거,남,55세,경상
2017082900100524,2017년 8월 29일 19시,화요일,서울특별시 도봉구 도봉동,중상사고,0,1,0,0,차대차 - 정면충돌,안전운전불이행,포장 - 기타,맑음,단일로 - 기타,자전거,남,34세,상해없음,자전거,여,46세,중상
2017083000100022,2017년 8월 30일 00시,수요일,서울특별시 강남구 수서동,부상신고사고,0,0,0,1,차대차 - 기타,안전운전불이행,포장 - 건조,맑음,교차로 - 교차로부근,자전거,남,70세,부상신고,승용,남,42세,상해없음
2017083000100108,2017년 8월 30일 08시,수요일,서울특별시 금천구 독산동,부상신고사고,0,0,0,1,차대차 - 측면충돌,안전운전불이행,포장 - 건조,맑음,단일로 - 기타,자전거,여,33세,부상신고,승용,여,55세,상해없음
2017083000100145,2017년 8월 30일 09시,수요일,서울특별시 양천구 신정동,부상신고사고,0,0,0,1,차대차 - 측면충돌,직진우회전진행방해,포장 - 건조,맑음,교차로 - 교차로안,자전거,여,24세,부상신고,승용,여,41세,상해없음
2017083000100146,2017년 8월 30일 09시,수요일,서울특별시 노원구 월계동,부상신고사고,0,0,0,2,차대차 - 측면충돌,안전운전불이행,포장 - 건조,흐림,단일로 - 기타,자전거,남,27세,부상신고,자전거,남,24세,부상신고
2017083000100230,2017년 8월 30일 12시,수요일,서울특별시 영등포구 당산동4가,중상사고,0,1,0,0,차대차 - 기타,안전운전불이행,포장 - 건조,맑음,단일로 - 기타,자전거,여,44세,중상,승용,남,40세,상해없음
2017083000100312,2017년 8월 30일 15시,수요일,서울특별시 양천구 목동,부상신고사고,0,0,0,1,차대차 - 기타,안전운전불이행,포장 - 건조,맑음,교차로 - 교차로부근,자전거,여,44세,부상신고,기타불명,기타불명,미분류,기타불명
2017083000100363,2017년 8월 30일 16시,수요일,서울특별시 중랑구 면목동,경상사고,0,0,1,0,차대차 - 정면충돌,안전운전불이행,포장 - 건조,맑음,단일로 - 기타,자전거,남,28세,경상,승합,남,48세,상해없음
2017083000100473,2017년 8월 30일 19시,수요일,서울특별시 중랑구 면목동,중상사고,0,1,0,0,차대차 - 정면충돌,중앙선침범,포장 - 건조,맑음,교차로 - 교차로부근,자전거,여,63세,상해없음,이륜,남,18세,중상
2017083000100478,2017년 8월 30일 19시,수요일,서울특별시 노원구 상계동,경상사고,0,0,1,0,차대차 - 측면충돌,직진우회전진행방해,포장 - 건조,맑음,교차로 - 교차로안,자전거,남,14세,경상,승용,남,67세,상해없음
2017083100100071,2017년 8월 31일 06시,목요일,서울특별시 영등포구 당산동6가,경상사고,0,0,1,0,차대차 - 측면충돌,안전운전불이행,포장 - 건조,맑음,교차로 - 교차로횡단보도내,자전거,남,25세,경상,기타불명,기타불명,미분류,기타불명
2017083100100359,2017년 8월 31일 15시,목요일,서울특별시 도봉구 방학동,중상사고,0,1,0,0,차대차 - 측면충돌,신호위반,포장 - 건조,맑음,교차로 - 교차로안,자전거,남,72세,중상,화물,남,65세,상해없음
2017083100100393,2017년 8월 31일 16시,목요일,서울특별시 성북구 장위동,중상사고,0,1,0,0,차대차 - 측면충돌,안전운전불이행,포장 - 건조,맑음,단일로 - 기타,자전거,남,77세,중상,승용,여,67세,상해없음
2017083100100440,2017년 8월 31일 17시,목요일,서울특별시 송파구 풍납동,중상사고,0,1,0,0,차대차 - 정면충돌,안전운전불이행,포장 - 건조,맑음,단일로 - 기타,자전거,남,70세,상해없음,자전거,여,28세,중상
2017083100100524,2017년 8월 31일 19시,목요일,서울특별시 강동구 천호동,경상사고,0,0,2,0,차대차 - 정면충돌,신호위반,포장 - 건조,맑음,교차로 - 교차로안,자전거,남,39세,경상,자전거,여,27세,경상
2017083100100553,2017년 8월 31일 20시,목요일,서울특별시 영등포구 문래동3가,부상신고사고,0,0,0,1,차대차 - 측면충돌,안전운전불이행,포장 - 건조,맑음,단일로 - 기타,자전거,남,33세,부상신고,승용,여,37세,상해없음
2017083100100642,2017년 8월 31일 23시,목요일,서울특별시 송파구 신천동,경상사고,0,0,1,1,차대사람 - 기타,안전운전불이행,포장 - 건조,맑음,단일로 - 기타,자전거,남,58세,부상신고,보행자,남,44세,경상
2017090100100124,2017년 9월 1일 07시,금요일,서울특별시 송파구 잠실동,경상사고,0,0,1,0,차대차 - 측면충돌,안전운전불이행,포장 - 건조,맑음,단일로 - 기타,자전거,남,45세,경상,승용,남,66세,상해없음
2017090100100158,2017년 9월 1일 08시,금요일,서울특별시 강서구 방화동,부상신고사고,0,0,0,1,차대차 - 기타,안전운전불이행,포장 - 건조,맑음,교차로 - 교차로횡단보도내,자전거,여,57세,부상신고,승용,여,38세,상해없음
2017090100100277,2017년 9월 1일 11시,금요일,서울특별시 성북구 종암동,경상사고,0,0,1,0,차대차 - 기타,안전운전불이행,포장 - 건조,맑음,기타 - 기타,자전거,남,80세,상해없음,승합,남,70세,상해없음
2017090100100503,2017년 9월 1일 17시,금요일,서울특별시 성동구 홍익동,중상사고,0,1,0,0,차대차 - 측면충돌,안전운전불이행,포장 - 기타,맑음,단일로 - 기타,자전거,여,34세,상해없음,이륜,남,51세,중상
2017090100100706,2017년 9월 1일 21시,금요일,서울특별시 양천구 목동,중상사고,0,1,0,0,차대사람 - 기타,안전운전불이행,포장 - 건조,맑음,단일로 - 기타,자전거,남,13세,기타불명,보행자,여,58세,중상
2017090100100708,2017년 9월 1일 21시,금요일,서울특별시 양천구 목동,경상사고,0,0,1,0,차대차 - 추돌,안전거리미확보,포장 - 건조,맑음,단일로 - 기타,자전거,남,26세,상해없음,자전거,남,26세,경상
2017090100100742,2017년 9월 1일 22시,금요일,서울특별시 양천구 목동,경상사고,0,0,1,0,차대사람 - 기타,안전운전불이행,포장 - 건조,맑음,단일로 - 기타,자전거,남,35세,상해없음,보행자,여,62세,경상
2017090100100764,2017년 9월 1일 23시,금요일,서울특별시 중랑구 면목동,부상신고사고,0,0,0,1,차대차 - 기타,신호위반,포장 - 건조,맑음,교차로 - 교차로안,자전거,남,38세,부상신고,승용,남,69세,상해없음
2017090200100172,2017년 9월 2일 09시,토요일,서울특별시 노원구 하계동,경상사고,0,0,1,0,차대차 - 측면충돌,안전운전불이행,포장 - 건조,맑음,단일로 - 기타,자전거,남,81세,경상,자전거,남,63세,상해없음
2017090200100328,2017년 9월 2일 14시,토요일,서울특별시 종로구 교북동,경상사고,0,0,1,0,차대차 - 기타,중앙선침범,포장 - 건조,맑음,교차로 - 교차로부근,자전거,남,58세,상해없음,이륜,남,20세,경상
2017090200100329,2017년 9월 2일 14시,토요일,서울특별시 용산구 용산동2가,경상사고,0,0,1,0,차대사람 - 보도통행중,안전운전불이행,포장 - 건조,맑음,단일로 - 기타,자전거,남,26세,상해없음,보행자,남,34세,경상
2017090200100333,2017년 9월 2일 14시,토요일,서울특별시 송파구 잠실동,경상사고,0,0,2,0,차대차 - 추돌,안전운전불이행,포장 - 건조,맑음,단일로 - 기타,자전거,여,52세,경상,자전거,남,47세,상해없음
2017090200100376,2017년 9월 2일 15시,토요일,서울특별시 강북구 수유동,부상신고사고,0,0,0,1,차대차 - 추돌,안전운전불이행,포장 - 건조,맑음,단일로 - 기타,자전거,남,11세,부상신고,승용,남,39세,상해없음
2017090200100378,2017년 9월 2일 15시,토요일,서울특별시 동대문구 장안동,경상사고,0,0,1,0,차대차 - 측면충돌,직진우회전진행방해,포장 - 건조,맑음,교차로 - 교차로안,자전거,남,13세,경상,승용,남,41세,상해없음
2017090200100380,2017년 9월 2일 15시,토요일,서울특별시 강서구 마곡동,경상사고,0,0,2,0,차대차 - 측면충돌,안전운전불이행,포장 - 건조,맑음,기타 - 기타,자전거,남,64세,경상,자전거,남,56세,경상
2017090200100458,2017년 9월 2일 17시,토요일,서울특별시 성동구 금호동4가,중상사고,0,1,0,0,차대차 - 측면충돌,안전운전불이행,포장 - 건조,맑음,단일로 - 기타,자전거,남,6세,중상,자전거,여,38세,상해없음
2017090200100577,2017년 9월 2일 20시,토요일,서울특별시 금천구 시흥동,경상사고,0,0,1,0,차대차 - 측면충돌,안전운전불이행,포장 - 건조,맑음,단일로 - 기타,자전거,남,55세,경상,승용,남,28세,상해없음
2017090300100155,2017년 9월 3일 11시,일요일,서울특별시 성동구 성수동2가,경상사고,0,0,1,0,차대차 - 측면충돌,안전운전불이행,포장 - 건조,맑음,단일로 - 기타,자전거,남,73세,상해없음,자전거,남,58세,경상
2017090300100218,2017년 9월 3일 13시,일요일,서울특별시 영등포구 양화동,부상신고사고,0,0,0,1,차대사람 - 기타,안전운전불이행,포장 - 건조,맑음,기타 - 기타,자전거,여,9세,상해없음,보행자,남,4세,부상신고
2017090300100246,2017년 9월 3일 14시,일요일,서울특별시 광진구 중곡동,중상사고,0,1,0,0,차대사람 - 횡단중,안전운전불이행,포장 - 건조,맑음,기타 - 기타,자전거,남,70세,상해없음,보행자,남,73세,중상
2017090300100248,2017년 9월 3일 14시,일요일,서울특별시 영등포구 당산동,부상신고사고,0,0,0,1,차대차 - 측면충돌,안전운전불이행,포장 - 건조,맑음,단일로 - 기타,자전거,여,10세,상해없음,자전거,남,24세,부상신고
2017090300100270,2017년 9월 3일 15시,일요일,서울특별시 성동구 마장동,경상사고,0,0,1,0,차대차 - 측면충돌,안전운전불이행,포장 - 건조,맑음,교차로 - 교차로안,자전거,남,49세,경상,승용,남,72세,상해없음
2017090300100274,2017년 9월 3일 15시,일요일,서울특별시 노원구 월계동,경상사고,0,0,2,0,차대사람 - 횡단중,안전운전불이행,포장 - 건조,맑음,단일로 - 기타,자전거,남,37세,경상,보행자,여,25세,경상