사고번호,사고일시,요일,시군구,사고내용,사망자수,중상자수,경상자수,부상신고자수,사고유형,법규위반,노면상태,기상상태,도로형태,가해운전자 차종,가해운전자 성별,가해운전자 연령,가해운전자 상해정도,피해운전자 차종,피해운전자 성별,피해운전자 연령,피해운전자 상해정도
2017090400100022,2017년 9월 4일 00시,월요일,서울특별시 중랑구 중화동,경상사고,0,0,1,1,차대차 - 측면충돌,신호위반,포장 - 건조,맑음,교차로 - 교차로안,자전거,남,64세,부상신고,이륜,남,43세,경상
2017090400100078,2017년 9월 4일 07시,월요일,서울특별시 마포구 합정동,경상사고,0,0,1,0,차대차 - 기타,중앙선침범,포장 - 건조,맑음,단일로 - 기타,자전거,남,80세,경상,화물,남,68세,상해없음
2017090400100356,2017년 9월 4일 16시,월요일,서울특별시 강서구 방화동,경상사고,0,0,1,0,차대차 - 측면충돌,불법유턴,포장 - 건조,맑음,교차로 - 교차로부근,자전거,여,58세,경상,승용,여,47세,상해없음
2017090400100406,2017년 9월 4일 17시,월요일,서울특별시 동작구 대방동,경상사고,0,0,1,0,차대차 - 측면충돌,직진우회전진행방해,포장 - 건조,맑음,교차로 - 교차로안,자전거,남,16세,경상,승용,남,37세,상해없음
2017090400100549,2017년 9월 4일 21시,월요일,서울특별시 송파구 송파동,부상신고사고,0,0,0,1,차대차 - 정면충돌,안전운전불이행,포장 - 건조,맑음,교차로 - 교차로안,자전거,남,64세,부상신고,승용,남,74세,상해없음
2017090400100568,2017년 9월 4일 22시,월요일,서울특별시 노원구 중계동,경상사고,0,0,1,0,차대차 - 추돌,안전운전불이행,포장 - 건조,맑음,단일로 - 기타,자전거,남,15세,경상,화물,남,37세,기타불명
2017090500100331,2017년 9월 5일 15시,화요일,서울특별시 금천구 가산동,경상사고,0,0,1,0,차대차 - 측면충돌,신호위반,포장 - 건조,흐림,교차로 - 교차로안,자전거,남,78세,경상,승용,남,61세,상해없음
2017090500100398,2017년 9월 5일 17시,화요일,서울특별시 용산구 한강로2가,중상사고,0,1,0,0,차대사람 - 횡단중,신호위반,포장 - 젖음/습기,흐림,교차로 - 교차로부근,자전거,남,34세,상해없음,보행자,남,64세,중상
2017090500100399,2017년 9월 5일 17시,화요일,서울특별시 강북구 미아동,경상사고,0,0,2,0,차대차 - 기타,중앙선침범,포장 - 건조,맑음,단일로 - 기타,자전거,남,48세,경상,승합,남,45세,상해없음
2017090500100467,2017년 9월 5일 19시,화요일,서울특별시 동작구 대방동,부상신고사고,0,0,0,1,차대차 - 기타,직진우회전진행방해,포장 - 건조,맑음,교차로 - 교차로안,자전거,남,13세,부상신고,승용,남,31세,상해없음
2017090500100506,2017년 9월 5일 20시,화요일,서울특별시 성북구 장위동,경상사고,0,0,1,0,차대차 - 측면충돌,중앙선침범,포장 - 건조,맑음,교차로 - 교차로횡단보도내,자전거,남,77세,경상,승용,남,55세,상해없음
2017090600100066,2017년 9월 6일 05시,수요일,서울특별시 구로구 구로동,부상신고사고,0,0,0,1,차대차 - 측면충돌,안전운전불이행,포장 - 건조,맑음,교차로 - 교차로안,자전거,남,61세,부상신고,승용,남,59세,상해없음
2017090600100080,2017년 9월 6일 07시,수요일,서울특별시 중구 예관동,중상사고,0,1,0,0,차대차 - 측면충돌,신호위반,포장 - 건조,맑음,교차로 - 교차로안,자전거,남,59세,중상,화물,남,43세,상해없음
2017090600100081,2017년 9월 6일 07시,수요일,서울특별시 강동구 천호동,중상사고,0,1,0,0,차대차 - 정면충돌,안전운전불이행,포장 - 건조,맑음,기타 - 기타,자전거,남,37세,상해없음,자전거,남,61세,중상
2017090600100101,2017년 9월 6일 08시,수요일,서울특별시 동대문구 장안동,경상사고,0,0,1,0,차대차 - 측면충돌,안전운전불이행,포장 - 건조,맑음,교차로 - 교차로부근,자전거,남,11세,경상,승용,남,61세,상해없음
2017090600100137,2017년 9월 6일 09시,수요일,서울특별시 종로구 사직동,경상사고,0,0,1,0,차대차 - 측면충돌,안전운전불이행,포장 - 건조,맑음,단일로 - 기타,자전거,남,55세,경상,승용,남,30세,상해없음
2017090600100141,2017년 9월 6일 09시,수요일,서울특별시 노원구 상계동,경상사고,0,0,1,0,차대차 - 기타,직진우회전진행방해,포장 - 건조,맑음,교차로 - 교차로안,자전거,여,52세,경상,화물,남,53세,상해없음
2017090600100430,2017년 9월 6일 18시,수요일,서울특별시 용산구 원효로2가,중상사고,0,1,0,0,차량단독 - 전도전복 - 전도,안전운전불이행,포장 - 건조,맑음,단일로 - 기타,자전거,여,57세,중상,,,,
2017090700100160,2017년 9월 7일 09시,목요일,서울특별시 용산구 한강로3가,경상사고,0,0,1,0,차대차 - 정면충돌,안전운전불이행,포장 - 건조,맑음,교차로 - 교차로부근,자전거,여,53세,경상,승용,남,65세,상해없음
2017090700100398,2017년 9월 7일 17시,목요일,서울특별시 중랑구 면목동,경상사고,0,0,1,0,차대차 - 기타,신호위반,포장 - 건조,맑음,기타 - 기타,자전거,남,15세,경상,승용,남,44세,상해없음
2017090700100510,2017년 9월 7일 20시,목요일,서울특별시 은평구 신사동,경상사고,0,0,1,0,차대차 - 측면충돌,중앙선침범,포장 - 건조,맑음,기타 - 기타,자전거,남,61세,상해없음,자전거,남,43세,경상
2017090700100515,2017년 9월 7일 20시,목요일,서울특별시 강동구 성내동,경상사고,0,0,1,0,차대차 - 기타,안전운전불이행,포장 - 건조,맑음,단일로 - 기타,자전거,여,58세,상해없음,이륜,남,29세,경상
2017090700100516,2017년 9월 7일 20시,목요일,서울특별시 강남구 개포동,경상사고,0,0,1,0,차대사람 - 기타,안전운전불이행,포장 - 건조,맑음,단일로 - 기타,자전거,남,34세,상해없음,보행자,여,48세,경상
2017090800100122,2017년 9월 8일 08시,금요일,서울특별시 광진구 자양동,부상신고사고,0,0,0,1,차대차 - 정면충돌,신호위반,포장 - 건조,맑음,단일로 - 기타,자전거,여,50세,부상신고,승합,남,64세,상해없음
2017090800100124,2017년 9월 8일 08시,금요일,서울특별시 강동구 성내동,경상사고,0,0,1,0,차대사람 - 보도통행중,기타,포장 - 건조,맑음,단일로 - 기타,자전거,여,42세,상해없음,보행자,남,36세,경상
2017090800100127,2017년 9월 8일 08시,금요일,서울특별시 성북구 종암동,중상사고,0,1,0,0,차대사람 - 기타,보행자보호의무위반,포장 - 건조,맑음,교차로 - 교차로부근,자전거,남,14세,상해없음,보행자,여,37세,중상
2017090800100174,2017년 9월 8일 09시,금요일,서울특별시 송파구 풍납동,중상사고,0,1,1,0,차대차 - 측면충돌,안전거리미확보,포장 - 건조,맑음,단일로 - 기타,자전거,여,53세,중상,자전거,여,43세,경상
2017090800100361,2017년 9월 8일 15시,금요일,서울특별시 영등포구 신길동,중상사고,0,1,0,1,차대사람 - 횡단중,보행자보호의무위반,포장 - 건조,맑음,교차로 - 교차로부근,자전거,여,25세,부상신고,보행자,여,75세,중상
2017090800100364,2017년 9월 8일 15시,금요일,서울특별시 송파구 마천동,부상신고사고,0,0,0,1,차대차 - 측면충돌,안전운전불이행,포장 - 건조,맑음,단일로 - 기타,자전거,남,29세,부상신고,승용,여,37세,상해없음
2017090800100396,2017년 9월 8일 16시,금요일,서울특별시 동대문구 휘경동,중상사고,0,1,0,0,차대차 - 기타,중앙선침범,포장 - 건조,맑음,교차로 - 교차로안,자전거,여,61세,중상,승용,남,31세,상해없음
2017090800100492,2017년 9월 8일 18시,금요일,서울특별시 강동구 상일동,중상사고,0,1,0,0,차대차 - 측면충돌,안전운전불이행,포장 - 건조,맑음,단일로 - 기타,자전거,남,33세,중상,화물,남,38세,상해없음
2017090800100600,2017년 9월 8일 20시,금요일,서울특별시 강남구 수서동,부상신고사고,0,0,0,1,차대차 - 측면충돌,안전운전불이행,포장 - 건조,맑음,교차로 - 교차로부근,자전거,남,32세,부상신고,승용,여,53세,상해없음
2017090900100146,2017년 9월 9일 08시,토요일,서울특별시 동대문구 제기동,경상사고,0,0,1,0,차대차 - 측면충돌,안전운전불이행,포장 - 건조,맑음,교차로 - 교차로횡단보도내,자전거,남,69세,경상,승용,남,24세,상해없음
2017090900100330,2017년 9월 9일 14시,토요일,서울특별시 동대문구 휘경동,경상사고,0,0,1,0,차대차 - 기타,안전운전불이행,포장 - 건조,맑음,주차장 - 주차장,자전거,남,14세,경상,승용,여,57세,상해없음
2017090900100336,2017년 9월 9일 14시,토요일,서울특별시 송파구 신천동,중상사고,0,1,0,0,차대차 - 정면충돌,불법유턴,포장 - 건조,맑음,단일로 - 기타,자전거,남,33세,중상,승용,남,77세,상해없음
2017090900100378,2017년 9월 9일 15시,토요일,서울특별시 영등포구 영등포동4가,중상사고,0,1,0,0,차대사람 - 보도통행중,신호위반,포장 - 건조,맑음,단일로 - 기타,자전거,여,62세,상해없음,보행자,여,63세,중상
2017090900100380,2017년 9월 9일 15시,토요일,서울특별시 송파구 석촌동,부상신고사고,0,0,0,1,차대차 - 측면충돌,직진우회전진행방해,포장 - 건조,맑음,교차로 - 교차로안,자전거,남,24세,부상신고,승용,남,36세,상해없음
2017090900100414,2017년 9월 9일 16시,토요일,서울특별시 송파구 신천동,경상사고,0,0,2,0,차대사람 - 보도통행중,안전운전불이행,포장 - 건조,맑음,단일로 - 기타,자전거,남,14세,경상,보행자,여,66세,경상
2017090900100486,2017년 9월 9일 18시,토요일,서울특별시 영등포구 양평동6가,경상사고,0,0,1,0,차대차 - 정면충돌,안전운전불이행,포장 - 건조,맑음,단일로 - 기타,자전거,남,36세,경상,승용,남,28세,상해없음
2017090900100652,2017년 9월 9일 23시,토요일,서울특별시 송파구 풍납동,부상신고사고,0,0,0,1,차대차 - 측면충돌,안전운전불이행,포장 - 건조,맑음,교차로 - 교차로안,자전거,남,13세,부상신고,승용,남,57세,상해없음
2017091000100313,2017년 9월 10일 16시,일요일,서울특별시 영등포구 여의도동,경상사고,0,0,1,0,차대사람 - 길가장자리구역통행중,안전거리미확보,포장 - 건조,맑음,단일로 - 기타,자전거,남,26세,경상,보행자,남,5세,상해없음
2017091100100398,2017년 9월 11일 15시,월요일,서울특별시 광진구 자양동,경상사고,0,0,1,0,차대사람 - 기타,안전운전불이행,포장 - 건조,맑음,단일로 - 기타,자전거,남,69세,상해없음,보행자,여,47세,경상
2017091100100530,2017년 9월 11일 19시,월요일,서울특별시 노원구 상계동,경상사고,0,0,1,0,차대차 - 측면충돌,안전운전불이행,포장 - 건조,맑음,단일로 - 기타,자전거,남,13세,경상,이륜,남,58세,상해없음
2017091200100253,2017년 9월 12일 12시,화요일,서울특별시 동대문구 답십리동,부상신고사고,0,0,0,1,차대차 - 측면충돌,안전거리미확보,포장 - 건조,맑음,단일로 - 기타,자전거,남,63세,부상신고,이륜,남,51세,상해없음
2017091200100410,2017년 9월 12일 17시,화요일,서울특별시 도봉구 방학동,부상신고사고,0,0,0,1,차대사람 - 횡단중,안전운전불이행,포장 - 건조,맑음,단일로 - 기타,자전거,남,73세,부상신고,보행자,남,57세,상해없음
2017091300100087,2017년 9월 13일 07시,수요일,서울특별시 성동구 성수동2가,부상신고사고,0,0,0,1,차대차 - 측면충돌,안전운전불이행,포장 - 건조,맑음,단일로 - 기타,자전거,여,17세,상해없음,자전거,남,54세,부상신고
2017091300100088,2017년 9월 13일 07시,수요일,서울특별시 서초구 양재동,중상사고,0,1,0,0,차대사람 - 기타,안전운전불이행,포장 - 건조,맑음,단일로 - 지하차도(도로)내,자전거,남,34세,상해없음,보행자,남,70세,중상
2017091300100199,2017년 9월 13일 10시,수요일,서울특별시 성동구 성수동2가,경상사고,0,0,1,0,차대사람 - 기타,기타,포장 - 기타,맑음,단일로 - 기타,자전거,여,30세,상해없음,보행자,남,39세,경상
2017091300100201,2017년 9월 13일 10시,수요일,서울특별시 강동구 고덕동,중상사고,0,1,0,0,차대차 - 기타,안전운전불이행,포장 - 건조,맑음,교차로 - 교차로안,자전거,남,80세,중상,화물,남,64세,상해없음
2017091300100381,2017년 9월 13일 15시,수요일,서울특별시 강남구 삼성동,경상사고,0,0,1,0,차대사람 - 보도통행중,기타,포장 - 건조,맑음,기타 - 기타,자전거,남,26세,상해없음,보행자,남,61세,경상
2017091300100558,2017년 9월 13일 19시,수요일,서울특별시 노원구 상계동,경상사고,0,0,1,0,차대차 - 기타,안전운전불이행,포장 - 건조,맑음,단일로 - 기타,자전거,남,34세,상해없음,자전거,남,52세,경상
2017091400100148,2017년 9월 14일 08시,목요일,서울특별시 양천구 신월동,경상사고,0,0,1,0,차대차 - 측면충돌,안전운전불이행,포장 - 건조,맑음,교차로 - 교차로부근,자전거,남,67세,상해없음,원동기,남,33세,경상
2017091400100435,2017년 9월 14일 16시,목요일,서울특별시 강동구 둔촌동,중상사고,0,1,0,0,차대사람 - 보도통행중,기타,포장 - 건조,맑음,단일로 - 기타,자전거,남,18세,상해없음,보행자,여,65세,중상
2017091400100437,2017년 9월 14일 16시,목요일,서울특별시 서초구 방배동,중상사고,0,1,0,0,차대사람 - 횡단중,안전운전불이행,포장 - 건조,맑음,단일로 - 기타,자전거,남,15세,상해없음,보행자,여,60세,중상
2017091400100600,2017년 9월 14일 19시,목요일,서울특별시 양천구 목동,경상사고,0,0,1,0,차대차 - 기타,안전운전불이행,포장 - 건조,맑음,교차로 - 교차로안,자전거,남,13세,경상,승용,여,37세,상해없음
2017091400100634,2017년 9월 14일 20시,목요일,서울특별시 동작구 신대방동,중상사고,0,1,0,0,차대차 - 측면충돌,중앙선침범,포장 - 건조,맑음,단일로 - 기타,자전거,남,71세,중상,승용,여,44세,상해없음
2017091500100191,2017년 9월 15일 10시,금요일,서울특별시 은평구 증산동,부상신고사고,0,0,0,1,차대차 - 측면충돌,안전운전불이행,포장 - 건조,맑음,교차로 - 교차로안,자전거,남,76세,부상신고,승용,남,66세,상해없음
2017091500100653,2017년 9월 15일 21시,금요일,서울특별시 송파구 거여동,부상신고사고,0,0,0,1,차대차 - 측면충돌,안전운전불이행,포장 - 건조,맑음,단일로 - 기타,자전거,남,54세,부상신고,승용,여,25세,상해없음
2017091500100691,2017년 9월 15일 22시,금요일,서울특별시 서초구 반포동,경상사고,0,0,1,0,차대사람 - 기타,안전운전불이행,포장 - 건조,맑음,기타 - 기타,자전거,기타불명,미분류,기타불명,보행자,여,11세,경상
2017091600100062,2017년 9월 16일 03시,토요일,서울특별시 강북구 수유동,경상사고,0,0,1,0,차량단독 - 기타,안전운전불이행,포장 - 건조,맑음,단일로 - 기타,자전거,남,87세,경상,,,,
2017091600100234,2017년 9월 16일 11시,토요일,서울특별시 도봉구 방학동,경상사고,0,0,1,0,차대차 - 측면충돌,안전운전불이행,포장 - 건조,맑음,단일로 - 기타,자전거,남,70세,상해없음,자전거,여,62세,경상
2017091600100271,2017년 9월 16일 12시,토요일,서울특별시 광진구 자양동,경상사고,0,0,1,0,차대차 - 기타,안전운전불이행,포장 - 건조,맑음,교차로 - 교차로횡단보도내,자전거,남,73세,경상,승용,남,51세,상해없음
2017091600100346,2017년 9월 16일 14시,토요일,서울특별시 서초구 반포동,부상신고사고,0,0,0,1,차대차 - 기타,안전운전불이행,포장 - 건조,맑음,기타 - 기타,자전거,남,48세,상해없음,자전거,남,32세,부상신고
2017091600100372,2017년 9월 16일 15시,토요일,서울특별시 영등포구 여의도동,경상사고,0,0,1,0,차대차 - 추돌,안전거리미확보,포장 - 건조,맑음,단일로 - 기타,자전거,여,29세,경상,자전거,남,71세,상해없음
2017091600100479,2017년 9월 16일 18시,토요일,서울특별시 영등포구 당산동,사망사고,1,0,0,0,차량단독 - 기타,안전운전불이행,포장 - 건조,맑음,단일로 - 기타,자전거,남,55세,사망,,,,
2017091600100482,2017년 9월 16일 18시,토요일,서울특별시 중랑구 중화동,부상신고사고,0,0,0,1,차대차 - 기타,안전거리미확보,포장 - 건조,맑음,단일로 - 기타,자전거,여,71세,부상신고,승용,남,61세,상해없음
2017091600100483,2017년 9월 16일 18시,토요일,서울특별시 송파구 잠실동,경상사고,0,0,1,0,차대차 - 기타,안전운전불이행,포장 - 건조,맑음,교차로 - 교차로안,자전거,여,11세,상해없음,자전거,여,35세,경상
2017091600100600,2017년 9월 16일 22시,토요일,서울특별시 강서구 가양동,경상사고,0,0,1,0,차대사람 - 길가장자리구역통행중,안전운전불이행,포장 - 건조,맑음,기타 - 기타,자전거,남,43세,상해없음,보행자,여,58세,경상
2017091700100098,2017년 9월 17일 08시,일요일,서울특별시 영등포구 당산동2가,중상사고,0,1,0,0,차대차 - 측면충돌,안전운전불이행,포장 - 건조,맑음,단일로 - 기타,자전거,남,78세,중상,승용,남,55세,상해없음
2017091700100115,2017년 9월 17일 09시,일요일,서울특별시 강남구 대치동,중상사고,0,1,0,0,차대차 - 정면충돌,안전운전불이행,포장 - 건조,맑음,교차로 - 교차로부근,자전거,남,11세,기타불명,자전거,남,24세,중상
2017091700100279,2017년 9월 17일 15시,일요일,서울특별시 성북구 하월곡동,경상사고,0,0,1,0,차대차 - 추돌,안전거리미확보,포장 - 건조,맑음,단일로 - 기타,자전거,남,60세,상해없음,자전거,남,27세,경상
2017091700100345,2017년 9월 17일 17시,일요일,서울특별시 마포구 토정동,중상사고,0,1,0,0,차대차 - 정면충돌,중앙선침범,포장 - 건조,맑음,단일로 - 기타,자전거,남,56세,상해없음,자전거,여,35세,중상
2017091700100350,2017년 9월 17일 17시,일요일,서울특별시 송파구 잠실동,중상사고,0,1,0,0,차대사람 - 횡단중,안전운전불이행,포장 - 건조,맑음,단일로 - 기타,자전거,여,28세,상해없음,보행자,남,6세,중상
2017091700100351,2017년 9월 17일 17시,일요일,서울특별시 구로구 고척동,경상사고,0,0,1,0,차대차 - 측면충돌,안전운전불이행,포장 - 건조,맑음,교차로 - 교차로부근,자전거,남,12세,경상,승용,남,39세,상해없음
2017091700100353,2017년 9월 17일 17시,일요일,서울특별시 노원구 공릉동,부상신고사고,0,0,0,1,차대차 - 측면충돌,안전거리미확보,포장 - 건조,맑음,교차로 - 교차로안,자전거,남,49세,부상신고,이륜,남,30세,상해없음
2017091700100418,2017년 9월 17일 19시,일요일,서울특별시 강동구 암사동,경상사고,0,0,1,0,차대차 - 기타,안전운전불이행,포장 - 건조,맑음,단일로 - 기타,자전거,남,8세,경상,승용,남,24세,상해없음
2017091700100529,2017년 9월 17일 23시,일요일,서울특별시 강남구 압구정동,경상사고,0,0,1,0,차대차 - 기타,안전운전불이행,포장 - 건조,맑음,단일로 - 기타,자전거,여,20세,상해없음,자전거,남,32세,경상
2017091800100173,2017년 9월 18일 09시,월요일,서울특별시 송파구 삼전동,중상사고,0,1,0,0,차대차 - 추돌,안전운전불이행,포장 - 건조,맑음,단일로 - 기타,자전거,여,64세,중상,승용,남,30세,상해없음
2017091800100255,2017년 9월 18일 11시,월요일,서울특별시 도봉구 방학동,부상신고사고,0,0,0,1,차대차 - 측면충돌,직진우회전진행방해,포장 - 건조,맑음,교차로 - 교차로안,자전거,남,15세,부상신고,승용,여,44세,상해없음
2017091800100444,2017년 9월 18일 16시,월요일,서울특별시 강동구 고덕동,경상사고,0,0,1,0,차대차 - 기타,중앙선침범,포장 - 건조,맑음,교차로 - 교차로안,자전거,남,10세,경상,승용,여,51세,상해없음
2017091800100640,2017년 9월 18일 20시,월요일,서울특별시 송파구 석촌동,경상사고,0,0,1,0,차대차 - 측면충돌,안전운전불이행,포장 - 건조,맑음,단일로 - 기타,자전거,여,57세,경상,자전거,남,15세,상해없음
2017091800100731,2017년 9월 18일 23시,월요일,서울특별시 노원구 상계동,경상사고,0,0,1,0,차대차 - 측면충돌,중앙선침범,포장 - 건조,맑음,교차로 - 교차로부근,자전거,남,55세,경상,승용,남,43세,상해없음
2017091900100174,2017년 9월 19일 09시,화요일,서울특별시 영등포구 대림동,경상사고,0,0,1,0,차대차 - 기타,안전거리미확보,포장 - 건조,맑음,단일로 - 기타,자전거,남,78세,경상,승용,남,51세,상해없음
2017091900100315,2017년 9월 19일 15시,화요일,서울특별시 노원구 중계동,중상사고,0,1,0,0,차대차 - 기타,안전운전불이행,포장 - 건조,맑음,교차로 - 교차로안,자전거,남,62세,중상,승용,남,62세,상해없음
2017092000100034,2017년 9월 20일 00시,수요일,서울특별시 영등포구 당산동3가,경상사고,0,0,1,0,차량단독 - 기타,안전운전불이행,포장 - 건조,맑음,단일로 - 기타,자전거,남,51세,경상,,,,
2017092000100110,2017년 9월 20일 07시,수요일,서울특별시 송파구 잠실동,경상사고,0,0,1,0,차대차 - 기타,안전운전불이행,포장 - 건조,맑음,교차로 - 교차로안,자전거,여,61세,경상,승용,남,51세,상해없음
2017092000100113,2017년 9월 20일 07시,수요일,서울특별시 강남구 자곡동,중상사고,0,1,1,0,차대차 - 정면충돌,안전운전불이행,포장 - 건조,맑음,단일로 - 기타,자전거,여,17세,경상,자전거,남,39세,중상
2017092000100194,2017년 9월 20일 09시,수요일,서울특별시 동대문구 장안동,중상사고,0,1,0,0,차대사람 - 기타,안전운전불이행,포장 - 건조,맑음,단일로 - 기타,자전거,여,39세,중상,보행자,남,64세,상해없음
2017092000100337,2017년 9월 20일 13시,수요일,서울특별시 영등포구 대림동,경상사고,0,0,1,0,차대차 - 측면충돌,기타,포장 - 건조,맑음,교차로 - 교차로부근,자전거,여,51세,경상,화물,남,48세,상해없음
2017092000100405,2017년 9월 20일 15시,수요일,서울특별시 중랑구 상봉동,부상신고사고,0,0,0,1,차대차 - 기타,불법유턴,포장 - 건조,맑음,교차로 - 교차로횡단보도내,자전거,남,48세,부상신고,승용,남,62세,상해없음
2017092000100432,2017년 9월 20일 16시,수요일,서울특별시 은평구 신사동,중상사고,0,1,0,0,차대사람 - 기타,기타,포장 - 건조,맑음,교차로 - 교차로부근,자전거,남,10세,상해없음,보행자,여,82세,중상
2017092100100018,2017년 9월 21일 00시,목요일,서울특별시 은평구 신사동,경상사고,0,0,1,0,차량단독 - 공작물충돌,안전운전불이행,포장 - 건조,맑음,기타 - 기타,자전거,남,58세,경상,,,,
2017092100100082,2017년 9월 21일 06시,목요일,서울특별시 중랑구 중화동,중상사고,0,1,0,0,차대차 - 측면충돌,안전운전불이행,포장 - 건조,맑음,단일로 - 기타,자전거,남,53세,상해없음,자전거,남,66세,중상
2017092100100119,2017년 9월 21일 08시,목요일,서울특별시 용산구 원효로1가,부상신고사고,0,0,0,1,차대차 - 기타,안전운전불이행,포장 - 건조,맑음,단일로 - 기타,자전거,남,12세,부상신고,승용,남,66세,상해없음
2017092100100181,2017년 9월 21일 09시,목요일,서울특별시 성북구 장위동,부상신고사고,0,0,0,1,차대차 - 측면충돌,중앙선침범,포장 - 건조,맑음,단일로 - 기타,자전거,남,42세,부상신고,승용,남,47세,상해없음
2017092100100280,2017년 9월 21일 12시,목요일,서울특별시 영등포구 영등포동6가,중상사고,0,1,0,0,차대차 - 측면충돌,안전운전불이행,포장 - 건조,맑음,단일로 - 기타,자전거,여,42세,중상,화물,남,40세,상해없음
2017092100100311,2017년 9월 21일 13시,목요일,서울특별시 구로구 항동,경상사고,0,0,1,0,차대차 - 정면충돌,신호위반,포장 - 건조,맑음,교차로 - 교차로안,자전거,남,59세,경상,승용,여,51세,상해없음
2017092100100435,2017년 9월 21일 16시,목요일,서울특별시 중랑구 면목동,경상사고,0,0,1,0,차대사람 - 기타,안전운전불이행,포장 - 건조,맑음,단일로 - 기타,자전거,남,13세,상해없음,보행자,여,46세,경상
2017092100100438,2017년 9월 21일 16시,목요일,서울특별시 송파구 석촌동,경상사고,0,0,1,0,차대차 - 측면충돌,안전운전불이행,포장 - 건조,맑음,단일로 - 기타,자전거,남,14세,경상,승용,남,56세,상해없음
2017092100100439,2017년 9월 21일 16시,목요일,서울특별시 송파구 신천동,중상사고,0,1,1,0,차대차 - 측면충돌,직진우회전진행방해,포장 - 건조,맑음,교차로 - 교차로안,자전거,남,8세,중상,자전거,남,14세,경상
2017092100100442,2017년 9월 21일 16시,목요일,서울특별시 구로구 구로동,중상사고,0,1,0,0,차대차 - 측면충돌,중앙선침범,포장 - 건조,맑음,단일로 - 기타,자전거,남,13세,중상,승용,남,66세,상해없음
2017092100100645,2017년 9월 21일 21시,목요일,서울특별시 동대문구 용두동,경상사고,0,0,1,0,차대차 - 기타,안전운전불이행,포장 - 건조,맑음,단일로 - 기타,자전거,여,73세,경상,승용,여,58세,상해없음
2017092100100647,2017년 9월 21일 21시,목요일,서울특별시 양천구 신정동,부상신고사고,0,0,0,1,차대차 - 기타,불법유턴,포장 - 건조,맑음,단일로 - 기타,자전거,남,14세,부상신고,승용,남,60세,상해없음
2017092100100675,2017년 9월 21일 22시,목요일,서울특별시 마포구 성산동,경상사고,0,0,1,0,차대차 - 측면충돌,신호위반,포장 - 건조,맑음,교차로 - 교차로안,자전거,남,28세,상해없음,이륜,남,19세,경상
2017092200100122,2017년 9월 22일 07시,금요일,서울특별시 동대문구 장안동,경상사고,0,0,1,0,차대차 - 측면충돌,안전운전불이행,포장 - 건조,흐림,단일로 - 기타,자전거,기타불명,미분류,기타불명,자전거,남,15세,경상
2017092200100378,2017년 9월 22일 15시,금요일,서울특별시 은평구 응암동,경상사고,0,0,1,0,차대차 - 기타,안전운전불이행,포장 - 건조,맑음,단일로 - 기타,자전거,여,72세,경상,승용,남,46세,상해없음
2017092200100382,2017년 9월 22일 15시,금요일,서울특별시 양천구 신정동,경상사고,0,0,1,0,차량단독 - 기타,안전운전불이행,포장 - 건조,맑음,단일로 - 기타,자전거,남,10세,경상,,,,
2017092200100473,2017년 9월 22일 17시,금요일,서울특별시 성북구 정릉동,중상사고,0,1,1,0,차대차 - 측면충돌,안전운전불이행,포장 - 기타,맑음,교차로 - 교차로부근,자전거,남,75세,경상,자전거,남,72세,중상
2017092200100586,2017년 9월 22일 19시,금요일,서울특별시 강남구 개포동,경상사고,0,0,1,0,차대사람 - 기타,안전운전불이행,포장 - 건조,맑음,단일로 - 기타,자전거,남,14세,상해없음,보행자,여,34세,경상
2017092200100681,2017년 9월 22일 21시,금요일,서울특별시 노원구 상계동,부상신고사고,0,0,0,1,차대차 - 정면충돌,안전운전불이행,포장 - 건조,맑음,교차로 - 교차로부근,자전거,남,14세,부상신고,승용,남,65세,상해없음
2017092300100102,2017년 9월 23일 05시,토요일,서울특별시 은평구 응암동,경상사고,0,0,1,0,차대사람 - 기타,안전운전불이행,포장 - 건조,맑음,기타 - 기타,자전거,남,60세,기타불명,보행자,남,75세,경상
2017092300100166,2017년 9월 23일 09시,토요일,서울특별시 동대문구 장안동,경상사고,0,0,1,0,차대사람 - 보도통행중,안전운전불이행,포장 - 건조,맑음,기타 - 기타,자전거,여,48세,상해없음,보행자,남,35세,경상
2017092300100169,2017년 9월 23일 09시,토요일,서울특별시 송파구 장지동,중상사고,0,1,0,0,차대차 - 측면충돌,신호위반,포장 - 건조,맑음,교차로 - 교차로안,자전거,남,13세,중상,승용,남,33세,상해없음
2017092300100455,2017년 9월 23일 16시,토요일,서울특별시 동작구 신대방동,중상사고,0,1,0,0,차대차 - 측면충돌,교차로운행방법위반,포장 - 건조,맑음,교차로 - 교차로안,자전거,여,50세,중상,승용,여,43세,상해없음
2017092300100487,2017년 9월 23일 17시,토요일,서울특별시 마포구 상암동,경상사고,0,0,1,0,차대사람 - 기타,안전운전불이행,포장 - 건조,맑음,기타 - 기타,자전거,남,51세,상해없음,보행자,여,36세,경상
2017092300100491,2017년 9월 23일 17시,토요일,서울특별시 양천구 목동,중상사고,0,1,0,0,차대차 - 기타,안전운전불이행,포장 - 건조,맑음,기타 - 기타,자전거,남,13세,상해없음,자전거,남,57세,중상
2017092300100527,2017년 9월 23일 18시,토요일,서울특별시 동대문구 장안동,경상사고,0,0,1,0,차대차 - 측면충돌,직진우회전진행방해,포장 - 건조,맑음,교차로 - 교차로안,자전거,남,74세,경상,승용,남,21세,상해없음