사고번호,사고일시,요일,시군구,사고내용,사망자수,중상자수,경상자수,부상신고자수,사고유형,법규위반,노면상태,기상상태,도로형태,가해운전자 차종,가해운전자 성별,가해운전자 연령,가해운전자 상해정도,피해운전자 차종,피해운전자 성별,피해운전자 연령,피해운전자 상해정도
2017110500100519,2017년 11월 5일 23시,일요일,서울특별시 은평구 구산동,경상사고,0,0,1,0,차대사람 - 기타,안전운전불이행,포장 - 건조,맑음,단일로 - 기타,자전거,여,52세,상해없음,보행자,여,25세,경상
2017110600100154,2017년 11월 6일 09시,월요일,서울특별시 강동구 천호동,경상사고,0,0,1,0,차대차 - 측면충돌,안전운전불이행,포장 - 건조,맑음,단일로 - 기타,자전거,여,64세,경상,승용,여,38세,상해없음
2017110600100313,2017년 11월 6일 14시,월요일,서울특별시 성북구 석관동,경상사고,0,0,1,0,차대사람 - 횡단중,보행자보호의무위반,포장 - 건조,맑음,교차로 - 교차로횡단보도내,자전거,남,59세,상해없음,보행자,여,71세,경상
2017110600100315,2017년 11월 6일 14시,월요일,서울특별시 양천구 신정동,경상사고,0,0,1,0,차대차 - 기타,안전운전불이행,포장 - 건조,맑음,단일로 - 기타,자전거,남,8세,경상,승용,남,74세,상해없음
2017110600100382,2017년 11월 6일 16시,월요일,서울특별시 송파구 방이동,중상사고,0,1,0,0,차대차 - 측면충돌,안전운전불이행,포장 - 건조,맑음,기타 - 기타,자전거,남,17세,상해없음,자전거,남,72세,중상
2017110600100625,2017년 11월 6일 22시,월요일,서울특별시 노원구 월계동,중상사고,0,1,0,0,차대차 - 기타,불법유턴,포장 - 건조,맑음,교차로 - 교차로부근,자전거,여,56세,중상,승합,남,70세,상해없음
2017110700100066,2017년 11월 7일 05시,화요일,서울특별시 양천구 목동,부상신고사고,0,0,0,1,차대차 - 기타,안전운전불이행,포장 - 건조,맑음,단일로 - 교량,자전거,남,68세,부상신고,승용,남,58세,상해없음
2017110700100128,2017년 11월 7일 08시,화요일,서울특별시 노원구 중계동,경상사고,0,0,1,0,차대사람 - 횡단중,신호위반,포장 - 건조,맑음,교차로 - 교차로안,자전거,남,14세,상해없음,보행자,여,51세,경상
2017110700100257,2017년 11월 7일 12시,화요일,서울특별시 노원구 공릉동,중상사고,0,1,0,0,차대사람 - 횡단중,보행자보호의무위반,포장 - 건조,맑음,단일로 - 기타,자전거,여,55세,상해없음,보행자,남,69세,중상
2017110700100333,2017년 11월 7일 15시,화요일,서울특별시 종로구 창신동,경상사고,0,0,1,0,차대차 - 측면충돌,안전운전불이행,포장 - 건조,맑음,단일로 - 기타,자전거,남,69세,경상,승용,남,59세,상해없음
2017110700100336,2017년 11월 7일 15시,화요일,서울특별시 중랑구 면목동,부상신고사고,0,0,0,1,차대차 - 기타,안전운전불이행,포장 - 건조,맑음,교차로 - 교차로부근,자전거,남,71세,부상신고,승합,남,51세,상해없음
2017110700100448,2017년 11월 7일 18시,화요일,서울특별시 구로구 구로동,부상신고사고,0,0,0,1,차대차 - 측면충돌,안전운전불이행,포장 - 건조,맑음,단일로 - 기타,자전거,남,7세,부상신고,승용,남,58세,상해없음
2017110800100062,2017년 11월 8일 04시,수요일,서울특별시 성북구 장위동,사망사고,1,0,0,0,차대차 - 측면충돌,중앙선침범,포장 - 건조,맑음,교차로 - 교차로횡단보도내,자전거,남,59세,사망,화물,남,75세,상해없음
2017110800100103,2017년 11월 8일 07시,수요일,서울특별시 강서구 마곡동,중상사고,0,1,0,0,차대차 - 기타,안전운전불이행,포장 - 건조,맑음,교차로 - 교차로횡단보도내,자전거,여,51세,중상,승합,남,64세,상해없음
2017110800100178,2017년 11월 8일 09시,수요일,서울특별시 동대문구 제기동,부상신고사고,0,0,0,1,차대차 - 기타,안전운전불이행,포장 - 건조,맑음,단일로 - 기타,자전거,남,63세,부상신고,화물,여,65세,상해없음
2017110800100216,2017년 11월 8일 10시,수요일,서울특별시 서초구 방배동,중상사고,0,1,0,0,차대사람 - 횡단중,신호위반,포장 - 건조,맑음,교차로 - 교차로횡단보도내,자전거,남,30세,상해없음,보행자,여,67세,중상
2017110800100405,2017년 11월 8일 16시,수요일,서울특별시 동대문구 전농동,경상사고,0,0,1,0,차대사람 - 횡단중,신호위반,포장 - 건조,맑음,교차로 - 교차로횡단보도내,자전거,남,68세,상해없음,보행자,여,62세,경상
2017110800100408,2017년 11월 8일 16시,수요일,서울특별시 서초구 방배동,경상사고,0,0,1,0,차대차 - 측면충돌,안전거리미확보,포장 - 건조,맑음,교차로 - 교차로안,자전거,남,13세,경상,화물,남,69세,상해없음
2017110800100456,2017년 11월 8일 17시,수요일,서울특별시 양천구 신정동,중상사고,0,1,0,0,차대사람 - 횡단중,신호위반,포장 - 건조,맑음,단일로 - 기타,자전거,남,70세,상해없음,보행자,여,38세,중상
2017110900100072,2017년 11월 9일 06시,목요일,서울특별시 강동구 천호동,중상사고,0,1,0,0,차대차 - 기타,중앙선침범,포장 - 건조,맑음,교차로 - 교차로부근,자전거,남,16세,상해없음,자전거,남,63세,중상
2017110900100340,2017년 11월 9일 15시,목요일,서울특별시 강북구 수유동,경상사고,0,0,1,0,차대차 - 측면충돌,기타,포장 - 건조,맑음,단일로 - 기타,자전거,남,59세,경상,승합,남,60세,상해없음
2017110900100464,2017년 11월 9일 18시,목요일,서울특별시 성동구 성수동2가,경상사고,0,0,1,0,차대차 - 기타,안전운전불이행,포장 - 건조,맑음,기타 - 기타,자전거,여,50세,경상,승용,남,56세,상해없음
2017110900100542,2017년 11월 9일 19시,목요일,서울특별시 송파구 방이동,경상사고,0,0,1,0,차대차 - 기타,안전운전불이행,포장 - 건조,맑음,단일로 - 기타,자전거,남,12세,경상,승용,남,69세,상해없음
2017111000100270,2017년 11월 10일 12시,금요일,서울특별시 은평구 갈현동,중상사고,0,1,0,0,차대차 - 측면충돌,안전운전불이행,포장 - 건조,맑음,교차로 - 교차로안,자전거,남,22세,상해없음,이륜,남,53세,중상
2017111000100293,2017년 11월 10일 13시,금요일,서울특별시 은평구 역촌동,경상사고,0,0,1,0,차대차 - 측면충돌,안전운전불이행,포장 - 건조,맑음,교차로 - 교차로안,자전거,여,38세,경상,승용,남,70세,상해없음
2017111000100294,2017년 11월 10일 13시,금요일,서울특별시 은평구 녹번동,경상사고,0,0,1,0,차대차 - 측면충돌,안전운전불이행,포장 - 건조,맑음,단일로 - 기타,자전거,여,73세,경상,화물,남,67세,상해없음
2017111000100314,2017년 11월 10일 14시,금요일,서울특별시 서대문구 홍은동,부상신고사고,0,0,0,1,차대차 - 측면충돌,신호위반,포장 - 건조,맑음,단일로 - 기타,자전거,남,34세,부상신고,승용,남,33세,상해없음
2017111000100497,2017년 11월 10일 18시,금요일,서울특별시 동작구 신대방동,부상신고사고,0,0,0,1,차대차 - 측면충돌,안전거리미확보,포장 - 젖음/습기,흐림,교차로 - 교차로부근,자전거,남,61세,부상신고,화물,남,49세,상해없음
2017111100100146,2017년 11월 11일 08시,토요일,서울특별시 동대문구 제기동,경상사고,0,0,1,0,차대차 - 기타,중앙선침범,포장 - 건조,맑음,단일로 - 기타,자전거,남,62세,경상,화물,남,65세,상해없음
2017111100100430,2017년 11월 11일 16시,토요일,서울특별시 강남구 압구정동,경상사고,0,0,1,0,차대차 - 기타,안전운전불이행,포장 - 건조,맑음,단일로 - 기타,자전거,남,65세,상해없음,자전거,남,61세,경상
2017111100100530,2017년 11월 11일 18시,토요일,서울특별시 성북구 하월곡동,부상신고사고,0,0,0,1,차대차 - 측면충돌,중앙선침범,포장 - 건조,맑음,교차로 - 교차로부근,자전거,남,65세,부상신고,승용,여,61세,상해없음
2017111200100295,2017년 11월 12일 15시,일요일,서울특별시 성동구 마장동,경상사고,0,0,1,0,차대사람 - 보도통행중,기타,포장 - 건조,맑음,단일로 - 기타,자전거,남,72세,상해없음,보행자,남,27세,경상
2017111300100065,2017년 11월 13일 06시,월요일,서울특별시 마포구 합정동,경상사고,0,0,1,0,차대차 - 정면충돌,안전운전불이행,포장 - 건조,맑음,단일로 - 교량,자전거,남,64세,경상,자전거,남,45세,상해없음
2017111300100109,2017년 11월 13일 08시,월요일,서울특별시 영등포구 양평동1가,중상사고,0,1,0,0,차대차 - 기타,기타,포장 - 건조,맑음,교차로 - 교차로안,자전거,남,85세,중상,기타불명,기타불명,미분류,기타불명
2017111300100190,2017년 11월 13일 10시,월요일,서울특별시 동대문구 휘경동,경상사고,0,0,1,0,차대차 - 측면충돌,안전운전불이행,포장 - 건조,맑음,기타 - 기타,자전거,남,16세,경상,승용,여,32세,상해없음
2017111300100319,2017년 11월 13일 14시,월요일,서울특별시 동작구 상도동,경상사고,0,0,1,0,차대사람 - 기타,안전운전불이행,포장 - 건조,맑음,단일로 - 기타,자전거,남,80세,상해없음,보행자,여,55세,경상
2017111300100422,2017년 11월 13일 17시,월요일,서울특별시 송파구 방이동,부상신고사고,0,0,0,1,차대차 - 측면충돌,안전운전불이행,포장 - 건조,흐림,교차로 - 교차로횡단보도내,자전거,남,46세,부상신고,승용,여,24세,상해없음
2017111300100582,2017년 11월 13일 21시,월요일,서울특별시 동작구 신대방동,부상신고사고,0,0,0,1,차대차 - 추돌,안전운전불이행,포장 - 젖음/습기,비,단일로 - 기타,자전거,남,20세,부상신고,승용,여,39세,상해없음
2017111300100586,2017년 11월 13일 21시,월요일,서울특별시 송파구 삼전동,경상사고,0,0,1,0,차대차 - 기타,안전운전불이행,포장 - 건조,맑음,기타 - 기타,자전거,여,22세,경상,기타불명,기타불명,미분류,기타불명
2017111400100156,2017년 11월 14일 09시,화요일,서울특별시 강북구 번동,경상사고,0,0,1,0,차대사람 - 횡단중,신호위반,포장 - 건조,맑음,교차로 - 교차로안,자전거,여,23세,상해없음,보행자,여,60세,경상
2017111400100477,2017년 11월 14일 18시,화요일,서울특별시 강남구 도곡동,경상사고,0,0,1,0,차대사람 - 길가장자리구역통행중,안전운전불이행,포장 - 건조,맑음,기타 - 기타,자전거,남,14세,상해없음,보행자,여,71세,경상
2017111500100227,2017년 11월 15일 11시,수요일,서울특별시 도봉구 방학동,부상신고사고,0,0,0,1,차대차 - 측면충돌,안전운전불이행,포장 - 건조,맑음,교차로 - 교차로안,자전거,남,76세,부상신고,승용,남,65세,상해없음
2017111500100252,2017년 11월 15일 12시,수요일,서울특별시 강동구 고덕동,부상신고사고,0,0,0,1,차대차 - 기타,안전운전불이행,포장 - 건조,맑음,단일로 - 기타,자전거,남,82세,부상신고,승용,여,37세,상해없음
2017111500100416,2017년 11월 15일 16시,수요일,서울특별시 강서구 내발산동,경상사고,0,0,1,0,차대차 - 측면충돌,안전운전불이행,포장 - 건조,맑음,교차로 - 교차로안,자전거,여,31세,경상,승용,남,56세,상해없음
2017111600100079,2017년 11월 16일 06시,목요일,서울특별시 강서구 화곡동,경상사고,0,0,1,0,차대차 - 기타,중앙선침범,포장 - 건조,맑음,단일로 - 기타,자전거,남,66세,경상,승용,남,57세,상해없음
2017111600100163,2017년 11월 16일 09시,목요일,서울특별시 영등포구 당산동4가,경상사고,0,0,1,0,차대차 - 측면충돌,안전운전불이행,포장 - 건조,맑음,단일로 - 기타,자전거,여,56세,경상,승용,남,32세,상해없음
2017111600100167,2017년 11월 16일 09시,목요일,서울특별시 송파구 잠실동,중상사고,0,1,0,1,차대차 - 측면충돌,안전운전불이행,포장 - 건조,맑음,단일로 - 기타,자전거,남,13세,부상신고,자전거,남,57세,중상
2017111600100405,2017년 11월 16일 17시,목요일,서울특별시 관악구 봉천동,부상신고사고,0,0,0,1,차대차 - 기타,안전운전불이행,포장 - 건조,맑음,단일로 - 기타,자전거,남,31세,부상신고,승용,남,53세,상해없음
2017111600100443,2017년 11월 16일 18시,목요일,서울특별시 중랑구 망우동,경상사고,0,0,1,0,차대차 - 기타,안전운전불이행,포장 - 건조,맑음,단일로 - 기타,자전거,남,49세,경상,건설기계,남,55세,기타불명
2017111600100546,2017년 11월 16일 20시,목요일,서울특별시 은평구 역촌동,부상신고사고,0,0,0,1,차대차 - 측면충돌,직진우회전진행방해,포장 - 건조,맑음,교차로 - 교차로안,자전거,남,13세,부상신고,승용,남,54세,상해없음
2017111700100214,2017년 11월 17일 10시,금요일,서울특별시 동작구 상도동,경상사고,0,0,1,0,차대차 - 기타,안전운전불이행,포장 - 건조,맑음,단일로 - 기타,자전거,남,56세,경상,승용,남,50세,상해없음
2017111700100716,2017년 11월 17일 23시,금요일,서울특별시 동대문구 답십리동,부상신고사고,0,0,0,1,차대차 - 기타,안전운전불이행,포장 - 건조,맑음,교차로 - 교차로안,자전거,남,40세,부상신고,기타불명,기타불명,미분류,기타불명
2017111800100192,2017년 11월 18일 10시,토요일,서울특별시 송파구 삼전동,부상신고사고,0,0,0,1,차대차 - 측면충돌,불법유턴,포장 - 건조,맑음,기타 - 기타,자전거,남,55세,부상신고,승용,남,51세,상해없음
2017111800100225,2017년 11월 18일 11시,토요일,서울특별시 중구 황학동,중상사고,0,1,0,0,차대사람 - 보도통행중,기타,포장 - 건조,맑음,기타 - 기타,자전거,남,18세,상해없음,보행자,여,43세,중상
2017111800100273,2017년 11월 18일 12시,토요일,서울특별시 광진구 자양동,부상신고사고,0,0,0,1,차대차 - 측면충돌,안전운전불이행,포장 - 건조,맑음,단일로 - 기타,자전거,남,13세,부상신고,화물,남,28세,상해없음
2017111800100308,2017년 11월 18일 13시,토요일,서울특별시 구로구 구로동,경상사고,0,0,1,0,차대차 - 측면충돌,안전운전불이행,포장 - 건조,맑음,교차로 - 교차로안,자전거,여,41세,경상,화물,남,66세,상해없음
2017111800100384,2017년 11월 18일 15시,토요일,서울특별시 영등포구 신길동,부상신고사고,0,0,0,1,차대차 - 측면충돌,안전운전불이행,포장 - 건조,맑음,단일로 - 기타,자전거,남,13세,부상신고,승용,여,34세,기타불명
2017111900100155,2017년 11월 19일 11시,일요일,서울특별시 서대문구 남가좌동,중상사고,0,1,0,0,차대차 - 측면충돌,불법유턴,포장 - 건조,맑음,단일로 - 기타,자전거,남,77세,중상,승용,남,69세,상해없음
2017111900100239,2017년 11월 19일 14시,일요일,서울특별시 구로구 구로동,경상사고,0,0,1,0,차대사람 - 보도통행중,기타,포장 - 건조,맑음,단일로 - 기타,자전거,여,57세,상해없음,보행자,여,75세,경상
2017111900100275,2017년 11월 19일 15시,일요일,서울특별시 동작구 신대방동,부상신고사고,0,0,0,1,차대차 - 측면충돌,직진우회전진행방해,포장 - 건조,맑음,교차로 - 교차로안,자전거,남,13세,부상신고,승용,여,30세,상해없음
2017111900100305,2017년 11월 19일 16시,일요일,서울특별시 광진구 화양동,부상신고사고,0,0,0,1,차대사람 - 기타,안전운전불이행,포장 - 건조,맑음,기타 - 기타,자전거,남,22세,상해없음,보행자,남,79세,부상신고
2017111900100461,2017년 11월 19일 21시,일요일,서울특별시 도봉구 방학동,경상사고,0,0,1,0,차대사람 - 보도통행중,안전운전불이행,포장 - 건조,맑음,단일로 - 기타,자전거,남,54세,상해없음,보행자,여,48세,경상
2017112000100278,2017년 11월 20일 11시,월요일,서울특별시 중랑구 상봉동,중상사고,0,1,0,0,차대사람 - 횡단중,보행자보호의무위반,포장 - 건조,맑음,교차로 - 교차로횡단보도내,자전거,남,73세,상해없음,보행자,여,5세,중상
2017112000100586,2017년 11월 20일 19시,월요일,서울특별시 종로구 숭인동,부상신고사고,0,0,0,1,차대차 - 측면충돌,안전운전불이행,포장 - 건조,맑음,단일로 - 기타,자전거,남,53세,부상신고,화물,남,31세,상해없음
2017112000100631,2017년 11월 20일 20시,월요일,서울특별시 성동구 성수동2가,경상사고,0,0,1,0,차대차 - 측면충돌,직진우회전진행방해,포장 - 건조,맑음,교차로 - 교차로안,자전거,여,60세,경상,화물,남,73세,상해없음
2017112100100063,2017년 11월 21일 03시,화요일,서울특별시 은평구 응암동,부상신고사고,0,0,0,1,차대차 - 측면충돌,중앙선침범,포장 - 건조,맑음,교차로 - 교차로부근,자전거,남,59세,부상신고,승용,남,30세,상해없음
2017112200100502,2017년 11월 22일 18시,수요일,서울특별시 구로구 고척동,경상사고,0,0,1,0,차대사람 - 보도통행중,기타,포장 - 건조,기타,기타 - 기타,자전거,남,45세,상해없음,보행자,여,61세,경상
2017112300100183,2017년 11월 23일 09시,목요일,서울특별시 영등포구 당산동3가,경상사고,0,0,1,0,차대차 - 측면충돌,중앙선침범,포장 - 건조,맑음,단일로 - 지하차도(도로)내,자전거,남,21세,경상,승용,남,29세,상해없음
2017112300100406,2017년 11월 23일 16시,목요일,서울특별시 관악구 신림동,중상사고,0,1,0,0,차대사람 - 기타,안전운전불이행,포장 - 건조,맑음,교차로 - 교차로안,자전거,기타불명,미분류,기타불명,보행자,여,13세,중상
2017112400100203,2017년 11월 24일 08시,금요일,서울특별시 성북구 안암동4가,경상사고,0,0,1,0,차대차 - 측면충돌,직진우회전진행방해,포장 - 적설,흐림,교차로 - 교차로안,자전거,남,77세,경상,승용,여,47세,상해없음
2017112400100450,2017년 11월 24일 15시,금요일,서울특별시 중랑구 중화동,부상신고사고,0,0,0,1,차대차 - 기타,안전운전불이행,포장 - 건조,맑음,교차로 - 교차로부근,자전거,여,49세,부상신고,승용,남,75세,상해없음
2017112500100198,2017년 11월 25일 09시,토요일,서울특별시 강남구 도곡동,경상사고,0,0,1,0,차대차 - 기타,안전운전불이행,포장 - 건조,맑음,주차장 - 주차장,자전거,남,12세,경상,승용,남,56세,상해없음
2017112500100246,2017년 11월 25일 11시,토요일,서울특별시 강북구 번동,경상사고,0,0,1,0,차대차 - 기타,안전운전불이행,포장 - 젖음/습기,눈,단일로 - 기타,자전거,남,74세,경상,승용,남,74세,상해없음
2017112500100314,2017년 11월 25일 13시,토요일,서울특별시 영등포구 양평동3가,경상사고,0,0,1,0,차대차 - 기타,안전운전불이행,포장 - 젖음/습기,비,교차로 - 교차로안,자전거,남,12세,경상,화물,남,62세,상해없음
2017112700100088,2017년 11월 27일 07시,월요일,서울특별시 영등포구 신길동,부상신고사고,0,0,0,1,차대차 - 기타,기타,포장 - 건조,맑음,단일로 - 기타,자전거,남,26세,부상신고,승용,남,52세,상해없음
2017112700100120,2017년 11월 27일 08시,월요일,서울특별시 중랑구 중화동,부상신고사고,0,0,0,1,차대차 - 측면충돌,안전운전불이행,포장 - 건조,맑음,단일로 - 기타,자전거,남,14세,부상신고,이륜,남,43세,상해없음
2017112700100246,2017년 11월 27일 12시,월요일,서울특별시 영등포구 문래동3가,경상사고,0,0,1,0,차대차 - 측면충돌,안전거리미확보,포장 - 건조,맑음,교차로 - 교차로안,자전거,남,72세,경상,승용,여,58세,상해없음
2017112800100212,2017년 11월 28일 11시,화요일,서울특별시 성동구 옥수동,중상사고,0,1,0,0,차대차 - 기타,안전운전불이행,포장 - 건조,맑음,단일로 - 기타,자전거,남,73세,상해없음,자전거,남,75세,중상
2017112800100476,2017년 11월 28일 19시,화요일,서울특별시 은평구 구산동,경상사고,0,0,1,0,차대차 - 기타,안전운전불이행,포장 - 건조,맑음,교차로 - 교차로안,자전거,남,15세,경상,승용,여,37세,상해없음
2017112900100149,2017년 11월 29일 09시,수요일,서울특별시 송파구 석촌동,중상사고,0,1,0,0,차대차 - 측면충돌,안전운전불이행,포장 - 건조,맑음,교차로 - 교차로횡단보도내,자전거,여,52세,중상,승합,남,63세,상해없음
2017112900100211,2017년 11월 29일 11시,수요일,서울특별시 동대문구 전농동,경상사고,0,0,1,0,차대차 - 기타,안전운전불이행,포장 - 건조,맑음,교차로 - 교차로안,자전거,여,52세,경상,화물,남,62세,상해없음
2017112900100246,2017년 11월 29일 12시,수요일,서울특별시 강북구 수유동,경상사고,0,0,1,0,차대차 - 측면충돌,신호위반,포장 - 건조,맑음,교차로 - 교차로안,자전거,여,66세,경상,원동기,남,63세,상해없음
2017112900100297,2017년 11월 29일 14시,수요일,서울특별시 중랑구 망우동,중상사고,0,3,5,0,차대차 - 기타,안전운전불이행,포장 - 건조,맑음,교차로 - 교차로안,자전거,남,76세,상해없음,승합,남,59세,기타불명
2017112900100395,2017년 11월 29일 17시,수요일,서울특별시 서대문구 북가좌동,중상사고,0,1,0,1,차대차 - 기타,중앙선침범,포장 - 건조,맑음,단일로 - 기타,자전거,남,77세,중상,이륜,남,40세,부상신고
2017112900100596,2017년 11월 29일 23시,수요일,서울특별시 양천구 신정동,경상사고,0,0,1,0,차대차 - 기타,안전운전불이행,포장 - 건조,맑음,단일로 - 기타,자전거,남,15세,경상,이륜,남,28세,상해없음
2017113000100243,2017년 11월 30일 12시,목요일,서울특별시 송파구 삼전동,부상신고사고,0,0,0,1,차대차 - 측면충돌,기타,포장 - 건조,맑음,교차로 - 교차로안,자전거,여,60세,부상신고,승용,남,28세,상해없음
2017113000100244,2017년 11월 30일 12시,목요일,서울특별시 구로구 구로동,중상사고,0,1,0,0,차대차 - 측면충돌,안전운전불이행,포장 - 건조,맑음,교차로 - 교차로안,자전거,남,79세,중상,승용,남,71세,상해없음
2017113000100337,2017년 11월 30일 15시,목요일,서울특별시 송파구 거여동,경상사고,0,0,1,0,차대차 - 측면충돌,안전운전불이행,포장 - 건조,맑음,기타 - 기타,자전거,여,63세,경상,승합,남,53세,상해없음
2017113000100381,2017년 11월 30일 16시,목요일,서울특별시 송파구 풍납동,경상사고,0,0,1,0,차대차 - 측면충돌,안전운전불이행,포장 - 건조,맑음,단일로 - 기타,자전거,남,69세,경상,승합,남,59세,상해없음
2017113000100464,2017년 11월 30일 18시,목요일,서울특별시 성북구 하월곡동,경상사고,0,0,1,0,차대사람 - 횡단중,보행자보호의무위반,포장 - 건조,맑음,단일로 - 기타,자전거,기타불명,미분류,기타불명,보행자,여,32세,경상
2017120100100206,2017년 12월 1일 09시,금요일,서울특별시 중랑구 면목동,경상사고,0,0,1,0,차대차 - 기타,안전운전불이행,포장 - 건조,맑음,단일로 - 기타,자전거,여,51세,경상,승용,여,59세,상해없음
2017120100100242,2017년 12월 1일 10시,금요일,서울특별시 영등포구 양평동4가,부상신고사고,0,0,0,1,차대차 - 정면충돌,안전운전불이행,포장 - 건조,맑음,단일로 - 기타,자전거,남,71세,부상신고,승용,여,37세,상해없음
2017120100100270,2017년 12월 1일 11시,금요일,서울특별시 양천구 신정동,경상사고,0,0,1,0,차대차 - 기타,신호위반,포장 - 건조,맑음,교차로 - 교차로안,자전거,남,68세,경상,승용,남,38세,상해없음
2017120100100352,2017년 12월 1일 14시,금요일,서울특별시 도봉구 도봉동,중상사고,0,1,0,0,차대차 - 측면충돌,안전운전불이행,포장 - 건조,맑음,교차로 - 교차로안,자전거,남,63세,중상,승용,남,72세,상해없음
2017120100100443,2017년 12월 1일 16시,금요일,서울특별시 서대문구 북가좌동,부상신고사고,0,0,0,1,차대사람 - 길가장자리구역통행중,안전운전불이행,포장 - 젖음/습기,비,단일로 - 기타,자전거,남,67세,상해없음,보행자,여,78세,부상신고
2017120100100489,2017년 12월 1일 17시,금요일,서울특별시 송파구 가락동,부상신고사고,0,0,0,1,차대차 - 측면충돌,안전운전불이행,포장 - 건조,맑음,단일로 - 기타,자전거,남,20세,부상신고,승용,남,28세,상해없음
2017120200100095,2017년 12월 2일 04시,토요일,서울특별시 동작구 신대방동,경상사고,0,0,1,0,차대차 - 측면충돌,안전운전불이행,포장 - 건조,맑음,단일로 - 기타,자전거,남,49세,경상,승합,남,42세,상해없음
2017120200100137,2017년 12월 2일 07시,토요일,서울특별시 송파구 가락동,부상신고사고,0,0,0,1,차대차 - 측면충돌,안전운전불이행,포장 - 건조,맑음,교차로 - 교차로부근,자전거,남,56세,부상신고,승용,남,34세,상해없음
2017120200100179,2017년 12월 2일 09시,토요일,서울특별시 송파구 잠실동,중상사고,0,1,0,0,차대차 - 측면충돌,안전운전불이행,포장 - 건조,맑음,단일로 - 기타,자전거,남,82세,중상,승용,여,52세,상해없음
2017120200100301,2017년 12월 2일 13시,토요일,서울특별시 노원구 상계동,부상신고사고,0,0,0,1,차대사람 - 차도통행중,안전운전불이행,포장 - 건조,맑음,단일로 - 기타,자전거,남,65세,상해없음,보행자,남,62세,부상신고
2017120200100478,2017년 12월 2일 18시,토요일,서울특별시 중랑구 묵동,부상신고사고,0,0,0,1,차대차 - 기타,안전운전불이행,포장 - 건조,맑음,교차로 - 교차로안,자전거,남,55세,부상신고,승용,남,64세,상해없음
2017120300100265,2017년 12월 3일 15시,일요일,서울특별시 구로구 항동,경상사고,0,0,1,0,차대사람 - 횡단중,안전운전불이행,포장 - 건조,맑음,교차로 - 교차로부근,자전거,남,15세,상해없음,보행자,남,65세,경상
2017120300100296,2017년 12월 3일 16시,일요일,서울특별시 송파구 석촌동,중상사고,0,1,0,0,차대차 - 측면충돌,직진우회전진행방해,포장 - 건조,맑음,교차로 - 교차로안,자전거,여,65세,중상,승용,여,41세,상해없음
2017120400100172,2017년 12월 4일 09시,월요일,서울특별시 광진구 중곡동,부상신고사고,0,0,0,1,차대차 - 측면충돌,중앙선침범,포장 - 건조,맑음,교차로 - 교차로횡단보도내,자전거,여,39세,부상신고,원동기,남,41세,상해없음
2017120400100342,2017년 12월 4일 15시,월요일,서울특별시 송파구 신천동,중상사고,0,1,0,0,차대사람 - 보도통행중,안전운전불이행,포장 - 건조,맑음,기타 - 기타,자전거,남,17세,상해없음,보행자,여,60세,중상
2017120400100587,2017년 12월 4일 22시,월요일,서울특별시 동대문구 장안동,경상사고,0,0,1,0,차대차 - 기타,안전운전불이행,포장 - 건조,맑음,단일로 - 기타,자전거,남,24세,상해없음,이륜,남,41세,경상
2017120500100137,2017년 12월 5일 08시,화요일,서울특별시 서초구 잠원동,경상사고,0,0,1,0,차대차 - 측면충돌,안전운전불이행,포장 - 건조,맑음,단일로 - 기타,자전거,남,11세,경상,승용,여,52세,상해없음
2017120500100207,2017년 12월 5일 10시,화요일,서울특별시 노원구 상계동,경상사고,0,0,1,0,차대사람 - 횡단중,안전운전불이행,포장 - 건조,맑음,단일로 - 기타,자전거,남,56세,상해없음,보행자,여,15세,경상
2017120500100321,2017년 12월 5일 14시,화요일,서울특별시 강북구 미아동,경상사고,0,0,1,0,차대사람 - 기타,안전운전불이행,포장 - 건조,맑음,단일로 - 기타,자전거,남,38세,상해없음,보행자,여,70세,경상
2017120600100105,2017년 12월 6일 06시,수요일,서울특별시 노원구 하계동,중상사고,0,1,0,0,차대차 - 기타,직진우회전진행방해,포장 - 건조,맑음,교차로 - 교차로안,자전거,남,65세,중상,승합,남,42세,상해없음
2017120600100155,2017년 12월 6일 08시,수요일,서울특별시 구로구 구로동,경상사고,0,0,1,0,차대사람 - 횡단중,신호위반,포장 - 건조,맑음,단일로 - 기타,자전거,남,24세,상해없음,보행자,남,46세,경상
2017120600100294,2017년 12월 6일 12시,수요일,서울특별시 종로구 종로5가,중상사고,0,1,0,0,차대차 - 기타,신호위반,포장 - 건조,맑음,교차로 - 교차로안,자전거,남,54세,상해없음,승합,남,52세,상해없음
2017120600100450,2017년 12월 6일 16시,수요일,서울특별시 노원구 중계동,부상신고사고,0,0,0,1,차대사람 - 기타,안전운전불이행,포장 - 젖음/습기,눈,단일로 - 기타,자전거,여,61세,부상신고,보행자,남,45세,상해없음
2017120600100498,2017년 12월 6일 17시,수요일,서울특별시 양천구 신정동,경상사고,0,0,1,0,차대차 - 기타,안전운전불이행,포장 - 젖음/습기,비,기타 - 기타,자전거,남,12세,경상,승용,남,47세,상해없음
2017120700100055,2017년 12월 7일 03시,목요일,서울특별시 광진구 자양동,부상신고사고,0,0,0,1,차대차 - 기타,안전운전불이행,포장 - 건조,맑음,단일로 - 교량,자전거,남,65세,부상신고,승용,남,43세,상해없음