사고번호,사고일시,요일,시군구,사고내용,사망자수,중상자수,경상자수,부상신고자수,사고유형,법규위반,노면상태,기상상태,도로형태,가해운전자 차종,가해운전자 성별,가해운전자 연령,가해운전자 상해정도,피해운전자 차종,피해운전자 성별,피해운전자 연령,피해운전자 상해정도
2017120800100387,2017년 12월 8일 15시,금요일,서울특별시 영등포구 문래동3가,경상사고,0,0,1,0,차대사람 - 보도통행중,미분류,포장 - 건조,맑음,교차로 - 교차로횡단보도내,자전거,남,68세,상해없음,보행자,여,9세,경상
2017120800100388,2017년 12월 8일 15시,금요일,서울특별시 송파구 신천동,경상사고,0,0,1,0,차대차 - 측면충돌,안전운전불이행,포장 - 건조,맑음,교차로 - 교차로부근,자전거,남,16세,경상,승용,남,65세,상해없음
2017120800100389,2017년 12월 8일 15시,금요일,서울특별시 양천구 신월동,중상사고,0,1,1,0,차대사람 - 기타,안전운전불이행,포장 - 건조,맑음,단일로 - 기타,자전거,남,15세,상해없음,보행자,여,58세,경상
2017120800100465,2017년 12월 8일 17시,금요일,서울특별시 양천구 목동,부상신고사고,0,0,0,1,차대차 - 측면충돌,안전운전불이행,포장 - 건조,맑음,단일로 - 기타,자전거,남,17세,부상신고,승용,남,48세,상해없음
2017120900100083,2017년 12월 9일 02시,토요일,서울특별시 송파구 오금동,부상신고사고,0,0,0,1,차대차 - 측면충돌,안전운전불이행,포장 - 건조,기타,교차로 - 교차로횡단보도내,자전거,남,24세,부상신고,승용,남,59세,상해없음
2017120900100346,2017년 12월 9일 14시,토요일,서울특별시 영등포구 영등포동,경상사고,0,0,1,0,차대차 - 측면충돌,안전운전불이행,포장 - 건조,맑음,교차로 - 교차로안,자전거,남,62세,경상,승용,남,56세,상해없음
2017120900100544,2017년 12월 9일 19시,토요일,서울특별시 광진구 중곡동,경상사고,0,0,1,0,차대차 - 측면충돌,중앙선침범,포장 - 건조,맑음,교차로 - 교차로부근,자전거,여,70세,경상,승용,남,30세,상해없음
2017121000100322,2017년 12월 10일 17시,일요일,서울특별시 강서구 내발산동,중상사고,0,1,0,0,차대차 - 기타,불법유턴,포장 - 건조,맑음,교차로 - 교차로안,자전거,남,56세,중상,승용,남,34세,상해없음
2017121200100109,2017년 12월 12일 08시,화요일,서울특별시 양천구 목동,경상사고,0,0,1,0,차대차 - 기타,안전운전불이행,포장 - 건조,맑음,단일로 - 기타,자전거,여,60세,경상,화물,남,64세,상해없음
2017121400100331,2017년 12월 14일 14시,목요일,서울특별시 동작구 상도동,사망사고,1,0,0,0,차대차 - 측면충돌,안전운전불이행,포장 - 건조,맑음,교차로 - 교차로횡단보도내,자전거,남,95세,사망,승합,남,57세,상해없음
2017121400100498,2017년 12월 14일 19시,목요일,서울특별시 강동구 성내동,경상사고,0,0,1,1,차대사람 - 기타,안전운전불이행,포장 - 건조,맑음,단일로 - 기타,자전거,남,61세,부상신고,보행자,여,32세,경상
2017121500100206,2017년 12월 15일 10시,금요일,서울특별시 강동구 고덕동,부상신고사고,0,0,0,1,차대사람 - 횡단중,안전운전불이행,포장 - 건조,맑음,교차로 - 교차로부근,자전거,남,13세,상해없음,보행자,남,13세,부상신고
2017121500100601,2017년 12월 15일 22시,금요일,서울특별시 강서구 공항동,부상신고사고,0,0,0,1,차대차 - 측면충돌,안전운전불이행,포장 - 건조,맑음,단일로 - 기타,자전거,남,56세,부상신고,승용,남,54세,기타불명
2017121600100239,2017년 12월 16일 11시,토요일,서울특별시 종로구 창신동,부상신고사고,0,0,0,1,차대차 - 측면충돌,안전운전불이행,포장 - 건조,맑음,단일로 - 기타,자전거,남,58세,부상신고,승용,남,39세,상해없음
2017122100100070,2017년 12월 21일 03시,목요일,서울특별시 영등포구 양평동1가,부상신고사고,0,0,0,1,차대차 - 측면충돌,안전운전불이행,포장 - 건조,맑음,교차로 - 교차로안,자전거,여,68세,부상신고,승용,남,73세,상해없음
2017122100100184,2017년 12월 21일 09시,목요일,서울특별시 송파구 방이동,경상사고,0,0,1,0,차대차 - 기타,안전운전불이행,포장 - 건조,맑음,교차로 - 교차로부근,자전거,남,49세,경상,승용,남,59세,상해없음
2017122200100066,2017년 12월 22일 01시,금요일,서울특별시 성동구 성수동1가,경상사고,0,0,1,0,차대차 - 기타,안전운전불이행,포장 - 건조,맑음,단일로 - 기타,자전거,남,54세,경상,승용,남,65세,상해없음
2017122200100687,2017년 12월 22일 21시,금요일,서울특별시 마포구 서교동,중상사고,0,1,0,0,차대사람 - 기타,안전운전불이행,포장 - 건조,맑음,단일로 - 기타,자전거,남,42세,상해없음,보행자,남,37세,중상
2017122300100305,2017년 12월 23일 12시,토요일,서울특별시 강서구 화곡동,경상사고,0,0,1,0,차대차 - 측면충돌,직진우회전진행방해,포장 - 건조,맑음,교차로 - 교차로안,자전거,남,84세,경상,원동기,남,60세,상해없음
2017122300100466,2017년 12월 23일 17시,토요일,서울특별시 노원구 월계동,중상사고,0,1,0,0,차대차 - 기타,안전운전불이행,포장 - 건조,맑음,교차로 - 교차로부근,자전거,남,67세,중상,승용,남,36세,상해없음
2017122300100648,2017년 12월 23일 21시,토요일,서울특별시 양천구 목동,경상사고,0,0,1,0,차대사람 - 보도통행중,기타,포장 - 서리/결빙,맑음,단일로 - 기타,자전거,남,19세,기타불명,보행자,남,62세,경상
2017122500100210,2017년 12월 25일 15시,월요일,서울특별시 광진구 자양동,중상사고,0,1,0,0,차대차 - 측면충돌,안전운전불이행,포장 - 건조,맑음,단일로 - 기타,자전거,여,55세,중상,승용,여,40세,상해없음
2017122600100338,2017년 12월 26일 15시,화요일,서울특별시 서초구 방배동,경상사고,0,0,1,0,차대차 - 측면충돌,안전운전불이행,포장 - 건조,맑음,교차로 - 교차로부근,자전거,여,41세,경상,승용,남,36세,상해없음
2017122600100366,2017년 12월 26일 16시,화요일,서울특별시 영등포구 당산동3가,경상사고,0,0,1,0,차대차 - 측면충돌,신호위반,포장 - 건조,맑음,교차로 - 교차로안,자전거,남,74세,경상,화물,남,59세,상해없음
2017122700100159,2017년 12월 27일 10시,수요일,서울특별시 노원구 월계동,중상사고,0,1,0,0,차대차 - 추돌,안전운전불이행,포장 - 건조,맑음,교차로 - 교차로부근,자전거,남,73세,중상,자전거,남,26세,상해없음
2017122700100214,2017년 12월 27일 12시,수요일,서울특별시 동작구 대방동,부상신고사고,0,0,0,1,차대사람 - 횡단중,안전운전불이행,포장 - 건조,맑음,교차로 - 교차로부근,자전거,남,75세,상해없음,보행자,여,53세,부상신고
2017122700100240,2017년 12월 27일 13시,수요일,서울특별시 구로구 구로동,중상사고,0,1,0,0,차대사람 - 기타,안전운전불이행,포장 - 건조,맑음,단일로 - 기타,자전거,남,69세,중상,보행자,남,53세,기타불명
2017122800100087,2017년 12월 28일 06시,목요일,서울특별시 강동구 천호동,중상사고,0,1,0,0,차대차 - 측면충돌,불법유턴,포장 - 건조,흐림,교차로 - 교차로부근,자전거,남,57세,중상,화물,남,60세,상해없음
2017122800100223,2017년 12월 28일 13시,목요일,서울특별시 중랑구 면목동,부상신고사고,0,0,0,1,차대차 - 정면충돌,불법유턴,포장 - 건조,맑음,교차로 - 교차로안,자전거,여,39세,부상신고,승용,남,57세,상해없음
2017122800100292,2017년 12월 28일 16시,목요일,서울특별시 양천구 목동,부상신고사고,0,0,0,1,차대차 - 측면충돌,안전운전불이행,포장 - 건조,맑음,교차로 - 교차로부근,자전거,여,70세,부상신고,승용,여,45세,상해없음
2017122900100259,2017년 12월 29일 12시,금요일,서울특별시 영등포구 대림동,경상사고,0,0,1,0,차대차 - 측면충돌,안전거리미확보,포장 - 건조,맑음,단일로 - 기타,자전거,여,57세,경상,승용,남,68세,상해없음
2017122900100373,2017년 12월 29일 16시,금요일,서울특별시 구로구 구로동,중상사고,0,1,1,0,차대사람 - 보도통행중,신호위반,포장 - 건조,맑음,기타 - 기타,자전거,남,13세,경상,보행자,여,73세,중상
2017122900100398,2017년 12월 29일 17시,금요일,서울특별시 강동구 암사동,경상사고,0,0,1,0,차대차 - 기타,안전운전불이행,포장 - 건조,맑음,교차로 - 교차로안,자전거,남,56세,경상,승용,남,24세,상해없음
2017123000100415,2017년 12월 30일 20시,토요일,서울특별시 중랑구 면목동,경상사고,0,0,1,0,차대사람 - 기타,안전운전불이행,포장 - 건조,흐림,단일로 - 기타,자전거,남,57세,기타불명,보행자,남,54세,경상
2017123100100181,2017년 12월 31일 12시,일요일,서울특별시 동대문구 장안동,경상사고,0,0,1,0,차대차 - 측면충돌,불법유턴,포장 - 건조,맑음,교차로 - 교차로횡단보도내,자전거,여,53세,경상,승용,남,66세,상해없음
2018010300100133,2018년 1월 3일 10시,수요일,서울특별시 노원구 상계동,중상사고,0,1,0,0,차대차 - 정면충돌,중앙선침범,포장 - 건조,맑음,단일로 - 기타,자전거,여,48세,중상,자전거,남,51세,상해없음
2018010300100204,2018년 1월 3일 13시,수요일,서울특별시 강동구 고덕동,부상신고사고,0,0,0,1,차대차 - 측면충돌,안전운전불이행,포장 - 건조,맑음,단일로 - 기타,자전거,남,67세,기타불명,이륜,남,21세,부상신고
2018010300100228,2018년 1월 3일 14시,수요일,서울특별시 동대문구 답십리동,경상사고,0,0,1,0,차대차 - 측면충돌,안전운전불이행,포장 - 건조,맑음,교차로 - 교차로안,자전거,여,72세,경상,승용,여,72세,상해없음
2018010400100210,2018년 1월 4일 13시,목요일,서울특별시 구로구 구로동,경상사고,0,0,1,0,차대차 - 기타,중앙선침범,포장 - 건조,맑음,교차로 - 교차로안,자전거,남,33세,경상,승용,남,59세,상해없음
2018010500100002,2018년 1월 5일 00시,금요일,서울특별시 영등포구 문래동3가,부상신고사고,0,0,0,1,차대차 - 측면충돌,불법유턴,포장 - 건조,맑음,교차로 - 교차로횡단보도내,자전거,여,24세,부상신고,승용,남,40세,상해없음
2018010500100199,2018년 1월 5일 13시,금요일,서울특별시 서대문구 홍은동,중상사고,0,1,0,0,차대차 - 측면충돌,차로위반,포장 - 건조,맑음,단일로 - 기타,자전거,남,62세,중상,승합,남,49세,상해없음
2018010500100257,2018년 1월 5일 15시,금요일,서울특별시 중랑구 면목동,중상사고,0,1,0,0,차대사람 - 보도통행중,기타,포장 - 건조,맑음,단일로 - 기타,자전거,여,57세,상해없음,보행자,남,68세,중상
2018010500100416,2018년 1월 5일 19시,금요일,서울특별시 동작구 노량진동,중상사고,0,1,0,0,차대사람 - 기타,안전운전불이행,포장 - 건조,맑음,단일로 - 기타,자전거,남,23세,상해없음,보행자,여,50세,중상
2018010500100417,2018년 1월 5일 19시,금요일,서울특별시 강동구 길동,부상신고사고,0,0,0,1,차량단독 - 기타,안전운전불이행,포장 - 건조,맑음,교차로 - 교차로부근,자전거,남,57세,부상신고,,,,
2018010600100076,2018년 1월 6일 05시,토요일,서울특별시 강서구 화곡동,경상사고,0,0,1,0,차대차 - 기타,신호위반,포장 - 건조,맑음,교차로 - 교차로안,자전거,남,71세,경상,승용,남,60세,상해없음
2018010600100229,2018년 1월 6일 13시,토요일,서울특별시 동대문구 용두동,경상사고,0,0,1,0,차대차 - 측면충돌,직진우회전진행방해,포장 - 건조,맑음,교차로 - 교차로안,자전거,여,60세,경상,화물,남,60세,상해없음
2018010600100231,2018년 1월 6일 13시,토요일,서울특별시 송파구 석촌동,중상사고,0,1,0,0,차대차 - 측면충돌,직진우회전진행방해,포장 - 건조,맑음,교차로 - 교차로안,자전거,여,51세,중상,승용,남,46세,상해없음
2018010600100286,2018년 1월 6일 15시,토요일,서울특별시 송파구 장지동,부상신고사고,0,0,0,1,차대차 - 추돌,안전운전불이행,포장 - 건조,맑음,단일로 - 기타,자전거,남,52세,부상신고,화물,남,58세,상해없음
2018010700100099,2018년 1월 7일 08시,일요일,서울특별시 강동구 성내동,경상사고,0,0,1,0,차대차 - 측면충돌,안전운전불이행,포장 - 건조,맑음,기타 - 기타,자전거,여,61세,경상,승용,남,48세,상해없음
2018010700100280,2018년 1월 7일 19시,일요일,서울특별시 송파구 가락동,부상신고사고,0,0,0,1,차량단독 - 공작물충돌,안전운전불이행,포장 - 건조,맑음,단일로 - 기타,자전거,남,59세,부상신고,,,,
2018010800100050,2018년 1월 8일 06시,월요일,서울특별시 도봉구 방학동,부상신고사고,0,0,0,1,차대차 - 측면충돌,안전운전불이행,포장 - 건조,맑음,교차로 - 교차로안,자전거,남,76세,부상신고,승용,남,50세,상해없음
2018010800100168,2018년 1월 8일 10시,월요일,서울특별시 동작구 상도동,경상사고,0,0,1,0,차대차 - 기타,안전운전불이행,포장 - 건조,맑음,단일로 - 기타,자전거,남,56세,경상,이륜,남,58세,상해없음
2018010800100252,2018년 1월 8일 13시,월요일,서울특별시 성동구 행당동,경상사고,0,0,1,0,차대사람 - 기타,기타,포장 - 기타,맑음,단일로 - 기타,자전거,여,63세,상해없음,보행자,여,60세,경상
2018010800100258,2018년 1월 8일 13시,월요일,서울특별시 강남구 대치동,경상사고,0,0,1,0,차대차 - 기타,안전운전불이행,포장 - 건조,맑음,단일로 - 기타,자전거,남,14세,경상,승용,남,53세,상해없음
2018010800100369,2018년 1월 8일 17시,월요일,서울특별시 서초구 양재동,경상사고,0,0,1,0,차대차 - 기타,안전운전불이행,포장 - 건조,맑음,단일로 - 기타,자전거,여,55세,경상,승용,여,66세,상해없음
2018010900100235,2018년 1월 9일 11시,화요일,서울특별시 영등포구 당산동,경상사고,0,0,1,0,차대차 - 측면충돌,안전거리미확보,포장 - 건조,맑음,단일로 - 기타,자전거,남,55세,경상,승용,남,68세,상해없음
2018011000100529,2018년 1월 10일 19시,수요일,서울특별시 강동구 둔촌동,경상사고,0,0,1,0,차대차 - 측면충돌,불법유턴,포장 - 건조,맑음,교차로 - 교차로안,자전거,남,56세,경상,승합,남,66세,상해없음
2018011000100708,2018년 1월 10일 23시,수요일,서울특별시 동대문구 용두동,중상사고,0,1,0,0,차대차 - 기타,안전운전불이행,포장 - 건조,맑음,교차로 - 교차로부근,자전거,남,22세,중상,승용,여,50세,상해없음
2018011100100148,2018년 1월 11일 09시,목요일,서울특별시 송파구 잠실동,중상사고,0,1,0,0,차대차 - 측면충돌,불법유턴,포장 - 건조,맑음,단일로 - 기타,자전거,여,52세,중상,승용,남,62세,상해없음
2018011100100427,2018년 1월 11일 18시,목요일,서울특별시 구로구 고척동,중상사고,0,1,0,0,차대차 - 기타,직진우회전진행방해,포장 - 건조,맑음,교차로 - 교차로안,자전거,남,66세,중상,승용,남,47세,상해없음
2018011200100701,2018년 1월 12일 23시,금요일,서울특별시 강서구 내발산동,부상신고사고,0,0,0,1,차대차 - 측면충돌,안전운전불이행,포장 - 건조,맑음,단일로 - 기타,자전거,남,41세,부상신고,승용,여,37세,상해없음
2018011300100340,2018년 1월 13일 17시,토요일,서울특별시 광진구 중곡동,중상사고,0,1,0,0,차대사람 - 횡단중,안전운전불이행,포장 - 건조,맑음,교차로 - 교차로안,자전거,여,69세,상해없음,보행자,여,63세,중상
2018011400100194,2018년 1월 14일 13시,일요일,서울특별시 도봉구 도봉동,경상사고,0,0,1,0,차대차 - 측면충돌,불법유턴,포장 - 젖음/습기,흐림,교차로 - 교차로안,자전거,남,86세,경상,승용,남,62세,상해없음
2018011400100278,2018년 1월 14일 17시,일요일,서울특별시 서초구 잠원동,경상사고,0,0,1,0,차대사람 - 기타,안전운전불이행,포장 - 건조,맑음,단일로 - 기타,자전거,남,44세,상해없음,보행자,여,72세,경상
2018011500100163,2018년 1월 15일 09시,월요일,서울특별시 영등포구 도림동,경상사고,0,0,1,0,차대차 - 측면충돌,안전운전불이행,포장 - 건조,흐림,단일로 - 기타,자전거,남,41세,경상,승용,여,38세,상해없음
2018011500100264,2018년 1월 15일 12시,월요일,서울특별시 노원구 상계동,부상신고사고,0,0,0,1,차대차 - 측면충돌,직진우회전진행방해,포장 - 건조,맑음,교차로 - 교차로안,자전거,여,55세,부상신고,승용,남,68세,상해없음
2018011500100388,2018년 1월 15일 16시,월요일,서울특별시 은평구 수색동,경상사고,0,0,1,0,차대차 - 측면충돌,신호위반,포장 - 건조,맑음,교차로 - 교차로안,자전거,남,75세,경상,화물,남,41세,상해없음
2018011500100475,2018년 1월 15일 18시,월요일,서울특별시 노원구 중계동,중상사고,0,1,0,0,차대사람 - 길가장자리구역통행중,기타,포장 - 건조,맑음,단일로 - 기타,자전거,남,76세,상해없음,보행자,여,64세,중상
2018011600100173,2018년 1월 16일 10시,화요일,서울특별시 관악구 봉천동,부상신고사고,0,0,0,1,차대차 - 기타,중앙선침범,포장 - 건조,맑음,단일로 - 기타,자전거,남,21세,부상신고,이륜,남,35세,상해없음
2018011600100368,2018년 1월 16일 18시,화요일,서울특별시 동대문구 제기동,경상사고,0,0,1,0,차대차 - 기타,신호위반,포장 - 건조,맑음,교차로 - 교차로안,자전거,남,73세,경상,승용,남,62세,상해없음
2018011700100008,2018년 1월 17일 00시,수요일,서울특별시 송파구 송파동,부상신고사고,0,0,0,1,차대차 - 측면충돌,안전운전불이행,포장 - 건조,맑음,단일로 - 기타,자전거,여,54세,부상신고,승용,남,36세,상해없음
2018011700100490,2018년 1월 17일 19시,수요일,서울특별시 영등포구 신길동,경상사고,0,0,1,0,차대차 - 측면충돌,안전운전불이행,포장 - 건조,맑음,교차로 - 교차로안,자전거,남,70세,경상,승합,남,63세,상해없음
2018011700100495,2018년 1월 17일 19시,수요일,서울특별시 동작구 사당동,부상신고사고,0,0,0,1,차대차 - 측면충돌,불법유턴,포장 - 건조,맑음,단일로 - 기타,자전거,남,61세,부상신고,승용,남,70세,상해없음
2018011800100124,2018년 1월 18일 08시,목요일,서울특별시 종로구 창신동,부상신고사고,0,0,0,1,차대사람 - 횡단중,안전운전불이행,포장 - 건조,맑음,단일로 - 기타,자전거,남,24세,상해없음,보행자,남,72세,부상신고
2018011800100125,2018년 1월 18일 08시,목요일,서울특별시 영등포구 당산동1가,경상사고,0,0,1,0,차대차 - 기타,안전운전불이행,포장 - 건조,맑음,단일로 - 기타,자전거,남,45세,경상,승용,남,34세,상해없음
2018011800100331,2018년 1월 18일 16시,목요일,서울특별시 동대문구 답십리동,경상사고,0,0,1,0,차대사람 - 기타,안전운전불이행,포장 - 건조,맑음,단일로 - 기타,자전거,남,59세,상해없음,보행자,남,42세,경상
2018011900100136,2018년 1월 19일 09시,금요일,서울특별시 광진구 자양동,부상신고사고,0,0,0,1,차대차 - 기타,안전운전불이행,포장 - 건조,맑음,단일로 - 기타,자전거,남,32세,부상신고,기타불명,기타불명,미분류,기타불명
2018012000100219,2018년 1월 20일 12시,토요일,서울특별시 은평구 대조동,경상사고,0,0,1,0,차대차 - 측면충돌,중앙선침범,포장 - 건조,흐림,교차로 - 교차로부근,자전거,남,78세,경상,승용,남,55세,상해없음
2018012100100115,2018년 1월 21일 08시,일요일,서울특별시 노원구 상계동,경상사고,0,0,1,0,차대차 - 측면충돌,신호위반,포장 - 건조,맑음,교차로 - 교차로부근,자전거,남,25세,경상,승용,남,33세,상해없음
2018012100100136,2018년 1월 21일 10시,일요일,서울특별시 성북구 안암동5가,부상신고사고,0,0,0,1,차대차 - 측면충돌,안전거리미확보,포장 - 건조,맑음,단일로 - 기타,자전거,남,78세,부상신고,승용,남,22세,상해없음
2018012100100154,2018년 1월 21일 11시,일요일,서울특별시 중랑구 망우동,부상신고사고,0,0,0,1,차대차 - 측면충돌,신호위반,포장 - 건조,맑음,교차로 - 교차로안,자전거,남,77세,부상신고,승용,남,63세,상해없음
2018012200100465,2018년 1월 22일 19시,월요일,서울특별시 영등포구 문래동2가,경상사고,0,0,1,0,차대차 - 측면충돌,중앙선침범,포장 - 젖음/습기,비,단일로 - 기타,자전거,남,76세,경상,이륜,남,26세,상해없음
2018012300100076,2018년 1월 23일 08시,화요일,서울특별시 송파구 잠실동,부상신고사고,0,0,0,1,차대차 - 측면충돌,안전운전불이행,포장 - 건조,맑음,교차로 - 교차로부근,자전거,여,51세,부상신고,승용,남,47세,상해없음
2018012300100253,2018년 1월 23일 13시,화요일,서울특별시 성동구 성수동2가,부상신고사고,0,0,0,1,차대차 - 기타,안전운전불이행,포장 - 건조,맑음,단일로 - 기타,자전거,남,60세,부상신고,승용,남,58세,상해없음
2018012300100375,2018년 1월 23일 17시,화요일,서울특별시 영등포구 도림동,중상사고,0,1,0,0,차대차 - 측면충돌,안전운전불이행,포장 - 건조,맑음,기타 - 기타,자전거,남,12세,중상,화물,남,61세,상해없음
2018012600100303,2018년 1월 26일 15시,금요일,서울특별시 성동구 행당동,중상사고,0,1,0,0,차대사람 - 보도통행중,보행자보호의무위반,포장 - 적설,눈,교차로 - 교차로안,자전거,남,34세,상해없음,보행자,여,61세,중상
2018012700100123,2018년 1월 27일 09시,토요일,서울특별시 동대문구 용두동,경상사고,0,0,1,0,차대차 - 기타,안전운전불이행,포장 - 건조,맑음,단일로 - 기타,자전거,남,54세,경상,승용,남,61세,상해없음
2018012700100209,2018년 1월 27일 12시,토요일,서울특별시 광진구 중곡동,중상사고,0,1,0,0,차대사람 - 기타,안전운전불이행,포장 - 건조,맑음,교차로 - 교차로안,자전거,남,13세,상해없음,보행자,여,71세,중상
2018012700100525,2018년 1월 27일 23시,토요일,서울특별시 중랑구 망우동,경상사고,0,0,1,0,차대차 - 추돌,안전운전불이행,포장 - 건조,맑음,단일로 - 기타,자전거,남,20세,경상,승용,남,37세,상해없음
2018012800100200,2018년 1월 28일 14시,일요일,서울특별시 송파구 잠실동,중상사고,0,1,0,0,차대차 - 측면충돌,안전운전불이행,포장 - 건조,맑음,단일로 - 기타,자전거,남,83세,중상,승용,남,44세,상해없음
2018012800100338,2018년 1월 28일 20시,일요일,서울특별시 관악구 봉천동,경상사고,0,0,1,0,차대차 - 기타,안전운전불이행,포장 - 기타,기타,단일로 - 기타,자전거,남,56세,경상,승용,남,29세,상해없음
2018012900100241,2018년 1월 29일 13시,월요일,서울특별시 관악구 신림동,중상사고,0,1,0,0,차대차 - 측면충돌,안전운전불이행,포장 - 건조,맑음,단일로 - 기타,자전거,남,74세,중상,승합,남,55세,상해없음
2018012900100270,2018년 1월 29일 14시,월요일,서울특별시 중랑구 면목동,경상사고,0,0,1,0,차대차 - 기타,불법유턴,포장 - 건조,맑음,교차로 - 교차로부근,자전거,남,68세,경상,이륜,남,23세,상해없음
2018012900100343,2018년 1월 29일 16시,월요일,서울특별시 은평구 신사동,경상사고,0,0,1,0,차대차 - 측면충돌,교차로운행방법위반,포장 - 건조,맑음,교차로 - 교차로안,자전거,남,13세,경상,승용,남,36세,상해없음
2018012900100393,2018년 1월 29일 18시,월요일,서울특별시 강서구 등촌동,부상신고사고,0,0,0,1,차대차 - 측면충돌,중앙선침범,포장 - 건조,흐림,교차로 - 교차로부근,자전거,남,81세,부상신고,승용,남,74세,상해없음
2018012900100438,2018년 1월 29일 19시,월요일,서울특별시 송파구 석촌동,경상사고,0,0,1,0,차대차 - 측면충돌,직진우회전진행방해,포장 - 건조,맑음,교차로 - 교차로안,자전거,남,63세,경상,승용,남,59세,상해없음
2018013100100401,2018년 1월 31일 18시,수요일,서울특별시 광진구 구의동,경상사고,0,0,1,0,차대차 - 측면충돌,교차로운행방법위반,포장 - 건조,맑음,교차로 - 교차로안,자전거,남,11세,경상,승용,남,26세,상해없음
2018020100100084,2018년 2월 1일 07시,목요일,서울특별시 구로구 구로동,경상사고,0,0,1,0,차대차 - 기타,불법유턴,포장 - 건조,맑음,교차로 - 교차로부근,자전거,남,68세,경상,화물,남,54세,상해없음
2018020100100229,2018년 2월 1일 11시,목요일,서울특별시 영등포구 신길동,경상사고,0,0,1,0,차대차 - 기타,안전운전불이행,포장 - 건조,맑음,기타 - 기타,자전거,남,26세,경상,승합,남,53세,상해없음
2018020100100300,2018년 2월 1일 13시,목요일,서울특별시 서초구 방배동,중상사고,0,1,0,0,차대차 - 측면충돌,안전운전불이행,포장 - 건조,맑음,단일로 - 기타,자전거,남,68세,중상,승용,남,37세,상해없음
2018020100100389,2018년 2월 1일 16시,목요일,서울특별시 마포구 망원동,경상사고,0,0,1,0,차대차 - 측면충돌,안전운전불이행,포장 - 건조,맑음,단일로 - 기타,자전거,여,51세,상해없음,이륜,남,16세,경상
2018020100100391,2018년 2월 1일 16시,목요일,서울특별시 강동구 명일동,경상사고,0,0,1,0,차대차 - 기타,기타,포장 - 건조,맑음,교차로 - 교차로안,자전거,여,52세,경상,기타불명,기타불명,미분류,기타불명
2018020100100393,2018년 2월 1일 16시,목요일,서울특별시 구로구 구로동,경상사고,0,0,1,0,차대사람 - 횡단중,신호위반,포장 - 건조,맑음,교차로 - 교차로횡단보도내,자전거,남,67세,상해없음,보행자,여,66세,경상
2018020100100394,2018년 2월 1일 16시,목요일,서울특별시 노원구 중계동,경상사고,0,0,1,0,차대차 - 기타,불법유턴,포장 - 건조,맑음,교차로 - 교차로횡단보도내,자전거,남,80세,경상,승용,여,44세,상해없음
2018020100100629,2018년 2월 1일 22시,목요일,서울특별시 강동구 암사동,부상신고사고,0,0,0,1,차대사람 - 차도통행중,안전운전불이행,포장 - 건조,흐림,단일로 - 기타,자전거,남,57세,상해없음,보행자,남,45세,부상신고
2018020200100193,2018년 2월 2일 10시,금요일,서울특별시 종로구 화동,경상사고,0,0,1,0,차대사람 - 차도통행중,안전운전불이행,포장 - 건조,맑음,단일로 - 지하차도(도로)내,자전거,여,38세,상해없음,보행자,남,48세,경상
2018020200100557,2018년 2월 2일 21시,금요일,서울특별시 동작구 사당동,경상사고,0,0,1,0,차대사람 - 차도통행중,안전운전불이행,포장 - 건조,맑음,교차로 - 교차로부근,자전거,여,69세,상해없음,보행자,남,48세,경상
2018020300100277,2018년 2월 3일 12시,토요일,서울특별시 종로구 종로5가,부상신고사고,0,0,0,1,차대차 - 측면충돌,안전운전불이행,포장 - 건조,맑음,단일로 - 기타,자전거,여,67세,부상신고,승용,여,63세,상해없음
2018020300100686,2018년 2월 3일 22시,토요일,서울특별시 동대문구 제기동,경상사고,0,0,1,0,차대차 - 측면충돌,안전운전불이행,포장 - 건조,맑음,교차로 - 교차로안,자전거,남,72세,경상,화물,남,62세,상해없음
2018020400100047,2018년 2월 4일 02시,일요일,서울특별시 영등포구 여의도동,사망사고,1,0,0,0,차대차 - 측면충돌,안전운전불이행,포장 - 건조,맑음,교차로 - 교차로안,자전거,남,55세,사망,승용,남,66세,상해없음
2018020600100287,2018년 2월 6일 13시,화요일,서울특별시 동작구 사당동,경상사고,0,0,1,0,차대차 - 측면충돌,안전운전불이행,포장 - 건조,맑음,단일로 - 기타,자전거,남,70세,경상,화물,남,57세,상해없음
2018020600100602,2018년 2월 6일 22시,화요일,서울특별시 영등포구 도림동,경상사고,0,0,1,0,차대차 - 측면충돌,안전운전불이행,포장 - 건조,맑음,교차로 - 교차로안,자전거,여,54세,경상,승용,남,48세,상해없음
2018020700100391,2018년 2월 7일 16시,수요일,서울특별시 영등포구 영등포동7가,경상사고,0,0,1,0,차대차 - 측면충돌,직진우회전진행방해,포장 - 건조,맑음,교차로 - 교차로안,자전거,여,64세,경상,승용,남,59세,상해없음
2018020700100535,2018년 2월 7일 19시,수요일,서울특별시 강남구 도곡동,경상사고,0,0,1,1,차대사람 - 횡단중,신호위반,포장 - 건조,맑음,교차로 - 교차로부근,자전거,남,58세,부상신고,보행자,여,64세,경상
2018020700100616,2018년 2월 7일 21시,수요일,서울특별시 중구 황학동,중상사고,0,1,0,0,차대차 - 기타,중앙선침범,포장 - 건조,맑음,단일로 - 지하차도(도로)내,자전거,남,59세,상해없음,이륜,남,59세,중상