사고번호,사고일시,요일,시군구,사고내용,사망자수,중상자수,경상자수,부상신고자수,사고유형,법규위반,노면상태,기상상태,도로형태,가해운전자 차종,가해운전자 성별,가해운전자 연령,가해운전자 상해정도,피해운전자 차종,피해운전자 성별,피해운전자 연령,피해운전자 상해정도
2018020800100130,2018년 2월 8일 08시,목요일,서울특별시 도봉구 쌍문동,경상사고,0,0,1,0,차대차 - 기타,안전운전불이행,포장 - 건조,맑음,교차로 - 교차로부근,자전거,여,51세,경상,승합,여,48세,상해없음
2018020800100286,2018년 2월 8일 12시,목요일,서울특별시 금천구 시흥동,경상사고,0,0,1,0,차대차 - 측면충돌,중앙선침범,포장 - 건조,맑음,단일로 - 기타,자전거,남,82세,경상,승용,남,39세,상해없음
2018020800100387,2018년 2월 8일 15시,목요일,서울특별시 동대문구 장안동,경상사고,0,0,1,0,차대사람 - 횡단중,안전운전불이행,포장 - 건조,맑음,교차로 - 교차로안,자전거,남,72세,상해없음,보행자,여,74세,경상
2018020900100615,2018년 2월 9일 20시,금요일,서울특별시 송파구 삼전동,중상사고,0,1,0,0,차대차 - 측면충돌,안전운전불이행,포장 - 건조,맑음,교차로 - 교차로안,자전거,여,59세,중상,승용,남,59세,상해없음
2018021100100241,2018년 2월 11일 15시,일요일,서울특별시 강서구 방화동,중상사고,0,1,0,0,차대차 - 측면충돌,불법유턴,포장 - 건조,맑음,교차로 - 교차로부근,자전거,남,74세,중상,승용,남,48세,상해없음
2018021100100381,2018년 2월 11일 20시,일요일,서울특별시 노원구 상계동,중상사고,0,1,0,0,차대차 - 측면충돌,기타,포장 - 건조,맑음,교차로 - 교차로횡단보도내,자전거,남,75세,중상,승용,남,57세,상해없음
2018021200100380,2018년 2월 12일 15시,월요일,서울특별시 중랑구 망우동,경상사고,0,0,1,0,차대차 - 측면충돌,안전운전불이행,포장 - 건조,맑음,교차로 - 교차로안,자전거,여,70세,경상,승용,남,42세,상해없음
2018021200100472,2018년 2월 12일 17시,월요일,서울특별시 동대문구 신설동,경상사고,0,0,1,0,차대차 - 기타,불법유턴,포장 - 건조,맑음,단일로 - 기타,자전거,여,23세,경상,승용,남,75세,상해없음
2018021200100473,2018년 2월 12일 17시,월요일,서울특별시 성동구 사근동,중상사고,0,1,0,0,차대차 - 기타,중앙선침범,포장 - 기타,맑음,교차로 - 교차로부근,자전거,남,15세,상해없음,이륜,남,51세,중상
2018021200100590,2018년 2월 12일 19시,월요일,서울특별시 은평구 불광동,경상사고,0,0,1,0,차대사람 - 기타,안전운전불이행,포장 - 건조,맑음,단일로 - 기타,자전거,기타불명,미분류,기타불명,보행자,여,64세,경상
2018021200100682,2018년 2월 12일 21시,월요일,서울특별시 성북구 하월곡동,중상사고,0,1,0,0,차대사람 - 보도통행중,기타,포장 - 건조,흐림,기타 - 기타,자전거,남,74세,상해없음,보행자,남,41세,중상
2018021300100048,2018년 2월 13일 02시,화요일,서울특별시 성북구 하월곡동,경상사고,0,0,1,0,차대차 - 측면충돌,불법유턴,포장 - 건조,맑음,교차로 - 교차로횡단보도내,자전거,남,31세,상해없음,승용,남,63세,상해없음
2018021300100318,2018년 2월 13일 12시,화요일,서울특별시 양천구 신정동,경상사고,0,0,1,0,차대차 - 측면충돌,중앙선침범,포장 - 건조,맑음,교차로 - 교차로부근,자전거,여,66세,경상,승용,남,65세,상해없음
2018021300100532,2018년 2월 13일 17시,화요일,서울특별시 양천구 목동,부상신고사고,0,0,0,1,차대차 - 측면충돌,안전운전불이행,포장 - 건조,맑음,단일로 - 기타,자전거,남,19세,부상신고,승합,남,63세,상해없음
2018021400100105,2018년 2월 14일 06시,수요일,서울특별시 구로구 구로동,경상사고,0,0,1,0,차량단독 - 기타,안전운전불이행,포장 - 건조,맑음,교차로 - 교차로횡단보도내,자전거,남,55세,경상,,,,
2018021400100128,2018년 2월 14일 07시,수요일,서울특별시 광진구 구의동,경상사고,0,0,1,0,차대차 - 측면충돌,안전운전불이행,포장 - 건조,맑음,단일로 - 기타,자전거,남,16세,경상,승용,남,59세,상해없음
2018021400100415,2018년 2월 14일 16시,수요일,서울특별시 서초구 우면동,경상사고,0,0,1,0,차대사람 - 기타,기타,포장 - 건조,맑음,기타 - 기타,자전거,남,62세,경상,보행자,기타불명,미분류,기타불명
2018021400100453,2018년 2월 14일 17시,수요일,서울특별시 동대문구 장안동,경상사고,0,0,1,0,차대차 - 측면충돌,안전운전불이행,포장 - 건조,맑음,교차로 - 교차로안,자전거,여,53세,경상,이륜,남,16세,상해없음
2018021400100644,2018년 2월 14일 21시,수요일,서울특별시 동대문구 장안동,부상신고사고,0,0,0,1,차대차 - 기타,신호위반,포장 - 기타,맑음,교차로 - 교차로안,자전거,남,40세,부상신고,화물,남,65세,상해없음
2018021500100227,2018년 2월 15일 13시,목요일,서울특별시 중랑구 중화동,경상사고,0,0,1,0,차대차 - 기타,중앙선침범,포장 - 건조,맑음,단일로 - 기타,자전거,여,67세,경상,이륜,남,49세,상해없음
2018021500100268,2018년 2월 15일 15시,목요일,서울특별시 송파구 풍납동,경상사고,0,0,1,0,차대사람 - 기타,안전운전불이행,포장 - 건조,맑음,단일로 - 기타,자전거,남,58세,상해없음,보행자,여,61세,경상
2018021700100193,2018년 2월 17일 16시,토요일,서울특별시 송파구 잠실동,중상사고,0,1,0,0,차대사람 - 횡단중,안전운전불이행,포장 - 건조,맑음,단일로 - 기타,자전거,남,37세,상해없음,보행자,여,14세,중상
2018021800100182,2018년 2월 18일 15시,일요일,서울특별시 강동구 성내동,부상신고사고,0,0,0,1,차대차 - 측면충돌,안전운전불이행,포장 - 건조,맑음,교차로 - 교차로부근,자전거,남,77세,부상신고,승용,남,34세,상해없음
2018021900100269,2018년 2월 19일 16시,월요일,서울특별시 노원구 상계동,부상신고사고,0,0,0,1,차대사람 - 보도통행중,기타,포장 - 건조,맑음,주차장 - 주차장,자전거,남,76세,상해없음,보행자,여,22세,부상신고
2018022000100350,2018년 2월 20일 17시,화요일,서울특별시 구로구 구로동,경상사고,0,0,1,0,차대차 - 측면충돌,신호위반,포장 - 건조,맑음,교차로 - 교차로부근,자전거,남,27세,경상,기타불명,기타불명,미분류,기타불명
2018022000100382,2018년 2월 20일 18시,화요일,서울특별시 송파구 마천동,부상신고사고,0,0,0,1,차대차 - 측면충돌,안전운전불이행,포장 - 건조,맑음,단일로 - 기타,자전거,남,11세,부상신고,승용,남,59세,상해없음
2018022000100404,2018년 2월 20일 19시,화요일,서울특별시 양천구 목동,중상사고,0,1,0,0,차대차 - 기타,안전운전불이행,포장 - 건조,맑음,단일로 - 기타,자전거,남,38세,상해없음,자전거,남,51세,중상
2018022100100044,2018년 2월 21일 06시,수요일,서울특별시 광진구 자양동,부상신고사고,0,0,0,1,차대차 - 기타,신호위반,포장 - 건조,맑음,교차로 - 교차로안,자전거,남,64세,부상신고,승용,남,59세,상해없음
2018022100100242,2018년 2월 21일 15시,수요일,서울특별시 금천구 독산동,부상신고사고,0,0,0,1,차대차 - 측면충돌,직진우회전진행방해,포장 - 건조,맑음,교차로 - 교차로안,자전거,남,11세,부상신고,승용,남,61세,상해없음
2018022100100372,2018년 2월 21일 19시,수요일,서울특별시 강남구 일원동,경상사고,0,0,2,0,차대차 - 기타,중앙선침범,포장 - 건조,맑음,단일로 - 기타,자전거,남,17세,경상,이륜,남,20세,경상
2018022200100134,2018년 2월 22일 09시,목요일,서울특별시 동작구 노량진동,부상신고사고,0,0,0,1,차대차 - 측면충돌,안전운전불이행,포장 - 건조,맑음,교차로 - 교차로안,자전거,여,25세,부상신고,화물,남,51세,상해없음
2018022200100137,2018년 2월 22일 09시,목요일,서울특별시 도봉구 창동,중상사고,0,1,0,0,차대차 - 측면충돌,중앙선침범,포장 - 건조,맑음,교차로 - 교차로횡단보도내,자전거,남,72세,중상,승용,여,52세,상해없음
2018022200100342,2018년 2월 22일 16시,목요일,서울특별시 송파구 잠실동,부상신고사고,0,0,0,1,차대차 - 측면충돌,불법유턴,포장 - 건조,맑음,교차로 - 교차로횡단보도내,자전거,남,11세,부상신고,승용,여,47세,상해없음
2018022300100332,2018년 2월 23일 15시,금요일,서울특별시 광진구 자양동,부상신고사고,0,0,0,1,차대차 - 기타,교차로운행방법위반,포장 - 건조,맑음,교차로 - 교차로안,자전거,남,73세,부상신고,승용,남,70세,상해없음
2018022400100186,2018년 2월 24일 11시,토요일,서울특별시 영등포구 양평동2가,경상사고,0,0,1,0,차대차 - 측면충돌,안전운전불이행,포장 - 건조,맑음,교차로 - 교차로안,자전거,남,73세,경상,승용,남,68세,상해없음
2018022600100047,2018년 2월 26일 06시,월요일,서울특별시 송파구 송파동,경상사고,0,0,1,0,차량단독 - 전도전복 - 전도,안전운전불이행,포장 - 건조,맑음,교차로 - 교차로횡단보도내,자전거,남,62세,경상,미분류,미분류,미분류,미분류
2018022600100249,2018년 2월 26일 13시,월요일,서울특별시 광진구 구의동,중상사고,0,1,0,0,차대차 - 정면충돌,신호위반,포장 - 건조,맑음,교차로 - 교차로안,자전거,여,72세,중상,승용,여,32세,상해없음
2018022600100522,2018년 2월 26일 21시,월요일,서울특별시 서대문구 홍은동,중상사고,0,1,0,0,차대사람 - 기타,기타,포장 - 건조,맑음,단일로 - 기타,자전거,남,19세,상해없음,보행자,남,41세,중상
2018022700100134,2018년 2월 27일 10시,화요일,서울특별시 노원구 상계동,사망사고,1,0,0,0,차대차 - 측면충돌,안전거리미확보,포장 - 건조,맑음,단일로 - 지하차도(도로)내,자전거,남,76세,사망,건설기계,남,70세,상해없음
2018022700100182,2018년 2월 27일 12시,화요일,서울특별시 동대문구 용두동,경상사고,0,0,1,0,차대차 - 기타,신호위반,포장 - 건조,맑음,교차로 - 교차로안,자전거,남,71세,경상,화물,남,54세,상해없음
2018022700100297,2018년 2월 27일 16시,화요일,서울특별시 동대문구 장안동,부상신고사고,0,0,0,1,차대차 - 기타,안전운전불이행,포장 - 건조,맑음,단일로 - 기타,자전거,남,29세,부상신고,이륜,남,51세,상해없음
2018022700100300,2018년 2월 27일 16시,화요일,서울특별시 강동구 길동,경상사고,0,0,1,0,차대사람 - 기타,중앙선침범,포장 - 건조,맑음,단일로 - 기타,자전거,남,68세,상해없음,보행자,여,62세,경상
2018022700100303,2018년 2월 27일 16시,화요일,서울특별시 도봉구 방학동,경상사고,0,0,1,0,차대차 - 측면충돌,직진우회전진행방해,포장 - 건조,맑음,교차로 - 교차로안,자전거,남,16세,경상,승용,여,61세,상해없음
2018022700100354,2018년 2월 27일 18시,화요일,서울특별시 중랑구 신내동,중상사고,0,1,0,0,차대차 - 기타,안전운전불이행,포장 - 건조,흐림,단일로 - 기타,자전거,남,19세,상해없음,승합,남,42세,상해없음
2018022800100049,2018년 2월 28일 06시,수요일,서울특별시 송파구 가락동,경상사고,0,0,1,0,차대차 - 측면충돌,신호위반,포장 - 건조,흐림,교차로 - 교차로부근,자전거,남,68세,경상,승용,여,47세,상해없음
2018022800100062,2018년 2월 28일 07시,수요일,서울특별시 성북구 석관동,경상사고,0,0,1,0,차대차 - 측면충돌,안전운전불이행,포장 - 건조,맑음,교차로 - 교차로부근,자전거,남,14세,경상,승용,여,38세,상해없음
2018022800100077,2018년 2월 28일 08시,수요일,서울특별시 송파구 석촌동,경상사고,0,0,1,0,차대차 - 기타,기타,포장 - 건조,맑음,교차로 - 교차로부근,자전거,남,37세,경상,승용,남,48세,상해없음
2018022800100150,2018년 2월 28일 11시,수요일,서울특별시 중랑구 면목동,경상사고,0,0,1,0,차대차 - 기타,안전운전불이행,포장 - 젖음/습기,흐림,교차로 - 교차로안,자전거,남,85세,경상,승용,남,63세,상해없음
2018022800100215,2018년 2월 28일 13시,수요일,서울특별시 송파구 석촌동,경상사고,0,0,1,0,차대차 - 측면충돌,안전운전불이행,포장 - 젖음/습기,비,교차로 - 교차로안,자전거,여,75세,경상,승용,남,40세,상해없음
2018022800100329,2018년 2월 28일 16시,수요일,서울특별시 강동구 암사동,중상사고,0,1,0,0,차대차 - 측면충돌,안전운전불이행,포장 - 젖음/습기,비,단일로 - 기타,자전거,여,69세,중상,승용,여,39세,상해없음
2018030100100249,2018년 3월 1일 14시,목요일,서울특별시 영등포구 대림동,경상사고,0,0,1,0,차대차 - 측면충돌,중앙선침범,포장 - 건조,맑음,교차로 - 교차로부근,자전거,남,61세,경상,승용,남,27세,상해없음
2018030100100399,2018년 3월 1일 19시,목요일,서울특별시 은평구 응암동,중상사고,0,1,0,0,차량단독 - 기타,안전운전불이행,포장 - 건조,맑음,단일로 - 기타,자전거,여,67세,중상,,,,
2018030300100198,2018년 3월 3일 13시,토요일,서울특별시 영등포구 당산동,경상사고,0,0,1,0,차대사람 - 기타,안전운전불이행,포장 - 건조,맑음,단일로 - 기타,자전거,남,12세,상해없음,보행자,남,69세,경상
2018030300100315,2018년 3월 3일 17시,토요일,서울특별시 동대문구 용두동,경상사고,0,0,1,0,차대차 - 기타,안전운전불이행,포장 - 건조,맑음,교차로 - 교차로안,자전거,여,45세,경상,승용,남,59세,상해없음
2018030400100162,2018년 3월 4일 12시,일요일,서울특별시 노원구 월계동,경상사고,0,0,1,0,차대차 - 측면충돌,안전운전불이행,포장 - 건조,맑음,교차로 - 교차로안,자전거,여,62세,상해없음,승용,남,69세,상해없음
2018030600100227,2018년 3월 6일 13시,화요일,서울특별시 양천구 신정동,경상사고,0,0,1,0,차대차 - 추돌,신호위반,포장 - 건조,맑음,교차로 - 교차로부근,자전거,남,67세,경상,승용,여,52세,상해없음
2018030600100276,2018년 3월 6일 15시,화요일,서울특별시 구로구 구로동,경상사고,0,0,1,0,차대차 - 기타,안전거리미확보,포장 - 건조,맑음,단일로 - 기타,자전거,남,59세,경상,승합,남,67세,상해없음
2018030600100374,2018년 3월 6일 18시,화요일,서울특별시 금천구 독산동,부상신고사고,0,0,0,1,차대차 - 측면충돌,안전운전불이행,포장 - 건조,맑음,단일로 - 기타,자전거,남,52세,부상신고,승합,남,62세,상해없음
2018030700100169,2018년 3월 7일 11시,수요일,서울특별시 강동구 성내동,부상신고사고,0,0,0,1,차대차 - 기타,안전운전불이행,포장 - 건조,맑음,교차로 - 교차로부근,자전거,남,45세,부상신고,승용,여,39세,상해없음
2018030700100227,2018년 3월 7일 14시,수요일,서울특별시 송파구 장지동,중상사고,0,1,0,0,차대사람 - 기타,안전운전불이행,포장 - 건조,맑음,단일로 - 기타,자전거,남,47세,상해없음,보행자,남,65세,중상
2018030700100338,2018년 3월 7일 18시,수요일,서울특별시 강동구 천호동,중상사고,0,1,0,0,차대차 - 측면충돌,중앙선침범,포장 - 건조,맑음,단일로 - 기타,자전거,남,66세,상해없음,이륜,남,22세,중상
2018030700100339,2018년 3월 7일 18시,수요일,서울특별시 송파구 풍납동,부상신고사고,0,0,0,1,차대차 - 측면충돌,안전운전불이행,포장 - 건조,맑음,교차로 - 교차로안,자전거,남,9세,상해없음,이륜,남,25세,부상신고
2018030700100413,2018년 3월 7일 20시,수요일,서울특별시 도봉구 창동,경상사고,0,0,1,0,차대차 - 기타,중앙선침범,포장 - 젖음/습기,비,교차로 - 교차로부근,자전거,남,77세,경상,승용,남,49세,상해없음
2018030800100046,2018년 3월 8일 02시,목요일,서울특별시 송파구 송파동,부상신고사고,0,0,0,1,차대차 - 측면충돌,안전운전불이행,포장 - 젖음/습기,흐림,단일로 - 기타,자전거,남,38세,부상신고,승합,남,46세,상해없음
2018030800100142,2018년 3월 8일 08시,목요일,서울특별시 강남구 개포동,경상사고,0,0,1,0,차대차 - 기타,신호위반,포장 - 젖음/습기,비,교차로 - 교차로부근,자전거,남,71세,경상,승용,여,49세,상해없음
2018030800100296,2018년 3월 8일 14시,목요일,서울특별시 광진구 화양동,중상사고,0,1,0,0,차대차 - 측면충돌,안전운전불이행,포장 - 건조,맑음,단일로 - 기타,자전거,여,63세,중상,승용,남,62세,상해없음
2018030800100473,2018년 3월 8일 21시,목요일,서울특별시 강서구 등촌동,부상신고사고,0,0,0,1,차대차 - 기타,불법유턴,포장 - 젖음/습기,흐림,교차로 - 교차로안,자전거,여,61세,부상신고,승용,남,58세,상해없음
2018030900100132,2018년 3월 9일 09시,금요일,서울특별시 서초구 방배동,경상사고,0,0,1,0,차대차 - 측면충돌,안전운전불이행,포장 - 건조,맑음,단일로 - 기타,자전거,남,67세,경상,승용,남,67세,상해없음
2018030900100333,2018년 3월 9일 18시,금요일,서울특별시 중랑구 중화동,경상사고,0,0,1,0,차대사람 - 기타,안전운전불이행,포장 - 건조,맑음,단일로 - 기타,자전거,남,34세,상해없음,보행자,남,56세,경상
2018030900100334,2018년 3월 9일 18시,금요일,서울특별시 서초구 양재동,경상사고,0,0,1,0,차대차 - 기타,중앙선침범,포장 - 건조,맑음,단일로 - 기타,자전거,남,43세,경상,승용,남,43세,상해없음
2018031000100306,2018년 3월 10일 15시,토요일,서울특별시 송파구 잠실동,경상사고,0,0,2,0,차대차 - 측면충돌,안전운전불이행,포장 - 건조,맑음,단일로 - 기타,자전거,남,12세,경상,자전거,남,47세,경상
2018031000100307,2018년 3월 10일 15시,토요일,서울특별시 구로구 구로동,경상사고,0,0,1,0,차대차 - 기타,불법유턴,포장 - 건조,맑음,단일로 - 기타,자전거,여,44세,경상,승용,여,37세,상해없음
2018031000100493,2018년 3월 10일 21시,토요일,서울특별시 서대문구 남가좌동,중상사고,0,1,0,0,차대차 - 측면충돌,안전운전불이행,포장 - 건조,맑음,기타 - 기타,자전거,남,22세,중상,자전거,남,30세,상해없음
2018031100100150,2018년 3월 11일 12시,일요일,서울특별시 서초구 서초동,부상신고사고,0,0,0,1,차대차 - 기타,중앙선침범,포장 - 건조,맑음,교차로 - 교차로부근,자전거,여,34세,부상신고,승용,남,61세,상해없음
2018031100100252,2018년 3월 11일 16시,일요일,서울특별시 영등포구 여의도동,경상사고,0,0,1,0,차대차 - 기타,안전운전불이행,포장 - 건조,맑음,교차로 - 교차로부근,자전거,남,46세,경상,자전거,남,22세,상해없음
2018031100100340,2018년 3월 11일 19시,일요일,서울특별시 노원구 하계동,부상신고사고,0,0,0,1,차대차 - 기타,안전운전불이행,포장 - 건조,맑음,교차로 - 교차로횡단보도내,자전거,남,7세,부상신고,승용,여,48세,상해없음
2018031200100235,2018년 3월 12일 13시,월요일,서울특별시 중랑구 묵동,부상신고사고,0,0,0,1,차대차 - 기타,불법유턴,포장 - 건조,맑음,교차로 - 교차로부근,자전거,남,62세,부상신고,화물,남,51세,상해없음
2018031200100499,2018년 3월 12일 21시,월요일,서울특별시 노원구 상계동,부상신고사고,0,0,0,1,차대사람 - 보도통행중,안전운전불이행,포장 - 건조,맑음,기타 - 기타,자전거,남,64세,상해없음,보행자,여,7세,부상신고
2018031200100526,2018년 3월 12일 22시,월요일,서울특별시 강남구 역삼동,경상사고,0,0,1,0,차대차 - 후진중충돌,안전운전불이행,포장 - 건조,맑음,단일로 - 기타,자전거,여,22세,경상,기타불명,남,52세,기타불명
2018031300100226,2018년 3월 13일 13시,화요일,서울특별시 양천구 신정동,경상사고,0,0,1,0,차대사람 - 기타,기타,포장 - 건조,맑음,단일로 - 기타,자전거,여,51세,상해없음,보행자,여,20세,경상
2018031300100276,2018년 3월 13일 15시,화요일,서울특별시 강남구 일원동,경상사고,0,0,1,0,차대차 - 정면충돌,안전운전불이행,포장 - 건조,맑음,단일로 - 기타,자전거,남,43세,상해없음,자전거,남,51세,경상
2018031300100358,2018년 3월 13일 17시,화요일,서울특별시 영등포구 영등포동6가,경상사고,0,0,1,0,차대차 - 측면충돌,신호위반,포장 - 건조,맑음,교차로 - 교차로안,자전거,남,67세,경상,특수,남,35세,상해없음
2018031300100437,2018년 3월 13일 19시,화요일,서울특별시 노원구 중계동,중상사고,0,1,0,0,차대차 - 측면충돌,안전운전불이행,포장 - 건조,맑음,주차장 - 주차장,자전거,여,41세,기타불명,자전거,남,24세,중상
2018031400100485,2018년 3월 14일 19시,수요일,서울특별시 구로구 가리봉동,중상사고,0,1,0,0,차대사람 - 보도통행중,안전운전불이행,포장 - 건조,맑음,단일로 - 기타,자전거,남,11세,상해없음,보행자,여,46세,중상
2018031600100203,2018년 3월 16일 11시,금요일,서울특별시 동대문구 장안동,중상사고,0,1,0,0,차대차 - 기타,안전운전불이행,포장 - 건조,맑음,기타 - 기타,자전거,여,65세,중상,승합,남,36세,상해없음
2018031600100245,2018년 3월 16일 13시,금요일,서울특별시 구로구 구로동,경상사고,0,0,1,0,차대사람 - 보도통행중,기타,포장 - 건조,맑음,교차로 - 교차로안,자전거,남,78세,상해없음,보행자,남,60세,경상
2018031600100278,2018년 3월 16일 14시,금요일,서울특별시 광진구 구의동,중상사고,0,1,0,0,차대차 - 측면충돌,안전운전불이행,포장 - 건조,맑음,교차로 - 교차로안,자전거,여,50세,중상,승용,남,64세,상해없음
2018031600100280,2018년 3월 16일 14시,금요일,서울특별시 영등포구 신길동,경상사고,0,0,1,0,차대차 - 측면충돌,안전운전불이행,포장 - 건조,맑음,기타 - 기타,자전거,남,72세,경상,이륜,남,59세,상해없음
2018031600100337,2018년 3월 16일 16시,금요일,서울특별시 마포구 도화동,경상사고,0,0,1,0,차대차 - 추돌,안전운전불이행,포장 - 건조,맑음,기타 - 기타,자전거,남,63세,경상,승용,남,77세,상해없음
2018031600100384,2018년 3월 16일 17시,금요일,서울특별시 노원구 상계동,경상사고,0,0,1,0,차대차 - 기타,기타,포장 - 건조,맑음,교차로 - 교차로부근,자전거,남,42세,경상,승용,여,40세,상해없음
2018031600100580,2018년 3월 16일 22시,금요일,서울특별시 강서구 염창동,중상사고,0,1,0,0,차대차 - 기타,안전거리미확보,포장 - 건조,맑음,단일로 - 기타,자전거,남,41세,중상,자전거,남,51세,상해없음
2018031700100314,2018년 3월 17일 15시,토요일,서울특별시 강동구 천호동,중상사고,0,1,0,0,차대차 - 기타,신호위반,포장 - 건조,맑음,단일로 - 기타,자전거,남,31세,중상,승용,남,41세,상해없음
2018031700100317,2018년 3월 17일 15시,토요일,서울특별시 구로구 구로동,경상사고,0,0,2,0,차대차 - 기타,안전운전불이행,포장 - 건조,맑음,단일로 - 기타,자전거,여,60세,경상,자전거,남,25세,경상
2018031700100394,2018년 3월 17일 17시,토요일,서울특별시 송파구 잠실동,경상사고,0,0,1,0,차대사람 - 차도통행중,안전운전불이행,포장 - 건조,맑음,단일로 - 기타,자전거,남,55세,상해없음,보행자,여,8세,경상
2018031700100603,2018년 3월 17일 23시,토요일,서울특별시 강북구 수유동,중상사고,0,1,0,0,차대차 - 측면충돌,직진우회전진행방해,포장 - 건조,흐림,교차로 - 교차로안,자전거,남,33세,중상,승용,여,32세,상해없음
2018031800100062,2018년 3월 18일 05시,일요일,서울특별시 동대문구 휘경동,경상사고,0,0,1,0,차대차 - 기타,안전운전불이행,포장 - 건조,맑음,교차로 - 교차로안,자전거,남,49세,경상,승용,남,74세,상해없음
2018031800100105,2018년 3월 18일 09시,일요일,서울특별시 성북구 석관동,경상사고,0,0,1,0,차대사람 - 횡단중,안전운전불이행,포장 - 건조,맑음,교차로 - 교차로안,자전거,남,83세,상해없음,보행자,여,57세,경상
2018031800100300,2018년 3월 18일 18시,일요일,서울특별시 송파구 잠실동,부상신고사고,0,0,0,1,차대차 - 측면충돌,안전운전불이행,포장 - 젖음/습기,비,교차로 - 교차로안,자전거,여,45세,부상신고,승용,남,36세,상해없음
2018031900100054,2018년 3월 19일 06시,월요일,서울특별시 구로구 개봉동,경상사고,0,0,1,0,차대차 - 측면충돌,안전운전불이행,포장 - 건조,맑음,교차로 - 교차로부근,자전거,여,63세,경상,승용,남,33세,상해없음
2018032000100298,2018년 3월 20일 15시,화요일,서울특별시 중랑구 망우동,부상신고사고,0,0,0,1,차대차 - 측면충돌,불법유턴,포장 - 건조,맑음,단일로 - 기타,자전거,남,69세,부상신고,화물,남,41세,상해없음
2018032000100357,2018년 3월 20일 17시,화요일,서울특별시 노원구 월계동,중상사고,0,1,0,0,차대사람 - 보도통행중,기타,포장 - 건조,맑음,기타 - 기타,자전거,남,11세,상해없음,보행자,여,83세,중상
2018032100100163,2018년 3월 21일 10시,수요일,서울특별시 양천구 신정동,부상신고사고,0,0,0,1,차대차 - 기타,불법유턴,포장 - 건조,맑음,기타 - 기타,자전거,여,47세,부상신고,승용,여,40세,상해없음
2018032200100221,2018년 3월 22일 11시,목요일,서울특별시 동대문구 용두동,경상사고,0,0,1,0,차대차 - 측면충돌,불법유턴,포장 - 건조,맑음,단일로 - 기타,자전거,남,24세,경상,승용,남,34세,상해없음
2018032200100282,2018년 3월 22일 13시,목요일,서울특별시 영등포구 여의도동,경상사고,0,0,1,0,차대차 - 기타,안전운전불이행,포장 - 건조,맑음,단일로 - 기타,자전거,남,79세,상해없음,자전거,남,42세,경상
2018032200100358,2018년 3월 22일 16시,목요일,서울특별시 도봉구 창동,중상사고,0,1,0,0,차대차 - 측면충돌,안전운전불이행,포장 - 건조,맑음,단일로 - 기타,자전거,남,15세,상해없음,자전거,여,60세,중상
2018032200100481,2018년 3월 22일 19시,목요일,서울특별시 강남구 대치동,중상사고,0,2,0,0,차대사람 - 횡단중,신호위반,포장 - 건조,맑음,단일로 - 기타,자전거,남,17세,중상,보행자,남,14세,중상
2018032300100067,2018년 3월 23일 07시,금요일,서울특별시 중구 을지로6가,경상사고,0,0,1,0,차대사람 - 횡단중,신호위반,포장 - 건조,맑음,교차로 - 교차로횡단보도내,자전거,남,59세,상해없음,보행자,남,40세,경상
2018032300100094,2018년 3월 23일 08시,금요일,서울특별시 영등포구 당산동2가,경상사고,0,0,1,0,차대차 - 측면충돌,안전운전불이행,포장 - 건조,맑음,단일로 - 기타,자전거,여,71세,경상,승용,남,37세,기타불명
2018032300100095,2018년 3월 23일 08시,금요일,서울특별시 영등포구 대림동,경상사고,0,0,1,0,차대차 - 측면충돌,안전운전불이행,포장 - 건조,맑음,교차로 - 교차로안,자전거,여,25세,경상,승용,남,72세,상해없음
2018032300100218,2018년 3월 23일 12시,금요일,서울특별시 성동구 행당동,경상사고,0,0,1,0,차대차 - 기타,안전거리미확보,포장 - 건조,맑음,교차로 - 교차로부근,자전거,남,56세,경상,승용,여,34세,상해없음
2018032300100334,2018년 3월 23일 16시,금요일,서울특별시 강남구 삼성동,경상사고,0,0,1,0,차대차 - 기타,안전운전불이행,포장 - 기타,맑음,기타 - 기타,자전거,남,42세,상해없음,이륜,남,25세,경상
2018032300100382,2018년 3월 23일 17시,금요일,서울특별시 송파구 장지동,부상신고사고,0,0,0,1,차대사람 - 보도통행중,기타,포장 - 건조,맑음,단일로 - 기타,자전거,기타불명,미분류,기타불명,보행자,남,81세,부상신고
2018032300100467,2018년 3월 23일 19시,금요일,서울특별시 동대문구 장안동,부상신고사고,0,0,0,1,차대차 - 기타,안전운전불이행,포장 - 건조,맑음,교차로 - 교차로횡단보도내,자전거,여,56세,부상신고,승용,남,51세,상해없음
2018032400100075,2018년 3월 24일 05시,토요일,서울특별시 종로구 숭인동,부상신고사고,0,0,0,1,차대차 - 측면충돌,안전운전불이행,포장 - 건조,맑음,단일로 - 기타,자전거,남,42세,부상신고,승용,남,59세,상해없음
2018032400100121,2018년 3월 24일 09시,토요일,서울특별시 강동구 길동,경상사고,0,0,1,0,차대차 - 측면충돌,교차로운행방법위반,포장 - 건조,맑음,교차로 - 교차로안,자전거,남,17세,경상,승용,여,24세,상해없음
2018032400100265,2018년 3월 24일 14시,토요일,서울특별시 노원구 상계동,부상신고사고,0,0,0,1,차대사람 - 횡단중,신호위반,포장 - 건조,맑음,단일로 - 기타,자전거,남,미분류,기타불명,보행자,여,16세,부상신고