사고번호,사고일시,요일,시군구,사고내용,사망자수,중상자수,경상자수,부상신고자수,사고유형,법규위반,노면상태,기상상태,도로형태,가해운전자 차종,가해운전자 성별,가해운전자 연령,가해운전자 상해정도,피해운전자 차종,피해운전자 성별,피해운전자 연령,피해운전자 상해정도
2018051800100454,2018년 5월 18일 18시,금요일,서울특별시 서대문구 대현동,경상사고,0,0,1,0,차대사람 - 보도통행중,기타,포장 - 건조,맑음,단일로 - 기타,자전거,여,25세,상해없음,보행자,여,56세,경상
2018051900100195,2018년 5월 19일 10시,토요일,서울특별시 영등포구 영등포동3가,경상사고,0,0,1,0,차대차 - 측면충돌,중앙선침범,포장 - 건조,맑음,단일로 - 기타,자전거,남,74세,경상,승용,남,59세,상해없음
2018051900100200,2018년 5월 19일 10시,토요일,서울특별시 노원구 하계동,중상사고,0,1,0,0,차대차 - 측면충돌,안전운전불이행,포장 - 건조,맑음,기타 - 기타,자전거,남,75세,상해없음,자전거,남,56세,상해없음
2018051900100425,2018년 5월 19일 15시,토요일,서울특별시 관악구 신림동,부상신고사고,0,0,0,1,차대차 - 기타,중앙선침범,포장 - 건조,맑음,단일로 - 기타,자전거,남,74세,부상신고,승용,남,37세,상해없음
2018051900100682,2018년 5월 19일 22시,토요일,서울특별시 영등포구 도림동,경상사고,0,0,1,0,차대차 - 측면충돌,신호위반,포장 - 건조,맑음,교차로 - 교차로횡단보도내,자전거,여,52세,경상,승용,남,73세,상해없음
2018052000100120,2018년 5월 20일 09시,일요일,서울특별시 송파구 잠실동,경상사고,0,0,2,0,차대차 - 추돌,안전거리미확보,포장 - 건조,맑음,단일로 - 기타,자전거,남,54세,경상,자전거,여,24세,경상
2018052000100137,2018년 5월 20일 10시,일요일,서울특별시 성동구 금호동4가,중상사고,0,1,0,1,차대차 - 기타,안전운전불이행,포장 - 건조,맑음,기타 - 기타,자전거,기타불명,미분류,기타불명,자전거,남,58세,중상
2018052000100188,2018년 5월 20일 12시,일요일,서울특별시 송파구 풍납동,부상신고사고,0,0,0,1,차대차 - 측면충돌,중앙선침범,포장 - 건조,맑음,교차로 - 교차로안,자전거,남,63세,부상신고,승용,남,58세,상해없음
2018052000100333,2018년 5월 20일 17시,일요일,서울특별시 성동구 마장동,경상사고,0,0,1,0,차대사람 - 기타,안전운전불이행,포장 - 건조,맑음,단일로 - 기타,자전거,남,22세,상해없음,보행자,남,45세,경상
2018052000100357,2018년 5월 20일 18시,일요일,서울특별시 영등포구 여의도동,경상사고,0,0,1,0,차대사람 - 기타,안전운전불이행,포장 - 건조,맑음,기타 - 기타,자전거,여,18세,상해없음,보행자,여,64세,경상
2018052100100085,2018년 5월 21일 08시,월요일,서울특별시 영등포구 양평동1가,경상사고,0,0,1,0,차대차 - 측면충돌,신호위반,포장 - 건조,맑음,교차로 - 교차로안,자전거,남,14세,경상,승용,남,62세,상해없음
2018052100100123,2018년 5월 21일 09시,월요일,서울특별시 동대문구 장안동,중상사고,0,1,0,0,차대차 - 측면충돌,중앙선침범,포장 - 건조,맑음,단일로 - 기타,자전거,남,76세,중상,화물,남,45세,상해없음
2018052100100193,2018년 5월 21일 11시,월요일,서울특별시 영등포구 영등포동4가,경상사고,0,0,1,0,차대사람 - 기타,기타,포장 - 건조,맑음,단일로 - 기타,자전거,남,69세,경상,보행자,기타불명,미분류,기타불명
2018052100100330,2018년 5월 21일 15시,월요일,서울특별시 마포구 상암동,중상사고,0,1,0,0,차대차 - 기타,안전운전불이행,포장 - 건조,맑음,단일로 - 기타,자전거,남,44세,중상,자전거,남,6세,상해없음
2018052200100175,2018년 5월 22일 10시,화요일,서울특별시 양천구 신정동,중상사고,0,1,0,0,차대차 - 기타,안전운전불이행,포장 - 건조,맑음,단일로 - 기타,자전거,남,22세,상해없음,자전거,남,63세,중상
2018052200100198,2018년 5월 22일 11시,화요일,서울특별시 은평구 응암동,부상신고사고,0,0,0,1,차대차 - 기타,중앙선침범,포장 - 건조,맑음,단일로 - 기타,자전거,남,83세,부상신고,승용,남,41세,상해없음
2018052200100266,2018년 5월 22일 13시,화요일,서울특별시 강동구 성내동,부상신고사고,0,0,0,1,차대차 - 기타,안전운전불이행,포장 - 건조,맑음,단일로 - 기타,자전거,남,11세,부상신고,승용,남,25세,상해없음
2018052200100308,2018년 5월 22일 14시,화요일,서울특별시 노원구 하계동,부상신고사고,0,0,0,1,차대차 - 기타,안전운전불이행,포장 - 젖음/습기,흐림,단일로 - 기타,자전거,여,59세,부상신고,승용,남,55세,상해없음
2018052300100098,2018년 5월 23일 08시,수요일,서울특별시 성북구 석관동,경상사고,0,0,1,0,차대차 - 측면충돌,기타,포장 - 건조,맑음,단일로 - 기타,자전거,남,13세,경상,기타불명,기타불명,미분류,기타불명
2018052300100218,2018년 5월 23일 11시,수요일,서울특별시 영등포구 대림동,부상신고사고,0,0,0,1,차대차 - 기타,중앙선침범,포장 - 건조,맑음,교차로 - 교차로안,자전거,여,42세,부상신고,이륜,남,50세,상해없음
2018052300100389,2018년 5월 23일 16시,수요일,서울특별시 영등포구 양평동6가,경상사고,0,0,3,0,차대차 - 정면충돌,안전운전불이행,포장 - 건조,맑음,단일로 - 기타,자전거,여,21세,상해없음,자전거,남,32세,경상
2018052300100490,2018년 5월 23일 18시,수요일,서울특별시 강동구 둔촌동,부상신고사고,0,0,0,1,차량단독 - 기타,안전운전불이행,포장 - 건조,맑음,단일로 - 기타,자전거,남,10세,부상신고,,,,
2018052300100608,2018년 5월 23일 21시,수요일,서울특별시 송파구 오금동,부상신고사고,0,0,0,1,차대차 - 측면충돌,직진우회전진행방해,포장 - 건조,맑음,교차로 - 교차로안,자전거,여,25세,부상신고,승용,남,29세,상해없음
2018052300100610,2018년 5월 23일 21시,수요일,서울특별시 구로구 구로동,중상사고,0,1,0,0,차대차 - 정면충돌,안전운전불이행,포장 - 건조,기타,단일로 - 기타,자전거,남,28세,상해없음,자전거,여,51세,중상
2018052400100500,2018년 5월 24일 19시,목요일,서울특별시 동작구 신대방동,경상사고,0,0,1,0,차대차 - 정면충돌,안전운전불이행,포장 - 건조,맑음,단일로 - 기타,자전거,남,49세,상해없음,자전거,남,36세,경상
2018052400100502,2018년 5월 24일 19시,목요일,서울특별시 송파구 방이동,중상사고,0,1,0,0,차대사람 - 횡단중,안전운전불이행,포장 - 건조,맑음,단일로 - 기타,자전거,남,14세,상해없음,보행자,여,76세,중상
2018052500100319,2018년 5월 25일 14시,금요일,서울특별시 동대문구 휘경동,부상신고사고,0,0,0,1,차대차 - 정면충돌,직진우회전진행방해,포장 - 건조,맑음,교차로 - 교차로안,자전거,남,74세,부상신고,승용,여,44세,상해없음
2018052500100325,2018년 5월 25일 14시,금요일,서울특별시 도봉구 창동,경상사고,0,0,1,0,차대차 - 기타,직진우회전진행방해,포장 - 건조,맑음,교차로 - 교차로안,자전거,여,72세,경상,승용,여,37세,상해없음
2018052500100360,2018년 5월 25일 15시,금요일,서울특별시 강동구 고덕동,부상신고사고,0,0,0,1,차대차 - 측면충돌,안전운전불이행,포장 - 건조,맑음,기타 - 기타,자전거,남,11세,부상신고,승용,여,32세,상해없음
2018052500100398,2018년 5월 25일 16시,금요일,서울특별시 구로구 구로동,경상사고,0,0,1,0,차대사람 - 횡단중,신호위반,포장 - 건조,맑음,교차로 - 교차로횡단보도내,자전거,여,64세,상해없음,보행자,여,55세,경상
2018052500100444,2018년 5월 25일 17시,금요일,서울특별시 송파구 문정동,경상사고,0,0,1,0,차대차 - 추돌,안전운전불이행,포장 - 건조,맑음,단일로 - 기타,자전거,남,48세,상해없음,자전거,여,25세,경상
2018052500100532,2018년 5월 25일 19시,금요일,서울특별시 중랑구 신내동,부상신고사고,0,0,0,1,차대차 - 기타,안전운전불이행,포장 - 건조,맑음,교차로 - 교차로안,자전거,여,51세,부상신고,승용,남,72세,상해없음
2018052500100602,2018년 5월 25일 21시,금요일,서울특별시 용산구 이촌동,부상신고사고,0,0,0,1,차대사람 - 횡단중,기타,포장 - 건조,맑음,단일로 - 기타,자전거,남,46세,부상신고,보행자,여,21세,상해없음
2018052600100195,2018년 5월 26일 10시,토요일,서울특별시 강동구 암사동,경상사고,0,0,1,0,차대차 - 기타,안전운전불이행,포장 - 건조,맑음,단일로 - 기타,자전거,남,32세,경상,자전거,남,37세,상해없음
2018052600100297,2018년 5월 26일 13시,토요일,서울특별시 성동구 송정동,경상사고,0,0,1,0,차대차 - 기타,안전운전불이행,포장 - 건조,맑음,단일로 - 기타,자전거,남,12세,상해없음,자전거,남,40세,경상
2018052600100634,2018년 5월 26일 22시,토요일,서울특별시 성북구 보문동2가,중상사고,0,1,0,0,차대차 - 측면충돌,신호위반,포장 - 건조,맑음,교차로 - 교차로안,자전거,남,21세,중상,승용,남,50세,상해없음
2018052700100108,2018년 5월 27일 09시,일요일,서울특별시 동대문구 장안동,부상신고사고,0,0,0,1,차대차 - 측면충돌,안전운전불이행,포장 - 건조,맑음,단일로 - 기타,자전거,여,46세,부상신고,승용,남,26세,상해없음
2018052700100218,2018년 5월 27일 14시,일요일,서울특별시 영등포구 여의도동,경상사고,0,0,1,0,차대차 - 측면충돌,안전운전불이행,포장 - 건조,맑음,단일로 - 기타,자전거,남,61세,경상,자전거,남,15세,상해없음
2018052700100300,2018년 5월 27일 17시,일요일,서울특별시 서초구 잠원동,부상신고사고,0,0,0,1,차대차 - 추돌,안전거리미확보,포장 - 건조,맑음,단일로 - 기타,자전거,여,33세,부상신고,자전거,여,35세,상해없음
2018052700100322,2018년 5월 27일 18시,일요일,서울특별시 강서구 화곡동,부상신고사고,0,0,0,1,차대사람 - 보도통행중,안전운전불이행,포장 - 건조,맑음,기타 - 기타,자전거,남,13세,상해없음,보행자,여,63세,부상신고
2018052700100368,2018년 5월 27일 20시,일요일,서울특별시 은평구 증산동,경상사고,0,0,2,0,차대차 - 측면충돌,안전운전불이행,포장 - 건조,맑음,기타 - 기타,자전거,여,40세,경상,자전거,여,32세,경상
2018052800100157,2018년 5월 28일 09시,월요일,서울특별시 양천구 신정동,부상신고사고,0,0,0,1,차대차 - 측면충돌,안전운전불이행,포장 - 건조,맑음,교차로 - 교차로부근,자전거,여,21세,부상신고,승용,남,53세,상해없음
2018052800100197,2018년 5월 28일 10시,월요일,서울특별시 강동구 암사동,경상사고,0,0,1,0,차대차 - 추돌,안전운전불이행,포장 - 건조,맑음,기타 - 기타,자전거,남,58세,상해없음,자전거,남,29세,경상
2018052800100250,2018년 5월 28일 12시,월요일,서울특별시 중구 태평로1가,중상사고,0,1,0,0,차대사람 - 횡단중,신호위반,포장 - 건조,맑음,단일로 - 기타,자전거,여,25세,상해없음,보행자,여,32세,중상
2018052800100251,2018년 5월 28일 12시,월요일,서울특별시 마포구 연남동,중상사고,0,1,0,0,차대사람 - 횡단중,신호위반,포장 - 건조,맑음,교차로 - 교차로횡단보도내,자전거,여,25세,상해없음,보행자,여,32세,중상
2018052800100342,2018년 5월 28일 15시,월요일,서울특별시 양천구 신정동,경상사고,0,0,1,0,차대차 - 측면충돌,안전운전불이행,포장 - 건조,맑음,교차로 - 교차로부근,자전거,남,78세,경상,승용,남,49세,상해없음
2018052900100040,2018년 5월 29일 06시,화요일,서울특별시 동대문구 전농동,경상사고,0,0,1,0,차대차 - 기타,신호위반,포장 - 건조,맑음,교차로 - 교차로안,자전거,여,23세,경상,화물,남,36세,상해없음
2018052900100243,2018년 5월 29일 13시,화요일,서울특별시 동작구 사당동,경상사고,0,0,1,0,차대사람 - 횡단중,안전운전불이행,포장 - 건조,맑음,단일로 - 기타,자전거,남,77세,상해없음,보행자,여,25세,경상
2018052900100278,2018년 5월 29일 14시,화요일,서울특별시 동대문구 제기동,경상사고,0,0,1,0,차대차 - 정면충돌,안전운전불이행,포장 - 건조,맑음,기타 - 기타,자전거,여,66세,상해없음,자전거,남,35세,경상
2018052900100302,2018년 5월 29일 15시,화요일,서울특별시 용산구 한남동,중상사고,0,1,2,1,차대차 - 기타,안전운전불이행,포장 - 건조,맑음,단일로 - 기타,자전거,남,60세,부상신고,자전거,남,46세,경상
2018052900100337,2018년 5월 29일 16시,화요일,서울특별시 강북구 번동,경상사고,0,0,1,0,차대차 - 측면충돌,안전운전불이행,포장 - 건조,맑음,단일로 - 기타,자전거,남,49세,경상,승용,여,52세,상해없음
2018052900100339,2018년 5월 29일 16시,화요일,서울특별시 광진구 자양동,경상사고,0,0,1,0,차대사람 - 차도통행중,안전운전불이행,포장 - 건조,맑음,단일로 - 기타,자전거,남,11세,기타불명,보행자,여,57세,경상
2018052900100511,2018년 5월 29일 20시,화요일,서울특별시 노원구 상계동,경상사고,0,0,1,0,차대차 - 기타,안전운전불이행,포장 - 건조,맑음,단일로 - 기타,자전거,여,19세,경상,승용,남,51세,상해없음
2018052900100549,2018년 5월 29일 21시,화요일,서울특별시 양천구 신정동,경상사고,0,0,1,0,차대차 - 측면충돌,안전운전불이행,포장 - 건조,흐림,단일로 - 기타,자전거,남,20세,경상,승용,남,40세,상해없음
2018053000100003,2018년 5월 30일 00시,수요일,서울특별시 송파구 송파동,중상사고,0,1,0,0,차대차 - 측면충돌,안전운전불이행,포장 - 건조,맑음,교차로 - 교차로횡단보도내,자전거,남,45세,중상,승용,남,31세,상해없음
2018053000100212,2018년 5월 30일 11시,수요일,서울특별시 노원구 상계동,부상신고사고,0,0,0,1,차대차 - 기타,안전운전불이행,포장 - 건조,맑음,교차로 - 교차로횡단보도내,자전거,여,55세,부상신고,승용,남,89세,상해없음
2018053000100341,2018년 5월 30일 15시,수요일,서울특별시 송파구 잠실동,중상사고,0,1,0,0,차대차 - 정면충돌,안전운전불이행,포장 - 건조,맑음,단일로 - 기타,자전거,남,34세,상해없음,자전거,여,43세,중상
2018053000100391,2018년 5월 30일 16시,수요일,서울특별시 동대문구 장안동,경상사고,0,0,1,0,차대차 - 측면충돌,안전운전불이행,포장 - 건조,맑음,단일로 - 기타,자전거,남,81세,경상,승용,남,23세,상해없음
2018053000100392,2018년 5월 30일 16시,수요일,서울특별시 강서구 염창동,사망사고,1,0,0,0,차대차 - 측면충돌,안전거리미확보,포장 - 건조,맑음,단일로 - 기타,자전거,남,64세,사망,승용,여,31세,기타불명
2018053000100433,2018년 5월 30일 17시,수요일,서울특별시 동대문구 제기동,경상사고,0,0,1,0,차대차 - 측면충돌,안전운전불이행,포장 - 건조,맑음,기타 - 기타,자전거,남,37세,경상,화물,남,74세,상해없음
2018053000100600,2018년 5월 30일 22시,수요일,서울특별시 중랑구 상봉동,경상사고,0,0,1,0,차대사람 - 횡단중,기타,포장 - 건조,맑음,단일로 - 기타,자전거,여,51세,상해없음,보행자,남,49세,경상
2018053100100307,2018년 5월 31일 13시,목요일,서울특별시 성동구 성수동1가,부상신고사고,0,0,0,1,차대차 - 기타,안전운전불이행,포장 - 건조,맑음,단일로 - 기타,자전거,남,43세,부상신고,기타불명,기타불명,미분류,기타불명
2018053100100380,2018년 5월 31일 15시,목요일,서울특별시 중랑구 신내동,부상신고사고,0,0,0,1,차대차 - 측면충돌,불법유턴,포장 - 건조,맑음,교차로 - 교차로안,자전거,여,68세,부상신고,화물,남,44세,상해없음
2018053100100422,2018년 5월 31일 16시,목요일,서울특별시 동작구 본동,중상사고,0,1,0,0,차대차 - 측면충돌,안전운전불이행,포장 - 건조,맑음,기타 - 기타,자전거,여,16세,상해없음,자전거,남,59세,중상
2018053100100464,2018년 5월 31일 17시,목요일,서울특별시 영등포구 여의도동,부상신고사고,0,0,0,2,차대사람 - 기타,안전운전불이행,포장 - 건조,맑음,단일로 - 기타,자전거,남,68세,부상신고,보행자,남,1세,부상신고
2018053100100467,2018년 5월 31일 17시,목요일,서울특별시 중랑구 중화동,경상사고,0,0,2,0,차대차 - 추돌,안전운전불이행,포장 - 건조,맑음,단일로 - 기타,자전거,남,49세,경상,자전거,남,59세,경상
2018053100100519,2018년 5월 31일 18시,목요일,서울특별시 양천구 목동,부상신고사고,0,0,0,1,차대차 - 기타,안전운전불이행,포장 - 건조,맑음,교차로 - 교차로안,자전거,남,22세,부상신고,자전거,남,55세,상해없음
2018053100100654,2018년 5월 31일 22시,목요일,서울특별시 중구 흥인동,경상사고,0,0,1,0,차대사람 - 횡단중,신호위반,포장 - 건조,흐림,교차로 - 교차로횡단보도내,자전거,남,24세,상해없음,보행자,여,65세,경상
2018053100100655,2018년 5월 31일 22시,목요일,서울특별시 중구 태평로2가,경상사고,0,0,1,0,차대사람 - 기타,기타,포장 - 건조,맑음,기타 - 기타,자전거,기타불명,미분류,기타불명,보행자,남,33세,경상
2018053100100683,2018년 5월 31일 23시,목요일,서울특별시 동대문구 이문동,경상사고,0,0,1,0,차대차 - 기타,안전운전불이행,포장 - 건조,맑음,단일로 - 기타,자전거,남,56세,경상,자전거,여,25세,상해없음
2018060100100084,2018년 6월 1일 07시,금요일,서울특별시 금천구 시흥동,경상사고,0,0,1,0,차대차 - 측면충돌,안전운전불이행,포장 - 건조,맑음,교차로 - 교차로안,자전거,남,15세,경상,승용,남,64세,상해없음
2018060100100107,2018년 6월 1일 08시,금요일,서울특별시 강남구 삼성동,경상사고,0,0,1,0,차대차 - 측면충돌,안전운전불이행,포장 - 건조,맑음,단일로 - 기타,자전거,여,25세,경상,승용,남,40세,상해없음
2018060200100074,2018년 6월 2일 05시,토요일,서울특별시 구로구 고척동,중상사고,0,1,2,0,차대차 - 측면충돌,중앙선침범,포장 - 건조,맑음,단일로 - 기타,자전거,남,73세,중상,이륜,남,18세,경상
2018060200100172,2018년 6월 2일 10시,토요일,서울특별시 노원구 중계동,경상사고,0,0,1,0,차대사람 - 횡단중,신호위반,포장 - 건조,맑음,교차로 - 교차로횡단보도내,자전거,남,17세,상해없음,보행자,여,54세,경상
2018060200100206,2018년 6월 2일 11시,토요일,서울특별시 강북구 번동,경상사고,0,0,1,0,차대차 - 측면충돌,중앙선침범,포장 - 건조,맑음,단일로 - 기타,자전거,여,66세,경상,화물,남,48세,상해없음
2018060200100340,2018년 6월 2일 14시,토요일,서울특별시 동작구 상도동,중상사고,0,1,0,0,차량단독 - 전도전복 - 전도,안전운전불이행,포장 - 건조,맑음,기타 - 기타,자전거,남,11세,중상,미분류,미분류,미분류,미분류
2018060200100378,2018년 6월 2일 15시,토요일,서울특별시 성북구 정릉동,부상신고사고,0,0,0,1,차대차 - 측면충돌,중앙선침범,포장 - 건조,맑음,교차로 - 교차로횡단보도내,자전거,남,12세,부상신고,승용,여,38세,상해없음
2018060200100480,2018년 6월 2일 17시,토요일,서울특별시 강동구 천호동,부상신고사고,0,0,0,2,차대차 - 추돌,차로위반,포장 - 건조,맑음,기타 - 기타,자전거,남,79세,부상신고,승용,남,68세,상해없음
2018060200100578,2018년 6월 2일 19시,토요일,서울특별시 광진구 자양동,경상사고,0,0,1,0,차대차 - 기타,안전운전불이행,포장 - 건조,맑음,단일로 - 기타,자전거,여,50세,상해없음,이륜,남,21세,경상
2018060200100695,2018년 6월 2일 23시,토요일,서울특별시 중랑구 망우동,부상신고사고,0,0,0,1,차대차 - 기타,직진우회전진행방해,포장 - 건조,맑음,교차로 - 교차로안,자전거,남,46세,부상신고,승용,남,69세,상해없음
2018060300100073,2018년 6월 3일 06시,일요일,서울특별시 성동구 응봉동,경상사고,0,0,1,0,차대차 - 기타,안전운전불이행,포장 - 건조,흐림,단일로 - 기타,자전거,남,34세,상해없음,자전거,남,59세,경상
2018060300100093,2018년 6월 3일 08시,일요일,서울특별시 서대문구 연희동,중상사고,0,2,0,0,차대사람 - 길가장자리구역통행중,안전운전불이행,포장 - 건조,맑음,단일로 - 기타,자전거,남,33세,중상,보행자,남,22세,중상
2018060300100110,2018년 6월 3일 09시,일요일,서울특별시 용산구 서빙고동,중상사고,0,1,0,0,차대차 - 기타,안전운전불이행,포장 - 건조,맑음,교차로 - 교차로안,자전거,남,54세,중상,자전거,남,54세,상해없음
2018060300100152,2018년 6월 3일 11시,일요일,서울특별시 영등포구 여의도동,경상사고,0,0,1,0,차대차 - 정면충돌,안전운전불이행,포장 - 건조,맑음,단일로 - 터널,자전거,남,14세,상해없음,자전거,남,52세,경상
2018060300100153,2018년 6월 3일 11시,일요일,서울특별시 송파구 풍납동,부상신고사고,0,0,0,1,차대차 - 측면충돌,안전운전불이행,포장 - 건조,맑음,교차로 - 교차로횡단보도내,자전거,남,12세,부상신고,승용,여,71세,상해없음
2018060300100294,2018년 6월 3일 16시,일요일,서울특별시 송파구 오금동,중상사고,0,1,0,1,차대차 - 측면충돌,안전운전불이행,포장 - 건조,맑음,단일로 - 기타,자전거,여,35세,부상신고,자전거,여,29세,중상
2018060300100296,2018년 6월 3일 16시,일요일,서울특별시 도봉구 도봉동,부상신고사고,0,0,0,1,차대차 - 추돌,안전거리미확보,포장 - 건조,맑음,단일로 - 기타,자전거,남,12세,부상신고,승합,남,62세,상해없음
2018060300100364,2018년 6월 3일 18시,일요일,서울특별시 용산구 이촌동,경상사고,0,0,1,0,차대차 - 기타,안전운전불이행,포장 - 건조,맑음,단일로 - 기타,자전거,남,45세,상해없음,자전거,남,32세,경상
2018060300100366,2018년 6월 3일 18시,일요일,서울특별시 동대문구 장안동,경상사고,0,0,1,0,차대사람 - 횡단중,안전운전불이행,포장 - 건조,맑음,단일로 - 기타,자전거,남,46세,상해없음,보행자,여,47세,경상
2018060300100418,2018년 6월 3일 20시,일요일,서울특별시 금천구 시흥동,경상사고,0,0,1,0,차대사람 - 보도통행중,기타,포장 - 건조,맑음,기타 - 기타,자전거,여,46세,상해없음,보행자,여,53세,경상
2018060300100419,2018년 6월 3일 20시,일요일,서울특별시 중랑구 면목동,경상사고,0,0,1,0,차대차 - 기타,안전운전불이행,포장 - 건조,맑음,교차로 - 교차로안,자전거,남,84세,경상,승용,남,47세,상해없음
2018060400100061,2018년 6월 4일 07시,월요일,서울특별시 영등포구 도림동,경상사고,0,0,1,0,차대차 - 기타,안전운전불이행,포장 - 건조,맑음,단일로 - 기타,자전거,여,57세,경상,승용,남,65세,상해없음
2018060400100109,2018년 6월 4일 08시,월요일,서울특별시 광진구 중곡동,부상신고사고,0,0,0,1,차대차 - 측면충돌,교차로운행방법위반,포장 - 건조,맑음,단일로 - 기타,자전거,남,15세,부상신고,화물,남,55세,상해없음
2018060400100160,2018년 6월 4일 09시,월요일,서울특별시 중랑구 상봉동,부상신고사고,0,0,0,1,차대차 - 기타,안전운전불이행,포장 - 건조,맑음,교차로 - 교차로횡단보도내,자전거,여,20세,부상신고,승용,여,40세,상해없음
2018060400100201,2018년 6월 4일 10시,월요일,서울특별시 강서구 방화동,경상사고,0,0,1,0,차대사람 - 보도통행중,안전운전불이행,포장 - 건조,맑음,단일로 - 기타,자전거,기타불명,미분류,기타불명,보행자,남,80세,경상
2018060400100202,2018년 6월 4일 10시,월요일,서울특별시 송파구 신천동,부상신고사고,0,0,0,1,차대사람 - 기타,안전운전불이행,포장 - 건조,맑음,단일로 - 기타,자전거,남,59세,상해없음,보행자,여,58세,부상신고
2018060400100203,2018년 6월 4일 10시,월요일,서울특별시 송파구 거여동,경상사고,0,0,1,0,차대차 - 측면충돌,안전운전불이행,포장 - 건조,맑음,단일로 - 기타,자전거,남,68세,경상,승용,여,62세,상해없음
2018060400100488,2018년 6월 4일 18시,월요일,서울특별시 송파구 가락동,경상사고,0,0,1,0,차대차 - 기타,안전운전불이행,포장 - 건조,맑음,교차로 - 교차로부근,자전거,남,12세,경상,승용,여,34세,상해없음
2018060400100490,2018년 6월 4일 18시,월요일,서울특별시 서초구 반포동,경상사고,0,0,1,0,차대차 - 측면충돌,중앙선침범,포장 - 건조,맑음,교차로 - 교차로안,자전거,남,30세,경상,승용,남,36세,상해없음
2018060500100059,2018년 6월 5일 06시,화요일,서울특별시 강동구 천호동,부상신고사고,0,0,0,1,차대차 - 측면충돌,안전운전불이행,포장 - 건조,맑음,교차로 - 교차로부근,자전거,남,49세,부상신고,화물,남,66세,상해없음
2018060500100078,2018년 6월 5일 07시,화요일,서울특별시 송파구 풍납동,경상사고,0,0,1,0,차대차 - 기타,안전운전불이행,포장 - 건조,맑음,기타 - 기타,자전거,여,20세,경상,승용,여,41세,상해없음
2018060500100080,2018년 6월 5일 07시,화요일,서울특별시 노원구 공릉동,경상사고,0,0,1,0,차대차 - 측면충돌,중앙선침범,포장 - 건조,맑음,교차로 - 교차로안,자전거,여,73세,경상,승용,남,64세,상해없음
2018060500100149,2018년 6월 5일 09시,화요일,서울특별시 동작구 신대방동,중상사고,0,1,0,0,차대사람 - 횡단중,신호위반,포장 - 건조,맑음,단일로 - 기타,자전거,남,33세,상해없음,보행자,여,77세,중상
2018060500100299,2018년 6월 5일 14시,화요일,서울특별시 동대문구 전농동,경상사고,0,0,1,0,차대차 - 측면충돌,불법유턴,포장 - 건조,맑음,단일로 - 기타,자전거,남,85세,경상,이륜,남,52세,상해없음
2018060500100344,2018년 6월 5일 15시,화요일,서울특별시 강서구 염창동,중상사고,0,1,0,0,차대차 - 기타,안전운전불이행,포장 - 건조,맑음,단일로 - 기타,자전거,남,36세,중상,승용,남,42세,상해없음
2018060500100345,2018년 6월 5일 15시,화요일,서울특별시 강남구 도곡동,중상사고,0,1,0,0,차대차 - 측면충돌,안전운전불이행,포장 - 건조,맑음,단일로 - 기타,자전거,남,14세,중상,승합,남,72세,상해없음
2018060500100594,2018년 6월 5일 21시,화요일,서울특별시 광진구 중곡동,경상사고,0,0,1,0,차대차 - 측면충돌,안전운전불이행,포장 - 건조,맑음,교차로 - 교차로안,자전거,여,50세,경상,승용,남,58세,상해없음
2018060600100181,2018년 6월 6일 11시,수요일,서울특별시 용산구 이촌동,경상사고,0,0,1,0,차대차 - 측면충돌,안전운전불이행,포장 - 건조,맑음,단일로 - 기타,자전거,남,53세,상해없음,자전거,남,77세,경상
2018060600100217,2018년 6월 6일 12시,수요일,서울특별시 동작구 본동,부상신고사고,0,0,0,1,차대차 - 측면충돌,안전운전불이행,포장 - 건조,맑음,교차로 - 교차로부근,자전거,남,50세,부상신고,자전거,남,50세,상해없음
2018060600100369,2018년 6월 6일 16시,수요일,서울특별시 성동구 성수동1가,경상사고,0,0,1,0,차대차 - 기타,안전운전불이행,포장 - 건조,맑음,교차로 - 교차로안,자전거,여,49세,경상,승용,남,52세,상해없음
2018060600100440,2018년 6월 6일 18시,수요일,서울특별시 양천구 신월동,경상사고,0,0,1,0,차대차 - 기타,안전운전불이행,포장 - 건조,맑음,단일로 - 기타,자전거,남,15세,경상,화물,남,53세,상해없음
2018060600100497,2018년 6월 6일 20시,수요일,서울특별시 동대문구 용두동,경상사고,0,0,1,0,차대차 - 기타,안전운전불이행,포장 - 건조,맑음,단일로 - 기타,자전거,남,63세,경상,승용,여,39세,상해없음
2018060600100552,2018년 6월 6일 22시,수요일,서울특별시 영등포구 여의도동,중상사고,0,1,0,0,차대사람 - 기타,안전운전불이행,포장 - 건조,맑음,단일로 - 기타,자전거,남,32세,중상,보행자,남,20세,상해없음
2018060700100035,2018년 6월 7일 05시,목요일,서울특별시 은평구 대조동,경상사고,0,0,1,0,차대차 - 측면충돌,기타,포장 - 건조,맑음,교차로 - 교차로안,자전거,남,58세,경상,화물,남,32세,상해없음
2018060700100062,2018년 6월 7일 07시,목요일,서울특별시 서초구 양재동,중상사고,0,1,0,0,차대사람 - 기타,안전운전불이행,포장 - 건조,맑음,단일로 - 기타,자전거,남,51세,상해없음,보행자,여,57세,중상
2018060700100199,2018년 6월 7일 11시,목요일,서울특별시 양천구 신정동,부상신고사고,0,0,0,1,차대차 - 측면충돌,안전운전불이행,포장 - 건조,맑음,교차로 - 교차로안,자전거,남,18세,부상신고,승합,남,54세,상해없음