사고번호,사고일시,요일,시군구,사고내용,사망자수,중상자수,경상자수,부상신고자수,사고유형,법규위반,노면상태,기상상태,도로형태,가해운전자 차종,가해운전자 성별,가해운전자 연령,가해운전자 상해정도,피해운전자 차종,피해운전자 성별,피해운전자 연령,피해운전자 상해정도
2018060700100350,2018년 6월 7일 16시,목요일,서울특별시 영등포구 신길동,경상사고,0,0,1,0,차대차 - 측면충돌,안전운전불이행,포장 - 건조,맑음,단일로 - 기타,자전거,남,11세,경상,화물,남,49세,상해없음
2018060800100109,2018년 6월 8일 08시,금요일,서울특별시 강서구 내발산동,부상신고사고,0,0,0,1,차대차 - 측면충돌,안전운전불이행,포장 - 건조,맑음,단일로 - 기타,자전거,남,14세,부상신고,승용,남,38세,상해없음
2018060800100446,2018년 6월 8일 17시,금요일,서울특별시 구로구 구로동,경상사고,0,0,1,0,차대차 - 측면충돌,불법유턴,포장 - 건조,맑음,교차로 - 교차로횡단보도내,자전거,남,8세,경상,승용,남,57세,상해없음
2018060800100660,2018년 6월 8일 22시,금요일,서울특별시 동작구 신대방동,경상사고,0,0,1,0,차대차 - 추돌,불법유턴,포장 - 건조,맑음,단일로 - 기타,자전거,여,65세,경상,이륜,남,25세,상해없음
2018060800100688,2018년 6월 8일 23시,금요일,서울특별시 노원구 월계동,부상신고사고,0,0,0,1,차대차 - 정면충돌,안전운전불이행,포장 - 건조,맑음,단일로 - 지하차도(도로)내,자전거,남,47세,부상신고,화물,남,45세,상해없음
2018060900100113,2018년 6월 9일 08시,토요일,서울특별시 송파구 문정동,중상사고,0,1,0,0,차대차 - 기타,안전운전불이행,포장 - 건조,맑음,단일로 - 기타,자전거,남,66세,상해없음,자전거,남,44세,중상
2018060900100164,2018년 6월 9일 10시,토요일,서울특별시 은평구 역촌동,경상사고,0,0,1,0,차대차 - 기타,신호위반,포장 - 건조,맑음,교차로 - 교차로부근,자전거,남,52세,경상,승용,여,52세,상해없음
2018060900100273,2018년 6월 9일 13시,토요일,서울특별시 관악구 봉천동,부상신고사고,0,0,0,1,차대차 - 기타,안전운전불이행,포장 - 건조,맑음,단일로 - 기타,자전거,남,79세,부상신고,승용,여,43세,상해없음
2018060900100373,2018년 6월 9일 16시,토요일,서울특별시 중랑구 망우동,부상신고사고,0,0,0,1,차대차 - 기타,안전운전불이행,포장 - 건조,맑음,교차로 - 교차로안,자전거,남,53세,부상신고,승용,여,25세,상해없음
2018060900100404,2018년 6월 9일 17시,토요일,서울특별시 강남구 청담동,경상사고,0,0,1,0,차대사람 - 기타,안전운전불이행,포장 - 건조,흐림,단일로 - 기타,자전거,남,15세,상해없음,보행자,여,67세,경상
2018060900100444,2018년 6월 9일 18시,토요일,서울특별시 영등포구 당산동1가,부상신고사고,0,0,0,1,차대차 - 측면충돌,안전운전불이행,포장 - 건조,맑음,단일로 - 기타,자전거,여,14세,부상신고,승용,여,59세,상해없음
2018061000100119,2018년 6월 10일 09시,일요일,서울특별시 은평구 응암동,중상사고,0,1,0,0,차대차 - 측면충돌,안전운전불이행,포장 - 건조,맑음,교차로 - 교차로횡단보도내,자전거,여,56세,중상,승용,여,57세,상해없음
2018061000100120,2018년 6월 10일 09시,일요일,서울특별시 구로구 구로동,경상사고,0,0,1,0,차대사람 - 보도통행중,안전운전불이행,포장 - 건조,맑음,단일로 - 기타,자전거,남,75세,상해없음,보행자,여,53세,경상
2018061000100185,2018년 6월 10일 12시,일요일,서울특별시 광진구 중곡동,중상사고,0,1,1,0,차대차 - 측면충돌,안전운전불이행,포장 - 건조,맑음,단일로 - 기타,자전거,남,27세,경상,자전거,남,18세,중상
2018061000100239,2018년 6월 10일 14시,일요일,서울특별시 강동구 성내동,부상신고사고,0,0,0,1,차대차 - 측면충돌,안전운전불이행,포장 - 건조,맑음,교차로 - 교차로횡단보도내,자전거,남,21세,부상신고,승용,남,70세,상해없음
2018061000100264,2018년 6월 10일 15시,일요일,서울특별시 광진구 화양동,부상신고사고,0,0,0,1,차대사람 - 횡단중,안전운전불이행,포장 - 건조,맑음,교차로 - 교차로부근,자전거,여,53세,부상신고,보행자,남,20세,상해없음
2018061000100265,2018년 6월 10일 15시,일요일,서울특별시 송파구 장지동,중상사고,0,1,0,0,차대차 - 정면충돌,안전운전불이행,포장 - 건조,맑음,교차로 - 교차로안,자전거,남,50세,상해없음,자전거,남,58세,중상
2018061000100331,2018년 6월 10일 17시,일요일,서울특별시 송파구 잠실동,중상사고,0,1,1,0,차대차 - 측면충돌,안전운전불이행,포장 - 건조,맑음,단일로 - 기타,자전거,남,13세,경상,자전거,남,44세,중상
2018061000100385,2018년 6월 10일 19시,일요일,서울특별시 성동구 마장동,중상사고,0,1,0,0,차대차 - 측면충돌,안전운전불이행,포장 - 건조,맑음,기타 - 기타,자전거,남,14세,상해없음,자전거,남,50세,중상
2018061000100445,2018년 6월 10일 21시,일요일,서울특별시 서초구 반포동,경상사고,0,0,1,0,차대사람 - 기타,안전운전불이행,포장 - 건조,맑음,단일로 - 기타,자전거,남,38세,상해없음,보행자,여,38세,경상
2018061000100460,2018년 6월 10일 22시,일요일,서울특별시 광진구 자양동,경상사고,0,0,1,0,차대사람 - 횡단중,안전운전불이행,포장 - 건조,맑음,단일로 - 기타,자전거,남,49세,상해없음,보행자,여,58세,경상
2018061100100003,2018년 6월 11일 00시,월요일,서울특별시 강남구 대치동,부상신고사고,0,0,0,1,차대차 - 기타,기타,포장 - 건조,맑음,교차로 - 교차로안,자전거,남,14세,부상신고,기타불명,기타불명,미분류,기타불명
2018061100100060,2018년 6월 11일 07시,월요일,서울특별시 동대문구 휘경동,경상사고,0,0,1,1,차대차 - 기타,안전운전불이행,포장 - 건조,맑음,단일로 - 기타,자전거,남,15세,경상,자전거,남,55세,부상신고
2018061100100089,2018년 6월 11일 08시,월요일,서울특별시 송파구 문정동,부상신고사고,0,0,0,1,차대차 - 측면충돌,안전운전불이행,포장 - 건조,맑음,단일로 - 기타,자전거,남,82세,부상신고,승용,여,39세,상해없음
2018061100100160,2018년 6월 11일 10시,월요일,서울특별시 광진구 자양동,중상사고,0,1,0,0,차대차 - 측면충돌,안전운전불이행,포장 - 건조,맑음,단일로 - 기타,자전거,남,76세,중상,승용,남,72세,상해없음
2018061100100471,2018년 6월 11일 19시,월요일,서울특별시 동대문구 전농동,경상사고,0,0,1,0,차대차 - 측면충돌,기타,포장 - 젖음/습기,비,교차로 - 교차로안,자전거,남,79세,경상,승용,남,61세,상해없음
2018061100100600,2018년 6월 11일 23시,월요일,서울특별시 동대문구 전농동,경상사고,0,0,1,0,차량단독 - 기타,안전운전불이행,포장 - 젖음/습기,비,단일로 - 기타,자전거,남,64세,경상,,,,
2018061200100216,2018년 6월 12일 11시,화요일,서울특별시 노원구 공릉동,경상사고,0,0,1,0,차대사람 - 횡단중,안전운전불이행,포장 - 건조,맑음,기타 - 기타,자전거,남,22세,상해없음,보행자,여,71세,경상
2018061200100406,2018년 6월 12일 17시,화요일,서울특별시 영등포구 양평동5가,경상사고,0,0,1,0,차대차 - 기타,안전운전불이행,포장 - 건조,맑음,단일로 - 기타,자전거,남,61세,상해없음,자전거,남,41세,경상
2018061200100556,2018년 6월 12일 20시,화요일,서울특별시 용산구 이촌동,경상사고,0,0,1,0,차대차 - 기타,안전운전불이행,포장 - 건조,맑음,단일로 - 기타,자전거,남,60세,상해없음,자전거,남,31세,상해없음
2018061300100133,2018년 6월 13일 08시,수요일,서울특별시 송파구 신천동,부상신고사고,0,0,0,1,차대차 - 측면충돌,안전운전불이행,포장 - 건조,맑음,교차로 - 교차로부근,자전거,여,60세,부상신고,승용,남,66세,상해없음
2018061300100165,2018년 6월 13일 10시,수요일,서울특별시 영등포구 영등포동8가,부상신고사고,0,0,0,1,차대차 - 추돌,안전운전불이행,포장 - 건조,맑음,단일로 - 기타,자전거,남,64세,부상신고,승용,남,67세,상해없음
2018061300100228,2018년 6월 13일 12시,수요일,서울특별시 노원구 중계동,부상신고사고,0,0,0,1,차대차 - 측면충돌,신호위반,포장 - 건조,맑음,교차로 - 교차로횡단보도내,자전거,남,58세,부상신고,원동기,여,57세,상해없음
2018061300100292,2018년 6월 13일 14시,수요일,서울특별시 강동구 암사동,중상사고,0,1,0,0,차대차 - 추돌,안전거리미확보,포장 - 건조,맑음,단일로 - 기타,자전거,여,42세,상해없음,자전거,여,60세,중상
2018061300100316,2018년 6월 13일 15시,수요일,서울특별시 성북구 돈암동,중상사고,0,1,0,0,차대차 - 기타,안전운전불이행,포장 - 건조,맑음,단일로 - 기타,자전거,남,44세,상해없음,이륜,남,18세,중상
2018061300100394,2018년 6월 13일 17시,수요일,서울특별시 동작구 신대방동,부상신고사고,0,0,0,1,차대차 - 정면충돌,안전운전불이행,포장 - 건조,맑음,단일로 - 기타,자전거,남,50세,부상신고,승용,남,52세,상해없음
2018061300100395,2018년 6월 13일 17시,수요일,서울특별시 구로구 신도림동,경상사고,0,0,2,0,차대차 - 측면충돌,안전운전불이행,포장 - 건조,맑음,단일로 - 기타,자전거,남,61세,경상,원동기,남,52세,경상
2018061300100426,2018년 6월 13일 18시,수요일,서울특별시 영등포구 당산동6가,경상사고,0,0,1,0,차대사람 - 기타,안전운전불이행,포장 - 건조,맑음,단일로 - 기타,자전거,남,50세,경상,보행자,남,56세,상해없음
2018061300100462,2018년 6월 13일 19시,수요일,서울특별시 송파구 풍납동,경상사고,0,0,1,0,차대차 - 기타,안전운전불이행,포장 - 건조,맑음,단일로 - 기타,자전거,여,46세,경상,자전거,남,10세,상해없음
2018061400100314,2018년 6월 14일 15시,목요일,서울특별시 송파구 문정동,중상사고,0,1,0,0,차대차 - 측면충돌,안전운전불이행,포장 - 건조,맑음,교차로 - 교차로안,자전거,여,61세,중상,건설기계,남,60세,상해없음
2018061400100356,2018년 6월 14일 16시,목요일,서울특별시 서대문구 연희동,중상사고,0,1,0,0,차량단독 - 공작물충돌,안전운전불이행,포장 - 건조,맑음,단일로 - 기타,자전거,남,72세,중상,,,,
2018061400100359,2018년 6월 14일 16시,목요일,서울특별시 강동구 둔촌동,경상사고,0,0,1,0,차대차 - 측면충돌,안전운전불이행,포장 - 건조,맑음,단일로 - 기타,자전거,남,14세,경상,승용,남,20세,상해없음
2018061400100398,2018년 6월 14일 17시,목요일,서울특별시 동대문구 제기동,부상신고사고,0,0,0,1,차대차 - 기타,안전운전불이행,포장 - 건조,맑음,교차로 - 교차로횡단보도내,자전거,남,22세,부상신고,승용,여,35세,상해없음
2018061400100458,2018년 6월 14일 18시,목요일,서울특별시 중랑구 중화동,경상사고,0,0,1,0,차대사람 - 횡단중,보행자보호의무위반,포장 - 건조,흐림,단일로 - 기타,자전거,남,62세,상해없음,보행자,남,52세,경상
2018061400100509,2018년 6월 14일 19시,목요일,서울특별시 강남구 대치동,부상신고사고,0,0,0,2,차대사람 - 기타,안전운전불이행,포장 - 건조,맑음,단일로 - 기타,자전거,남,12세,부상신고,보행자,여,53세,부상신고
2018061500100128,2018년 6월 15일 09시,금요일,서울특별시 관악구 봉천동,부상신고사고,0,0,0,1,차대차 - 측면충돌,신호위반,포장 - 건조,맑음,교차로 - 교차로안,자전거,남,21세,부상신고,승용,여,60세,상해없음
2018061500100321,2018년 6월 15일 15시,금요일,서울특별시 서초구 서초동,부상신고사고,0,0,0,1,차대사람 - 기타,안전운전불이행,포장 - 건조,맑음,기타 - 기타,자전거,남,13세,기타불명,보행자,여,69세,부상신고
2018061500100327,2018년 6월 15일 15시,금요일,서울특별시 강남구 수서동,경상사고,0,0,1,0,차대사람 - 보도통행중,기타,포장 - 건조,맑음,기타 - 기타,자전거,기타불명,미분류,기타불명,보행자,여,47세,경상
2018061500100355,2018년 6월 15일 16시,금요일,서울특별시 강북구 수유동,경상사고,0,0,1,0,차대차 - 측면충돌,안전운전불이행,포장 - 건조,맑음,교차로 - 교차로안,자전거,여,52세,경상,승용,남,36세,상해없음
2018061500100356,2018년 6월 15일 16시,금요일,서울특별시 동대문구 장안동,중상사고,0,1,0,0,차대차 - 측면충돌,안전운전불이행,포장 - 건조,맑음,단일로 - 기타,자전거,여,67세,중상,승합,남,53세,상해없음
2018061500100418,2018년 6월 15일 17시,금요일,서울특별시 노원구 하계동,부상신고사고,0,0,0,1,차대차 - 측면충돌,기타,포장 - 건조,맑음,교차로 - 교차로안,자전거,남,12세,부상신고,승용,여,53세,상해없음
2018061500100420,2018년 6월 15일 17시,금요일,서울특별시 은평구 역촌동,부상신고사고,0,0,0,1,차대차 - 측면충돌,차로위반,포장 - 건조,맑음,단일로 - 기타,자전거,남,81세,부상신고,승용,여,30세,상해없음
2018061500100520,2018년 6월 15일 19시,금요일,서울특별시 노원구 공릉동,경상사고,0,0,1,0,차대차 - 측면충돌,교차로운행방법위반,포장 - 건조,맑음,교차로 - 교차로안,자전거,남,37세,상해없음,이륜,남,32세,경상
2018061500100623,2018년 6월 15일 22시,금요일,서울특별시 용산구 이촌동,경상사고,0,0,1,1,차대차 - 기타,안전운전불이행,포장 - 건조,맑음,단일로 - 기타,자전거,남,36세,부상신고,자전거,여,26세,경상
2018061600100092,2018년 6월 16일 07시,토요일,서울특별시 서대문구 북가좌동,경상사고,0,0,1,0,차대차 - 측면충돌,안전운전불이행,포장 - 건조,맑음,단일로 - 기타,자전거,여,59세,경상,승합,남,60세,상해없음
2018061600100094,2018년 6월 16일 07시,토요일,서울특별시 송파구 방이동,부상신고사고,0,0,0,1,차대차 - 측면충돌,안전운전불이행,포장 - 건조,맑음,교차로 - 교차로부근,자전거,여,71세,부상신고,승용,여,55세,상해없음
2018061600100151,2018년 6월 16일 10시,토요일,서울특별시 강남구 청담동,중상사고,0,1,0,0,차대차 - 기타,안전운전불이행,포장 - 건조,맑음,단일로 - 기타,자전거,남,30세,상해없음,자전거,남,52세,중상
2018061600100168,2018년 6월 16일 11시,토요일,서울특별시 동대문구 휘경동,경상사고,0,0,1,0,차대차 - 기타,안전거리미확보,포장 - 건조,맑음,단일로 - 기타,자전거,남,67세,상해없음,자전거,여,55세,경상
2018061600100273,2018년 6월 16일 14시,토요일,서울특별시 동대문구 제기동,중상사고,0,1,1,0,차대차 - 측면충돌,중앙선침범,포장 - 건조,맑음,기타 - 기타,자전거,남,52세,상해없음,이륜,남,69세,중상
2018061600100323,2018년 6월 16일 15시,토요일,서울특별시 노원구 중계동,부상신고사고,0,0,0,1,차대차 - 측면충돌,안전거리미확보,포장 - 건조,맑음,단일로 - 기타,자전거,남,88세,부상신고,승용,남,44세,상해없음
2018061600100397,2018년 6월 16일 17시,토요일,서울특별시 마포구 망원동,경상사고,0,0,1,0,차량단독 - 기타,안전운전불이행,포장 - 건조,맑음,단일로 - 기타,자전거,남,22세,경상,,,,
2018061600100437,2018년 6월 16일 18시,토요일,서울특별시 강북구 번동,경상사고,0,0,1,0,차대차 - 기타,안전운전불이행,포장 - 건조,맑음,단일로 - 기타,자전거,남,12세,경상,이륜,남,38세,상해없음
2018061600100482,2018년 6월 16일 19시,토요일,서울특별시 성동구 송정동,중상사고,0,1,0,0,차대차 - 기타,안전운전불이행,포장 - 건조,맑음,기타 - 기타,자전거,남,12세,상해없음,자전거,남,34세,중상
2018061600100549,2018년 6월 16일 21시,토요일,서울특별시 송파구 잠실동,경상사고,0,0,1,0,차대사람 - 횡단중,안전운전불이행,포장 - 건조,맑음,단일로 - 기타,자전거,남,24세,상해없음,보행자,여,30세,경상
2018061600100576,2018년 6월 16일 22시,토요일,서울특별시 강북구 번동,중상사고,0,1,0,0,차대사람 - 기타,안전운전불이행,포장 - 건조,맑음,단일로 - 기타,자전거,남,17세,상해없음,보행자,여,60세,중상
2018061700100105,2018년 6월 17일 08시,일요일,서울특별시 용산구 갈월동,경상사고,0,0,1,0,차대차 - 측면충돌,신호위반,포장 - 건조,맑음,교차로 - 교차로안,자전거,남,35세,상해없음,승용,남,56세,경상
2018061700100125,2018년 6월 17일 10시,일요일,서울특별시 성북구 종암동,중상사고,0,1,0,0,차대차 - 측면충돌,신호위반,포장 - 건조,맑음,교차로 - 교차로안,자전거,남,78세,중상,승용,남,51세,상해없음
2018061700100149,2018년 6월 17일 11시,일요일,서울특별시 성동구 성수동1가,사망사고,1,0,0,0,차대차 - 기타,안전운전불이행,포장 - 건조,맑음,교차로 - 교차로부근,자전거,남,73세,사망,자전거,남,11세,상해없음
2018061700100226,2018년 6월 17일 14시,일요일,서울특별시 강북구 번동,경상사고,0,0,1,0,차대차 - 정면충돌,안전운전불이행,비포장 - 기타,맑음,기타 - 기타,자전거,남,24세,상해없음,자전거,남,27세,경상
2018061700100274,2018년 6월 17일 16시,일요일,서울특별시 관악구 신림동,중상사고,0,1,0,0,차대차 - 기타,안전운전불이행,포장 - 건조,맑음,단일로 - 기타,자전거,여,63세,중상,승합,남,46세,상해없음
2018061700100342,2018년 6월 17일 18시,일요일,서울특별시 송파구 문정동,경상사고,0,0,1,0,차대사람 - 차도통행중,안전운전불이행,포장 - 건조,기타,단일로 - 기타,자전거,남,59세,상해없음,보행자,남,62세,경상
2018061700100417,2018년 6월 17일 21시,일요일,서울특별시 강동구 천호동,중상사고,0,1,0,0,차대사람 - 기타,안전운전불이행,포장 - 건조,맑음,단일로 - 기타,자전거,남,43세,상해없음,보행자,남,61세,중상
2018061700100438,2018년 6월 17일 22시,일요일,서울특별시 영등포구 대림동,사망사고,1,0,0,0,차대차 - 측면충돌,안전운전불이행,포장 - 건조,맑음,교차로 - 교차로안,자전거,남,64세,사망,승용,남,52세,상해없음
2018061800100183,2018년 6월 18일 10시,월요일,서울특별시 양천구 목동,중상사고,0,2,1,0,차대차 - 기타,안전운전불이행,포장 - 건조,맑음,단일로 - 기타,자전거,남,71세,중상,자전거,여,49세,중상
2018061800100349,2018년 6월 18일 15시,월요일,서울특별시 강남구 도곡동,중상사고,0,1,0,0,차대사람 - 보도통행중,기타,포장 - 건조,맑음,단일로 - 기타,자전거,남,12세,상해없음,보행자,여,41세,중상
2018061800100485,2018년 6월 18일 18시,월요일,서울특별시 강북구 수유동,경상사고,0,0,1,0,차대사람 - 길가장자리구역통행중,안전운전불이행,포장 - 건조,맑음,단일로 - 기타,자전거,남,23세,상해없음,보행자,여,59세,경상
2018061800100492,2018년 6월 18일 18시,월요일,서울특별시 송파구 석촌동,부상신고사고,0,0,0,1,차대차 - 측면충돌,안전운전불이행,포장 - 건조,맑음,교차로 - 교차로안,자전거,남,12세,부상신고,승용,남,63세,상해없음
2018061800100545,2018년 6월 18일 19시,월요일,서울특별시 영등포구 대림동,부상신고사고,0,0,0,1,차대차 - 측면충돌,안전운전불이행,포장 - 건조,맑음,단일로 - 기타,자전거,남,56세,부상신고,이륜,남,20세,상해없음
2018061900100036,2018년 6월 19일 05시,화요일,서울특별시 강북구 우이동,사망사고,1,0,0,0,차량단독 - 기타,안전운전불이행,포장 - 건조,흐림,단일로 - 기타,자전거,남,73세,사망,,,,
2018061900100087,2018년 6월 19일 08시,화요일,서울특별시 동대문구 이문동,경상사고,0,0,1,0,차대사람 - 기타,안전운전불이행,포장 - 건조,맑음,기타 - 기타,자전거,여,40세,기타불명,보행자,여,50세,경상
2018061900100091,2018년 6월 19일 08시,화요일,서울특별시 송파구 잠실동,경상사고,0,0,1,0,차대사람 - 보도통행중,안전운전불이행,포장 - 건조,맑음,기타 - 기타,자전거,여,27세,상해없음,보행자,여,25세,경상
2018061900100196,2018년 6월 19일 11시,화요일,서울특별시 강동구 명일동,경상사고,0,0,1,0,차대차 - 기타,안전운전불이행,포장 - 건조,맑음,교차로 - 교차로안,자전거,남,68세,경상,승용,여,65세,상해없음
2018061900100222,2018년 6월 19일 12시,화요일,서울특별시 동작구 신대방동,경상사고,0,0,1,0,차대사람 - 보도통행중,안전운전불이행,포장 - 건조,맑음,교차로 - 교차로부근,자전거,남,50세,상해없음,보행자,여,80세,경상
2018061900100352,2018년 6월 19일 16시,화요일,서울특별시 영등포구 도림동,경상사고,0,0,1,0,차대차 - 측면충돌,중앙선침범,포장 - 건조,맑음,단일로 - 기타,자전거,남,50세,상해없음,이륜,남,28세,경상
2018061900100358,2018년 6월 19일 16시,화요일,서울특별시 양천구 신월동,경상사고,0,0,1,0,차대사람 - 기타,안전운전불이행,포장 - 건조,맑음,교차로 - 교차로안,자전거,남,55세,상해없음,보행자,남,6세,경상
2018061900100399,2018년 6월 19일 17시,화요일,서울특별시 동작구 사당동,부상신고사고,0,0,0,1,차대차 - 추돌,안전거리미확보,포장 - 건조,맑음,단일로 - 기타,자전거,남,22세,부상신고,승용,남,65세,상해없음
2018061900100440,2018년 6월 19일 18시,화요일,서울특별시 성북구 종암동,경상사고,0,0,1,0,차대사람 - 기타,안전운전불이행,포장 - 건조,맑음,단일로 - 기타,자전거,남,54세,상해없음,보행자,남,52세,경상
2018061900100512,2018년 6월 19일 20시,화요일,서울특별시 송파구 잠실동,경상사고,0,0,1,1,차대차 - 측면충돌,안전운전불이행,포장 - 건조,맑음,단일로 - 기타,자전거,남,15세,부상신고,자전거,남,33세,경상
2018061900100532,2018년 6월 19일 21시,화요일,서울특별시 광진구 구의동,부상신고사고,0,0,0,1,차대차 - 기타,안전운전불이행,포장 - 건조,맑음,단일로 - 기타,자전거,남,63세,부상신고,승용,남,33세,상해없음
2018061900100535,2018년 6월 19일 21시,화요일,서울특별시 송파구 신천동,경상사고,0,0,1,0,차대차 - 측면충돌,불법유턴,포장 - 건조,흐림,교차로 - 교차로부근,자전거,여,32세,경상,승용,남,57세,상해없음
2018062000100088,2018년 6월 20일 08시,수요일,서울특별시 강서구 방화동,경상사고,0,0,1,0,차대차 - 측면충돌,신호위반,포장 - 건조,맑음,교차로 - 교차로안,자전거,남,12세,경상,승용,여,57세,상해없음
2018062000100091,2018년 6월 20일 08시,수요일,서울특별시 송파구 가락동,중상사고,0,1,0,1,차대사람 - 기타,안전운전불이행,포장 - 건조,맑음,기타 - 기타,자전거,남,75세,부상신고,보행자,여,24세,중상
2018062000100147,2018년 6월 20일 10시,수요일,서울특별시 송파구 잠실동,경상사고,0,0,1,1,차대차 - 측면충돌,안전운전불이행,포장 - 건조,맑음,단일로 - 기타,자전거,남,52세,부상신고,자전거,여,59세,경상
2018062000100295,2018년 6월 20일 15시,수요일,서울특별시 송파구 문정동,경상사고,0,0,1,0,차대차 - 측면충돌,안전운전불이행,포장 - 건조,맑음,교차로 - 교차로안,자전거,남,9세,경상,승용,여,59세,상해없음
2018062000100418,2018년 6월 20일 18시,수요일,서울특별시 강동구 암사동,중상사고,0,1,0,0,차대차 - 기타,중앙선침범,포장 - 건조,맑음,단일로 - 기타,자전거,남,60세,중상,화물,남,42세,상해없음
2018062000100579,2018년 6월 20일 23시,수요일,서울특별시 광진구 중곡동,경상사고,0,0,2,0,차대차 - 측면충돌,안전운전불이행,포장 - 건조,맑음,교차로 - 교차로부근,자전거,남,29세,경상,자전거,남,41세,경상
2018062000100580,2018년 6월 20일 23시,수요일,서울특별시 영등포구 여의도동,부상신고사고,0,0,0,1,차대차 - 측면충돌,신호위반,포장 - 건조,맑음,교차로 - 교차로안,자전거,남,30세,부상신고,승용,남,54세,상해없음
2018062100100002,2018년 6월 21일 00시,목요일,서울특별시 은평구 수색동,부상신고사고,0,0,0,1,차대차 - 측면충돌,직진우회전진행방해,포장 - 건조,맑음,교차로 - 교차로안,자전거,남,33세,부상신고,승용,남,36세,상해없음
2018062100100097,2018년 6월 21일 08시,목요일,서울특별시 종로구 팔판동,부상신고사고,0,0,0,1,차대사람 - 횡단중,신호위반,포장 - 건조,맑음,교차로 - 교차로부근,자전거,남,10세,상해없음,보행자,여,66세,부상신고
2018062100100098,2018년 6월 21일 08시,목요일,서울특별시 동대문구 용두동,경상사고,0,0,1,0,차대사람 - 기타,안전운전불이행,포장 - 건조,맑음,기타 - 기타,자전거,남,50세,기타불명,보행자,남,49세,경상
2018062100100163,2018년 6월 21일 10시,목요일,서울특별시 강북구 미아동,경상사고,0,0,1,0,차대차 - 측면충돌,안전운전불이행,포장 - 건조,맑음,교차로 - 교차로안,자전거,남,55세,경상,승용,남,74세,상해없음
2018062100100166,2018년 6월 21일 10시,목요일,서울특별시 성동구 성수동1가,중상사고,0,1,0,0,차대차 - 측면충돌,안전운전불이행,포장 - 건조,맑음,단일로 - 기타,자전거,남,52세,상해없음,자전거,남,74세,중상
2018062100100229,2018년 6월 21일 12시,목요일,서울특별시 동대문구 답십리동,경상사고,0,0,1,0,차대차 - 기타,기타,포장 - 건조,맑음,교차로 - 교차로부근,자전거,남,38세,경상,승용,남,38세,상해없음
2018062100100272,2018년 6월 21일 14시,목요일,서울특별시 영등포구 당산동5가,중상사고,0,1,0,0,차대차 - 기타,안전운전불이행,포장 - 건조,맑음,단일로 - 기타,자전거,남,61세,중상,승용,여,57세,상해없음
2018062100100310,2018년 6월 21일 15시,목요일,서울특별시 금천구 시흥동,경상사고,0,0,1,0,차대차 - 측면충돌,안전운전불이행,포장 - 건조,맑음,교차로 - 교차로안,자전거,남,55세,경상,승용,남,58세,상해없음
2018062100100312,2018년 6월 21일 15시,목요일,서울특별시 강서구 염창동,경상사고,0,0,1,0,차대차 - 측면충돌,안전운전불이행,포장 - 건조,맑음,교차로 - 교차로횡단보도내,자전거,남,70세,경상,승용,남,41세,상해없음
2018062100100393,2018년 6월 21일 17시,목요일,서울특별시 서대문구 홍은동,중상사고,0,1,0,0,차대사람 - 기타,안전운전불이행,포장 - 건조,맑음,단일로 - 기타,자전거,남,9세,상해없음,보행자,여,69세,중상
2018062200100015,2018년 6월 22일 01시,금요일,서울특별시 동대문구 용두동,부상신고사고,0,0,0,1,차대차 - 기타,안전운전불이행,포장 - 건조,기타,교차로 - 교차로횡단보도내,자전거,남,69세,부상신고,승용,남,58세,상해없음
2018062200100066,2018년 6월 22일 06시,금요일,서울특별시 강서구 등촌동,중상사고,0,1,0,0,차대차 - 측면충돌,안전운전불이행,포장 - 건조,맑음,단일로 - 기타,자전거,남,61세,중상,승용,남,29세,상해없음
2018062200100125,2018년 6월 22일 08시,금요일,서울특별시 송파구 잠실동,경상사고,0,0,1,0,차대차 - 기타,불법유턴,포장 - 건조,맑음,단일로 - 기타,자전거,여,44세,경상,승용,여,37세,상해없음
2018062200100294,2018년 6월 22일 13시,금요일,서울특별시 강남구 수서동,중상사고,0,1,0,0,차대차 - 기타,안전운전불이행,포장 - 건조,맑음,단일로 - 기타,자전거,남,65세,상해없음,자전거,여,55세,중상
2018062200100479,2018년 6월 22일 17시,금요일,서울특별시 강동구 길동,부상신고사고,0,0,0,1,차대차 - 측면충돌,안전운전불이행,포장 - 건조,맑음,기타 - 기타,자전거,여,9세,부상신고,승용,남,71세,상해없음
2018062200100482,2018년 6월 22일 17시,금요일,서울특별시 송파구 거여동,경상사고,0,0,1,0,차대차 - 기타,안전운전불이행,포장 - 건조,맑음,단일로 - 기타,자전거,남,8세,경상,화물,남,36세,상해없음
2018062200100483,2018년 6월 22일 17시,금요일,서울특별시 구로구 구로동,경상사고,0,0,1,0,차대차 - 기타,안전운전불이행,포장 - 건조,맑음,단일로 - 기타,자전거,남,26세,상해없음,자전거,남,51세,경상
2018062200100589,2018년 6월 22일 19시,금요일,서울특별시 강서구 염창동,중상사고,0,1,0,0,차량단독 - 기타,안전운전불이행,포장 - 기타,맑음,단일로 - 기타,자전거,남,11세,중상,,,,
2018062200100676,2018년 6월 22일 21시,금요일,서울특별시 노원구 상계동,중상사고,0,1,0,0,차대차 - 측면충돌,불법유턴,포장 - 건조,맑음,교차로 - 교차로횡단보도내,자전거,남,60세,상해없음,이륜,남,34세,중상