사고번호,사고일시,요일,시군구,사고내용,사망자수,중상자수,경상자수,부상신고자수,사고유형,법규위반,노면상태,기상상태,도로형태,가해운전자 차종,가해운전자 성별,가해운전자 연령,가해운전자 상해정도,피해운전자 차종,피해운전자 성별,피해운전자 연령,피해운전자 상해정도
2018081200100083,2018년 8월 12일 07시,일요일,서울특별시 강서구 화곡동,경상사고,0,0,1,0,차대차 - 측면충돌,안전운전불이행,포장 - 건조,맑음,교차로 - 교차로부근,자전거,남,18세,경상,승용,남,72세,상해없음
2018081200100161,2018년 8월 12일 12시,일요일,서울특별시 마포구 도화동,중상사고,0,1,0,0,차량단독 - 기타,안전운전불이행,포장 - 건조,맑음,단일로 - 기타,자전거,남,29세,중상,,,,
2018081200100184,2018년 8월 12일 13시,일요일,서울특별시 구로구 구로동,부상신고사고,0,0,0,1,차대차 - 측면충돌,안전운전불이행,포장 - 건조,맑음,단일로 - 기타,자전거,남,13세,부상신고,이륜,남,23세,상해없음
2018081200100278,2018년 8월 12일 16시,일요일,서울특별시 강북구 번동,경상사고,0,0,1,0,차대차 - 측면충돌,안전운전불이행,포장 - 건조,흐림,교차로 - 교차로안,자전거,남,10세,경상,승용,남,56세,상해없음
2018081300100398,2018년 8월 13일 16시,월요일,서울특별시 동대문구 용두동,경상사고,0,0,1,0,차대차 - 측면충돌,안전운전불이행,포장 - 건조,맑음,교차로 - 교차로안,자전거,남,23세,경상,승용,남,41세,상해없음
2018081300100490,2018년 8월 13일 18시,월요일,서울특별시 양천구 목동,부상신고사고,0,0,0,1,차대차 - 측면충돌,안전운전불이행,포장 - 건조,맑음,단일로 - 기타,자전거,남,55세,부상신고,화물,남,51세,상해없음
2018081300100638,2018년 8월 13일 22시,월요일,서울특별시 영등포구 양평동6가,경상사고,0,0,1,1,차대사람 - 기타,안전운전불이행,포장 - 건조,맑음,기타 - 기타,자전거,남,32세,부상신고,보행자,여,54세,경상
2018081400100049,2018년 8월 14일 04시,화요일,서울특별시 마포구 도화동,중상사고,0,1,0,0,차대차 - 추돌,안전운전불이행,포장 - 건조,맑음,단일로 - 기타,자전거,남,60세,중상,승용,남,32세,기타불명
2018081400100107,2018년 8월 14일 08시,화요일,서울특별시 강동구 천호동,부상신고사고,0,0,0,1,차대차 - 기타,안전운전불이행,포장 - 건조,맑음,교차로 - 교차로안,자전거,남,12세,부상신고,승용,남,41세,상해없음
2018081400100108,2018년 8월 14일 08시,화요일,서울특별시 송파구 삼전동,부상신고사고,0,0,0,1,차대사람 - 보도통행중,안전운전불이행,포장 - 건조,맑음,단일로 - 기타,자전거,남,61세,부상신고,보행자,남,13세,상해없음
2018081400100109,2018년 8월 14일 08시,화요일,서울특별시 노원구 하계동,경상사고,0,0,1,0,차대차 - 추돌,안전거리미확보,포장 - 건조,맑음,단일로 - 지하차도(도로)내,자전거,남,42세,경상,승용,남,39세,상해없음
2018081400100383,2018년 8월 14일 16시,화요일,서울특별시 강서구 등촌동,부상신고사고,0,0,0,1,차대차 - 기타,안전운전불이행,포장 - 건조,맑음,교차로 - 교차로부근,자전거,남,65세,부상신고,승용,남,38세,상해없음
2018081500100098,2018년 8월 15일 07시,수요일,서울특별시 구로구 온수동,경상사고,0,0,1,0,차대차 - 기타,안전운전불이행,포장 - 건조,맑음,교차로 - 교차로안,자전거,남,80세,경상,승합,여,54세,상해없음
2018081500100138,2018년 8월 15일 09시,수요일,서울특별시 서초구 반포동,경상사고,0,0,1,0,차대차 - 정면충돌,안전운전불이행,포장 - 건조,맑음,단일로 - 기타,자전거,남,17세,상해없음,자전거,남,42세,경상
2018081500100139,2018년 8월 15일 09시,수요일,서울특별시 서초구 반포동,경상사고,0,0,1,0,차대차 - 기타,안전거리미확보,포장 - 건조,맑음,단일로 - 기타,자전거,남,41세,상해없음,자전거,여,55세,경상
2018081500100148,2018년 8월 15일 10시,수요일,서울특별시 서대문구 홍은동,부상신고사고,0,0,0,2,차대차 - 기타,안전운전불이행,포장 - 건조,맑음,단일로 - 기타,자전거,여,37세,부상신고,자전거,남,32세,부상신고
2018081500100230,2018년 8월 15일 13시,수요일,서울특별시 종로구 숭인동,부상신고사고,0,0,0,1,차대차 - 측면충돌,중앙선침범,포장 - 건조,맑음,단일로 - 기타,자전거,남,55세,부상신고,화물,남,68세,상해없음
2018081500100262,2018년 8월 15일 14시,수요일,서울특별시 강북구 수유동,부상신고사고,0,0,0,1,차대차 - 기타,안전운전불이행,포장 - 건조,맑음,단일로 - 기타,자전거,여,22세,부상신고,승용,여,42세,상해없음
2018081500100331,2018년 8월 15일 16시,수요일,서울특별시 동대문구 청량리동,경상사고,0,0,1,0,차대차 - 측면충돌,안전운전불이행,포장 - 건조,맑음,교차로 - 교차로횡단보도내,자전거,남,76세,상해없음,이륜,남,20세,경상
2018081600100069,2018년 8월 16일 07시,목요일,서울특별시 마포구 망원동,경상사고,0,0,1,0,차대차 - 측면충돌,안전운전불이행,포장 - 건조,맑음,교차로 - 교차로안,자전거,여,18세,경상,승용,여,51세,상해없음
2018081600100220,2018년 8월 16일 11시,목요일,서울특별시 도봉구 창동,부상신고사고,0,0,0,1,차대차 - 기타,안전운전불이행,포장 - 기타,맑음,단일로 - 기타,자전거,남,34세,상해없음,자전거,남,72세,부상신고
2018081600100361,2018년 8월 16일 15시,목요일,서울특별시 마포구 상암동,경상사고,0,0,1,0,차대차 - 측면충돌,안전운전불이행,포장 - 건조,맑음,교차로 - 교차로부근,자전거,남,14세,경상,승용,남,25세,상해없음
2018081600100398,2018년 8월 16일 16시,목요일,서울특별시 강북구 수유동,경상사고,0,0,1,0,차대차 - 측면충돌,안전운전불이행,포장 - 건조,맑음,교차로 - 교차로부근,자전거,남,6세,경상,승용,여,55세,상해없음
2018081600100647,2018년 8월 16일 23시,목요일,서울특별시 광진구 광장동,부상신고사고,0,0,0,1,차대차 - 측면충돌,안전운전불이행,포장 - 건조,맑음,단일로 - 기타,자전거,여,23세,부상신고,승합,남,45세,상해없음
2018081700100117,2018년 8월 17일 08시,금요일,서울특별시 영등포구 문래동2가,경상사고,0,0,1,0,차대차 - 기타,중앙선침범,포장 - 건조,맑음,기타 - 기타,자전거,남,29세,경상,화물,남,49세,상해없음
2018081700100289,2018년 8월 17일 13시,금요일,서울특별시 강서구 개화동,중상사고,0,1,0,0,차대차 - 기타,안전운전불이행,포장 - 건조,맑음,기타 - 기타,자전거,남,67세,상해없음,자전거,여,52세,중상
2018081700100411,2018년 8월 17일 16시,금요일,서울특별시 동작구 동작동,경상사고,0,0,1,1,차대차 - 정면충돌,안전운전불이행,포장 - 건조,맑음,교차로 - 교차로부근,자전거,여,53세,경상,자전거,남,30세,부상신고
2018081700100562,2018년 8월 17일 19시,금요일,서울특별시 용산구 이촌동,경상사고,0,0,1,0,차대사람 - 횡단중,안전운전불이행,포장 - 건조,맑음,단일로 - 교량,자전거,남,26세,상해없음,보행자,여,29세,경상
2018081700100601,2018년 8월 17일 20시,금요일,서울특별시 서초구 반포동,경상사고,0,0,1,0,차대사람 - 보도통행중,안전운전불이행,포장 - 건조,맑음,기타 - 기타,자전거,남,13세,상해없음,보행자,여,37세,경상
2018081700100692,2018년 8월 17일 23시,금요일,서울특별시 영등포구 당산동5가,중상사고,0,1,0,0,차대사람 - 보도통행중,기타,포장 - 건조,맑음,기타 - 기타,자전거,남,32세,상해없음,보행자,남,53세,중상
2018081800100176,2018년 8월 18일 10시,토요일,서울특별시 성북구 성북동,중상사고,0,1,0,0,차대차 - 정면충돌,중앙선침범,포장 - 건조,맑음,단일로 - 기타,자전거,남,34세,중상,승용,여,33세,상해없음
2018081800100405,2018년 8월 18일 16시,토요일,서울특별시 영등포구 영등포동2가,경상사고,0,0,1,0,차대차 - 추돌,안전운전불이행,포장 - 건조,맑음,단일로 - 기타,자전거,남,53세,경상,자전거,남,27세,상해없음
2018081800100478,2018년 8월 18일 18시,토요일,서울특별시 강서구 마곡동,경상사고,0,0,1,0,차대차 - 추돌,안전운전불이행,포장 - 건조,맑음,단일로 - 기타,자전거,남,46세,상해없음,자전거,여,9세,경상
2018081900100113,2018년 8월 19일 08시,일요일,서울특별시 강남구 삼성동,경상사고,0,0,1,0,차대차 - 측면충돌,안전운전불이행,포장 - 건조,맑음,교차로 - 교차로안,자전거,남,37세,상해없음,자전거,남,40세,경상
2018081900100127,2018년 8월 19일 09시,일요일,서울특별시 영등포구 영등포동7가,경상사고,0,0,1,0,차대차 - 측면충돌,기타,포장 - 건조,맑음,단일로 - 기타,자전거,남,48세,상해없음,자전거,여,62세,경상
2018081900100225,2018년 8월 19일 13시,일요일,서울특별시 도봉구 도봉동,중상사고,0,1,0,0,차대차 - 측면충돌,안전운전불이행,포장 - 건조,맑음,교차로 - 교차로안,자전거,여,56세,중상,승용,남,56세,상해없음
2018081900100255,2018년 8월 19일 14시,일요일,서울특별시 중랑구 면목동,경상사고,0,0,1,0,차대차 - 측면충돌,안전운전불이행,포장 - 건조,맑음,교차로 - 교차로부근,자전거,남,12세,경상,승합,남,59세,상해없음
2018081900100405,2018년 8월 19일 19시,일요일,서울특별시 송파구 잠실동,부상신고사고,0,0,0,1,차대사람 - 횡단중,보행자보호의무위반,포장 - 건조,맑음,단일로 - 기타,자전거,남,57세,상해없음,보행자,여,7세,부상신고
2018081900100436,2018년 8월 19일 20시,일요일,서울특별시 동대문구 장안동,경상사고,0,0,1,0,차대차 - 기타,안전운전불이행,포장 - 건조,맑음,기타 - 기타,자전거,남,미분류,기타불명,자전거,남,62세,경상
2018081900100495,2018년 8월 19일 22시,일요일,서울특별시 노원구 월계동,경상사고,0,0,2,0,차대차 - 정면충돌,안전운전불이행,포장 - 건조,맑음,단일로 - 기타,자전거,여,59세,경상,자전거,남,36세,경상
2018082000100117,2018년 8월 20일 09시,월요일,서울특별시 송파구 문정동,부상신고사고,0,0,0,1,차대차 - 기타,교차로운행방법위반,포장 - 건조,맑음,교차로 - 교차로부근,자전거,남,19세,부상신고,화물,남,61세,상해없음
2018082000100340,2018년 8월 20일 15시,월요일,서울특별시 송파구 석촌동,부상신고사고,0,0,0,1,차대차 - 측면충돌,안전운전불이행,포장 - 건조,맑음,교차로 - 교차로안,자전거,남,62세,부상신고,승용,남,61세,상해없음
2018082000100451,2018년 8월 20일 18시,월요일,서울특별시 강남구 개포동,경상사고,0,0,1,0,차대차 - 기타,안전운전불이행,포장 - 건조,맑음,교차로 - 교차로부근,자전거,여,15세,경상,승용,남,43세,상해없음
2018082000100552,2018년 8월 20일 21시,월요일,서울특별시 동작구 신대방동,부상신고사고,0,0,0,1,차대차 - 측면충돌,안전운전불이행,포장 - 건조,맑음,단일로 - 기타,자전거,남,38세,부상신고,승합,남,67세,상해없음
2018082100100106,2018년 8월 21일 08시,화요일,서울특별시 강동구 성내동,경상사고,0,0,1,0,차대차 - 측면충돌,안전운전불이행,포장 - 건조,맑음,교차로 - 교차로안,자전거,남,45세,경상,승용,남,72세,상해없음
2018082100100107,2018년 8월 21일 08시,화요일,서울특별시 송파구 오금동,부상신고사고,0,0,0,1,차대차 - 측면충돌,안전운전불이행,포장 - 젖음/습기,비,교차로 - 교차로부근,자전거,남,12세,부상신고,승용,남,61세,상해없음
2018082100100286,2018년 8월 21일 13시,화요일,서울특별시 강남구 대치동,중상사고,0,1,0,0,차대차 - 기타,불법유턴,포장 - 건조,맑음,기타 - 기타,자전거,남,18세,상해없음,이륜,남,51세,중상
2018082100100388,2018년 8월 21일 16시,화요일,서울특별시 종로구 예지동,중상사고,0,1,0,0,차대사람 - 보도통행중,기타,포장 - 건조,맑음,단일로 - 기타,자전거,남,61세,상해없음,보행자,여,47세,중상
2018082100100395,2018년 8월 21일 16시,화요일,서울특별시 송파구 삼전동,부상신고사고,0,0,0,1,차대차 - 측면충돌,안전운전불이행,포장 - 건조,맑음,단일로 - 기타,자전거,남,11세,부상신고,승용,남,32세,상해없음
2018082200100080,2018년 8월 22일 07시,수요일,서울특별시 은평구 대조동,경상사고,0,0,1,0,차대차 - 기타,안전운전불이행,포장 - 건조,맑음,교차로 - 교차로안,자전거,남,45세,경상,승용,여,61세,상해없음
2018082200100109,2018년 8월 22일 08시,수요일,서울특별시 중랑구 면목동,중상사고,0,1,0,0,차대사람 - 횡단중,보행자보호의무위반,포장 - 건조,맑음,기타 - 기타,자전거,여,33세,상해없음,보행자,여,59세,중상
2018082200100320,2018년 8월 22일 14시,수요일,서울특별시 도봉구 창동,중상사고,0,1,0,0,차량단독 - 기타,안전운전불이행,포장 - 건조,맑음,단일로 - 기타,자전거,남,82세,중상,,,,
2018082200100393,2018년 8월 22일 16시,수요일,서울특별시 강서구 화곡동,경상사고,0,0,1,0,차대차 - 측면충돌,안전운전불이행,포장 - 건조,맑음,교차로 - 교차로부근,자전거,남,10세,경상,승용,여,43세,상해없음
2018082300100005,2018년 8월 23일 00시,목요일,서울특별시 영등포구 양화동,경상사고,0,0,1,0,차대차 - 측면충돌,안전운전불이행,포장 - 건조,맑음,교차로 - 교차로안,자전거,여,28세,기타불명,자전거,남,24세,경상
2018082300100221,2018년 8월 23일 14시,목요일,서울특별시 강서구 마곡동,부상신고사고,0,0,0,1,차대사람 - 기타,안전운전불이행,포장 - 건조,흐림,단일로 - 기타,자전거,남,55세,부상신고,보행자,남,29세,상해없음
2018082300100333,2018년 8월 23일 18시,목요일,서울특별시 도봉구 방학동,경상사고,0,0,1,0,차대사람 - 횡단중,안전운전불이행,포장 - 건조,맑음,단일로 - 기타,자전거,남,22세,상해없음,보행자,남,6세,경상
2018082300100373,2018년 8월 23일 19시,목요일,서울특별시 성북구 석관동,중상사고,0,1,0,0,차대차 - 측면충돌,중앙선침범,포장 - 젖음/습기,비,단일로 - 기타,자전거,남,71세,중상,화물,남,57세,상해없음
2018082300100437,2018년 8월 23일 21시,목요일,서울특별시 영등포구 대림동,경상사고,0,0,1,0,차대차 - 측면충돌,안전운전불이행,포장 - 젖음/습기,비,교차로 - 교차로부근,자전거,여,57세,경상,승용,남,26세,상해없음
2018082400100139,2018년 8월 24일 10시,금요일,서울특별시 강북구 미아동,중상사고,0,1,0,0,차대차 - 측면충돌,직진우회전진행방해,포장 - 건조,맑음,교차로 - 교차로안,자전거,남,60세,중상,화물,남,64세,상해없음
2018082500100036,2018년 8월 25일 01시,토요일,서울특별시 마포구 합정동,경상사고,0,0,1,0,차대차 - 측면충돌,신호위반,포장 - 건조,맑음,교차로 - 교차로안,자전거,남,17세,경상,승용,남,35세,상해없음
2018082500100173,2018년 8월 25일 10시,토요일,서울특별시 성동구 성수동1가,경상사고,0,0,1,0,차대차 - 기타,안전운전불이행,포장 - 건조,맑음,교차로 - 교차로부근,자전거,여,62세,상해없음,자전거,여,50세,경상
2018082500100208,2018년 8월 25일 11시,토요일,서울특별시 금천구 독산동,경상사고,0,0,1,0,차대차 - 측면충돌,안전운전불이행,포장 - 건조,맑음,교차로 - 교차로안,자전거,남,9세,경상,승용,남,69세,상해없음
2018082500100397,2018년 8월 25일 16시,토요일,서울특별시 송파구 잠실동,경상사고,0,0,1,1,차대차 - 측면충돌,안전운전불이행,포장 - 건조,맑음,단일로 - 기타,자전거,남,46세,부상신고,자전거,여,55세,경상
2018082700100121,2018년 8월 27일 08시,월요일,서울특별시 서초구 반포동,경상사고,0,0,1,0,차대차 - 정면충돌,신호위반,포장 - 젖음/습기,비,교차로 - 교차로안,자전거,남,29세,경상,승용,남,57세,상해없음
2018082700100362,2018년 8월 27일 15시,월요일,서울특별시 중랑구 상봉동,경상사고,0,0,1,0,차대사람 - 횡단중,안전운전불이행,포장 - 건조,맑음,단일로 - 기타,자전거,남,78세,상해없음,보행자,남,84세,경상
2018082700100551,2018년 8월 27일 20시,월요일,서울특별시 관악구 신림동,사망사고,1,0,0,0,차량단독 - 기타,안전운전불이행,포장 - 건조,맑음,단일로 - 기타,자전거,남,54세,사망,,,,
2018082800100161,2018년 8월 28일 10시,화요일,서울특별시 강북구 미아동,경상사고,0,0,1,0,차대차 - 측면충돌,불법유턴,포장 - 건조,흐림,단일로 - 기타,자전거,남,80세,경상,승합,남,45세,상해없음
2018082800100211,2018년 8월 28일 12시,화요일,서울특별시 중랑구 면목동,경상사고,0,0,1,0,차대차 - 기타,불법유턴,포장 - 젖음/습기,비,교차로 - 교차로횡단보도내,자전거,여,77세,경상,승용,여,44세,상해없음
2018082800100236,2018년 8월 28일 13시,화요일,서울특별시 강서구 마곡동,중상사고,0,1,0,0,차대차 - 측면충돌,안전운전불이행,포장 - 젖음/습기,비,교차로 - 교차로횡단보도내,자전거,남,80세,중상,화물,남,41세,상해없음
2018082900100071,2018년 8월 29일 07시,수요일,서울특별시 동작구 상도동,경상사고,0,0,1,0,차대차 - 기타,안전운전불이행,포장 - 젖음/습기,비,단일로 - 기타,자전거,남,38세,경상,승용,남,44세,상해없음
2018082900100164,2018년 8월 29일 10시,수요일,서울특별시 송파구 풍납동,부상신고사고,0,0,0,1,차대차 - 측면충돌,신호위반,포장 - 건조,맑음,기타 - 기타,자전거,남,61세,부상신고,화물,남,57세,상해없음
2018082900100165,2018년 8월 29일 10시,수요일,서울특별시 양천구 목동,경상사고,0,0,1,0,차대차 - 기타,안전운전불이행,포장 - 건조,맑음,교차로 - 교차로안,자전거,남,83세,경상,화물,남,61세,상해없음
2018083000100302,2018년 8월 30일 15시,목요일,서울특별시 은평구 녹번동,경상사고,0,0,1,0,차대차 - 측면충돌,안전운전불이행,포장 - 건조,맑음,단일로 - 기타,자전거,남,46세,경상,승합,남,47세,상해없음
2018083000100337,2018년 8월 30일 16시,목요일,서울특별시 강동구 성내동,경상사고,0,0,1,0,차대사람 - 기타,안전운전불이행,포장 - 건조,맑음,단일로 - 기타,자전거,남,36세,경상,보행자,남,56세,상해없음
2018083000100532,2018년 8월 30일 21시,목요일,서울특별시 동대문구 신설동,중상사고,0,1,1,0,차대차 - 기타,중앙선침범,포장 - 건조,흐림,단일로 - 기타,자전거,남,64세,경상,승용,남,57세,상해없음
2018083100100323,2018년 8월 31일 15시,금요일,서울특별시 은평구 응암동,중상사고,0,1,0,0,차대차 - 측면충돌,안전운전불이행,포장 - 건조,맑음,교차로 - 교차로안,자전거,남,24세,중상,승용,남,57세,상해없음
2018083100100330,2018년 8월 31일 15시,금요일,서울특별시 강서구 등촌동,부상신고사고,0,0,0,1,차대차 - 기타,안전운전불이행,포장 - 건조,맑음,단일로 - 기타,자전거,여,50세,부상신고,승용,남,26세,상해없음
2018083100100441,2018년 8월 31일 18시,금요일,서울특별시 은평구 진관동,경상사고,0,0,1,0,차대차 - 기타,불법유턴,포장 - 건조,맑음,단일로 - 기타,자전거,남,13세,경상,승용,여,44세,상해없음
2018090100100003,2018년 9월 1일 00시,토요일,서울특별시 영등포구 여의도동,경상사고,0,0,1,0,차대사람 - 기타,안전운전불이행,포장 - 건조,맑음,단일로 - 기타,자전거,남,37세,상해없음,보행자,남,22세,경상
2018090100100148,2018년 9월 1일 09시,토요일,서울특별시 동대문구 제기동,중상사고,0,1,0,0,차량단독 - 기타,기타,포장 - 건조,맑음,단일로 - 기타,자전거,남,76세,중상,,,,
2018090100100299,2018년 9월 1일 14시,토요일,서울특별시 서대문구 연희동,경상사고,0,0,1,0,차대차 - 측면충돌,안전거리미확보,포장 - 건조,맑음,교차로 - 교차로부근,자전거,남,17세,경상,승용,남,34세,상해없음
2018090100100306,2018년 9월 1일 14시,토요일,서울특별시 구로구 고척동,중상사고,0,1,0,0,차대차 - 측면충돌,안전운전불이행,포장 - 건조,맑음,교차로 - 교차로부근,자전거,남,69세,중상,승합,남,47세,상해없음
2018090100100337,2018년 9월 1일 15시,토요일,서울특별시 동대문구 이문동,부상신고사고,0,0,0,1,차량단독 - 기타,안전운전불이행,포장 - 젖음/습기,맑음,기타 - 기타,자전거,남,12세,부상신고,,,,
2018090100100379,2018년 9월 1일 16시,토요일,서울특별시 송파구 방이동,경상사고,0,0,2,0,차대차 - 기타,안전운전불이행,포장 - 건조,맑음,단일로 - 기타,자전거,여,21세,경상,자전거,여,21세,경상
2018090100100382,2018년 9월 1일 16시,토요일,서울특별시 서초구 반포동,경상사고,0,0,1,0,차대차 - 측면충돌,안전운전불이행,포장 - 건조,맑음,미분류 - 미분류,자전거,남,38세,상해없음,자전거,여,38세,경상
2018090100100465,2018년 9월 1일 18시,토요일,서울특별시 송파구 풍납동,부상신고사고,0,0,0,1,차대차 - 추돌,안전운전불이행,포장 - 건조,맑음,단일로 - 기타,자전거,남,63세,부상신고,자전거,여,25세,상해없음
2018090100100493,2018년 9월 1일 19시,토요일,서울특별시 중랑구 면목동,부상신고사고,0,0,0,1,차대차 - 측면충돌,안전운전불이행,포장 - 건조,맑음,단일로 - 기타,자전거,여,61세,부상신고,이륜,남,20세,기타불명
2018090100100496,2018년 9월 1일 19시,토요일,서울특별시 강남구 도곡동,경상사고,0,0,1,0,차대차 - 기타,중앙선침범,포장 - 건조,맑음,단일로 - 기타,자전거,남,12세,경상,승용,여,41세,상해없음
2018090200100115,2018년 9월 2일 09시,일요일,서울특별시 영등포구 영등포동3가,중상사고,0,1,0,0,차대차 - 측면충돌,안전운전불이행,포장 - 건조,맑음,기타 - 기타,자전거,남,61세,중상,승용,남,71세,상해없음
2018090200100301,2018년 9월 2일 17시,일요일,서울특별시 용산구 용산동2가,경상사고,0,0,1,0,차대사람 - 기타,안전운전불이행,포장 - 건조,맑음,단일로 - 기타,자전거,남,49세,상해없음,보행자,여,59세,경상
2018090200100426,2018년 9월 2일 21시,일요일,서울특별시 양천구 신월동,중상사고,0,1,2,0,차대차 - 측면충돌,중앙선침범,포장 - 건조,맑음,교차로 - 교차로안,자전거,남,22세,경상,승합,남,45세,상해없음
2018090300100203,2018년 9월 3일 11시,월요일,서울특별시 동대문구 전농동,중상사고,0,1,0,0,차대사람 - 횡단중,신호위반,포장 - 젖음/습기,비,교차로 - 교차로횡단보도내,자전거,남,51세,상해없음,보행자,여,86세,중상
2018090300100404,2018년 9월 3일 17시,월요일,서울특별시 송파구 삼전동,경상사고,0,0,1,0,차대차 - 측면충돌,직진우회전진행방해,포장 - 젖음/습기,비,교차로 - 교차로안,자전거,여,53세,경상,승용,여,47세,상해없음
2018090400100340,2018년 9월 4일 16시,화요일,서울특별시 강북구 미아동,경상사고,0,0,1,0,차대사람 - 횡단중,안전운전불이행,포장 - 건조,맑음,교차로 - 교차로안,자전거,남,15세,상해없음,보행자,여,47세,경상
2018090400100440,2018년 9월 4일 18시,화요일,서울특별시 영등포구 여의도동,경상사고,0,0,2,0,차대사람 - 횡단중,안전운전불이행,포장 - 건조,맑음,단일로 - 기타,자전거,남,54세,경상,보행자,남,71세,경상
2018090400100489,2018년 9월 4일 19시,화요일,서울특별시 송파구 풍납동,경상사고,0,0,1,0,차대사람 - 기타,안전운전불이행,포장 - 건조,맑음,기타 - 기타,자전거,남,57세,경상,보행자,남,41세,상해없음
2018090500100042,2018년 9월 5일 04시,수요일,서울특별시 마포구 창전동,경상사고,0,0,1,0,차대차 - 기타,중앙선침범,포장 - 건조,맑음,교차로 - 교차로부근,자전거,남,63세,경상,승용,남,65세,상해없음
2018090500100060,2018년 9월 5일 06시,수요일,서울특별시 영등포구 대림동,경상사고,0,0,1,0,차대차 - 측면충돌,불법유턴,포장 - 건조,맑음,단일로 - 기타,자전거,남,76세,경상,승용,남,52세,상해없음
2018090500100085,2018년 9월 5일 07시,수요일,서울특별시 노원구 상계동,경상사고,0,0,1,0,차대차 - 측면충돌,안전운전불이행,포장 - 건조,맑음,단일로 - 기타,자전거,남,21세,경상,승용,여,47세,상해없음
2018090500100106,2018년 9월 5일 08시,수요일,서울특별시 동대문구 이문동,중상사고,0,1,0,0,차대차 - 기타,안전운전불이행,포장 - 건조,맑음,기타 - 기타,자전거,남,57세,상해없음,자전거,여,38세,중상
2018090500100313,2018년 9월 5일 14시,수요일,서울특별시 영등포구 대림동,경상사고,0,0,1,0,차대차 - 기타,안전운전불이행,포장 - 건조,맑음,교차로 - 교차로부근,자전거,남,26세,경상,화물,남,59세,상해없음
2018090500100389,2018년 9월 5일 16시,수요일,서울특별시 영등포구 신길동,부상신고사고,0,0,0,1,차대사람 - 기타,안전운전불이행,포장 - 건조,맑음,단일로 - 기타,자전거,남,14세,상해없음,보행자,남,42세,부상신고
2018090500100391,2018년 9월 5일 16시,수요일,서울특별시 송파구 송파동,중상사고,0,1,0,0,차대차 - 추돌,안전거리미확보,포장 - 건조,맑음,단일로 - 기타,자전거,남,71세,중상,승용,남,63세,상해없음
2018090500100493,2018년 9월 5일 18시,수요일,서울특별시 강남구 삼성동,경상사고,0,0,1,0,차대차 - 기타,안전운전불이행,포장 - 건조,맑음,단일로 - 기타,자전거,여,51세,상해없음,자전거,남,43세,경상
2018090500100496,2018년 9월 5일 18시,수요일,서울특별시 구로구 신도림동,중상사고,0,1,0,0,차대사람 - 횡단중,안전운전불이행,포장 - 건조,맑음,단일로 - 기타,자전거,남,29세,상해없음,보행자,여,66세,중상
2018090500100500,2018년 9월 5일 18시,수요일,서울특별시 강남구 개포동,경상사고,0,0,2,0,차대사람 - 횡단중,안전운전불이행,포장 - 건조,맑음,단일로 - 기타,자전거,남,34세,경상,보행자,여,68세,경상
2018090500100585,2018년 9월 5일 20시,수요일,서울특별시 성북구 종암동,부상신고사고,0,0,0,1,차대차 - 정면충돌,중앙선침범,포장 - 건조,맑음,단일로 - 기타,자전거,여,50세,부상신고,승용,여,62세,상해없음
2018090500100613,2018년 9월 5일 21시,수요일,서울특별시 송파구 잠실동,경상사고,0,0,1,0,차대차 - 측면충돌,안전거리미확보,포장 - 건조,맑음,단일로 - 기타,자전거,남,42세,상해없음,자전거,남,19세,경상
2018090500100614,2018년 9월 5일 21시,수요일,서울특별시 구로구 구로동,경상사고,0,0,1,0,차대차 - 측면충돌,기타,포장 - 건조,맑음,단일로 - 기타,자전거,남,50세,경상,승용,남,33세,상해없음
2018090600100148,2018년 9월 6일 10시,목요일,서울특별시 강서구 방화동,경상사고,0,0,1,0,차대차 - 측면충돌,안전운전불이행,포장 - 건조,맑음,단일로 - 기타,자전거,남,40세,경상,승용,남,46세,상해없음
2018090600100174,2018년 9월 6일 11시,목요일,서울특별시 광진구 군자동,경상사고,0,0,1,0,차대차 - 측면충돌,기타,포장 - 건조,맑음,기타 - 기타,자전거,남,24세,경상,승용,남,37세,상해없음
2018090600100179,2018년 9월 6일 11시,목요일,서울특별시 송파구 석촌동,부상신고사고,0,0,0,1,차대차 - 기타,안전운전불이행,포장 - 건조,맑음,단일로 - 기타,자전거,여,60세,부상신고,기타불명,기타불명,미분류,기타불명
2018090600100259,2018년 9월 6일 14시,목요일,서울특별시 송파구 잠실동,부상신고사고,0,0,0,1,차대차 - 기타,직진우회전진행방해,포장 - 건조,맑음,교차로 - 교차로안,자전거,남,36세,부상신고,승용,남,28세,상해없음
2018090600100261,2018년 9월 6일 14시,목요일,서울특별시 노원구 월계동,중상사고,0,1,0,0,차대차 - 기타,안전운전불이행,포장 - 건조,맑음,단일로 - 기타,자전거,남,28세,중상,원동기,남,74세,상해없음
2018090600100289,2018년 9월 6일 15시,목요일,서울특별시 강동구 길동,부상신고사고,0,0,0,1,차대사람 - 기타,안전운전불이행,포장 - 건조,맑음,교차로 - 교차로안,자전거,남,41세,상해없음,보행자,남,4세,부상신고
2018090600100290,2018년 9월 6일 15시,목요일,서울특별시 송파구 석촌동,부상신고사고,0,0,0,1,차대차 - 측면충돌,직진우회전진행방해,포장 - 건조,맑음,교차로 - 교차로안,자전거,여,61세,부상신고,승용,남,57세,상해없음
2018090600100480,2018년 9월 6일 20시,목요일,서울특별시 강남구 개포동,부상신고사고,0,0,0,1,차대사람 - 기타,안전운전불이행,포장 - 건조,맑음,단일로 - 기타,자전거,남,33세,상해없음,보행자,여,58세,부상신고