사고번호,사고일시,요일,시군구,사고내용,사망자수,중상자수,경상자수,부상신고자수,사고유형,법규위반,노면상태,기상상태,도로형태,가해운전자 차종,가해운전자 성별,가해운전자 연령,가해운전자 상해정도,피해운전자 차종,피해운전자 성별,피해운전자 연령,피해운전자 상해정도
2018102100100212,2018년 10월 21일 13시,일요일,서울특별시 동작구 본동,부상신고사고,0,0,0,1,차대차 - 측면충돌,불법유턴,포장 - 건조,맑음,교차로 - 교차로부근,자전거,남,14세,부상신고,승용,여,85세,상해없음
2018102100100215,2018년 10월 21일 13시,일요일,서울특별시 송파구 문정동,부상신고사고,0,0,0,1,차대차 - 측면충돌,안전운전불이행,포장 - 건조,맑음,교차로 - 교차로안,자전거,여,25세,부상신고,승용,여,53세,상해없음
2018102100100282,2018년 10월 21일 15시,일요일,서울특별시 노원구 하계동,중상사고,0,1,0,0,차대차 - 추돌,안전운전불이행,포장 - 건조,맑음,단일로 - 기타,자전거,남,64세,상해없음,자전거,여,56세,중상
2018102100100445,2018년 10월 21일 19시,일요일,서울특별시 서초구 반포동,중상사고,0,1,0,0,차대차 - 기타,안전운전불이행,포장 - 건조,맑음,단일로 - 기타,자전거,남,31세,상해없음,자전거,남,58세,중상
2018102200100297,2018년 10월 22일 15시,월요일,서울특별시 동작구 대방동,경상사고,0,0,1,0,차대차 - 측면충돌,안전운전불이행,포장 - 건조,맑음,교차로 - 교차로부근,자전거,남,16세,경상,화물,남,23세,상해없음
2018102200100486,2018년 10월 22일 19시,월요일,서울특별시 구로구 구로동,중상사고,0,1,0,0,차대차 - 측면충돌,안전운전불이행,포장 - 건조,맑음,교차로 - 교차로부근,자전거,남,45세,중상,자전거,남,27세,상해없음
2018102300100374,2018년 10월 23일 17시,화요일,서울특별시 동대문구 장안동,경상사고,0,0,1,0,차대사람 - 차도통행중,안전운전불이행,포장 - 건조,맑음,기타 - 기타,자전거,남,74세,상해없음,보행자,여,60세,경상
2018102300100536,2018년 10월 23일 20시,화요일,서울특별시 관악구 봉천동,중상사고,0,1,0,0,차대차 - 측면충돌,불법유턴,포장 - 건조,맑음,교차로 - 교차로부근,자전거,남,17세,중상,승용,남,18세,상해없음
2018102400100026,2018년 10월 24일 04시,수요일,서울특별시 종로구 창신동,부상신고사고,0,0,0,1,차대차 - 측면충돌,안전운전불이행,포장 - 건조,맑음,교차로 - 교차로횡단보도내,자전거,남,19세,부상신고,기타불명,기타불명,미분류,기타불명
2018102400100284,2018년 10월 24일 13시,수요일,서울특별시 광진구 중곡동,경상사고,0,0,1,0,차대차 - 측면충돌,중앙선침범,포장 - 건조,맑음,교차로 - 교차로안,자전거,남,18세,경상,승용,남,59세,상해없음
2018102400100340,2018년 10월 24일 14시,수요일,서울특별시 송파구 장지동,부상신고사고,0,0,0,1,차대차 - 측면충돌,안전운전불이행,포장 - 건조,맑음,단일로 - 기타,자전거,남,74세,부상신고,승용,남,64세,상해없음
2018102400100424,2018년 10월 24일 16시,수요일,서울특별시 노원구 중계동,부상신고사고,0,0,0,1,차대차 - 측면충돌,안전운전불이행,포장 - 건조,맑음,단일로 - 기타,자전거,남,11세,부상신고,승합,여,42세,상해없음
2018102400100522,2018년 10월 24일 18시,수요일,서울특별시 양천구 신정동,중상사고,0,1,0,0,차대사람 - 기타,안전운전불이행,포장 - 건조,맑음,기타 - 기타,자전거,남,50세,상해없음,보행자,여,54세,중상
2018102500100002,2018년 10월 25일 00시,목요일,서울특별시 강서구 마곡동,중상사고,0,1,0,0,차대차 - 측면충돌,신호위반,포장 - 건조,흐림,교차로 - 교차로안,자전거,남,64세,중상,승용,남,31세,상해없음
2018102500100021,2018년 10월 25일 02시,목요일,서울특별시 영등포구 당산동1가,부상신고사고,0,0,0,1,차대차 - 측면충돌,기타,포장 - 건조,맑음,단일로 - 기타,자전거,남,33세,부상신고,승용,남,57세,상해없음
2018102500100041,2018년 10월 25일 05시,목요일,서울특별시 영등포구 대림동,부상신고사고,0,0,0,1,차대차 - 측면충돌,안전운전불이행,포장 - 건조,맑음,교차로 - 교차로횡단보도내,자전거,남,70세,부상신고,승용,남,50세,상해없음
2018102500100075,2018년 10월 25일 07시,목요일,서울특별시 강서구 외발산동,경상사고,0,0,2,0,차대차 - 측면충돌,중앙선침범,포장 - 젖음/습기,맑음,교차로 - 교차로부근,자전거,남,21세,경상,원동기,남,43세,경상
2018102500100425,2018년 10월 25일 16시,목요일,서울특별시 송파구 가락동,경상사고,0,0,1,0,차대차 - 기타,안전운전불이행,포장 - 건조,맑음,교차로 - 교차로횡단보도내,자전거,남,61세,상해없음,승용,남,30세,경상
2018102500100626,2018년 10월 25일 20시,목요일,서울특별시 노원구 중계동,경상사고,0,0,1,0,차대차 - 측면충돌,기타,포장 - 건조,맑음,교차로 - 교차로부근,자전거,남,23세,경상,승용,남,71세,상해없음
2018102500100652,2018년 10월 25일 21시,목요일,서울특별시 영등포구 영등포동,경상사고,0,0,1,0,차대차 - 기타,안전운전불이행,포장 - 건조,맑음,교차로 - 교차로안,자전거,남,11세,경상,승용,남,51세,상해없음
2018102600100106,2018년 10월 26일 08시,금요일,서울특별시 영등포구 문래동3가,경상사고,0,0,1,0,차대차 - 측면충돌,안전운전불이행,포장 - 건조,맑음,단일로 - 기타,자전거,남,68세,경상,화물,남,71세,상해없음
2018102600100403,2018년 10월 26일 17시,금요일,서울특별시 강남구 율현동,부상신고사고,0,0,0,1,차대차 - 측면충돌,안전운전불이행,포장 - 건조,맑음,교차로 - 교차로안,자전거,여,31세,부상신고,승용,남,44세,상해없음
2018102600100443,2018년 10월 26일 18시,금요일,서울특별시 영등포구 도림동,부상신고사고,0,0,0,1,차대차 - 측면충돌,안전운전불이행,포장 - 건조,맑음,교차로 - 교차로안,자전거,남,79세,부상신고,승용,남,35세,상해없음
2018102600100522,2018년 10월 26일 19시,금요일,서울특별시 영등포구 대림동,부상신고사고,0,0,0,1,차대차 - 기타,안전운전불이행,포장 - 건조,맑음,단일로 - 기타,자전거,남,76세,부상신고,자전거,남,15세,기타불명
2018102600100623,2018년 10월 26일 21시,금요일,서울특별시 관악구 신림동,경상사고,0,0,1,0,차대차 - 측면충돌,불법유턴,포장 - 젖음/습기,비,교차로 - 교차로부근,자전거,남,45세,경상,화물,남,38세,상해없음
2018102600100627,2018년 10월 26일 21시,금요일,서울특별시 도봉구 창동,중상사고,0,1,0,1,차대사람 - 횡단중,신호위반,포장 - 젖음/습기,흐림,단일로 - 기타,자전거,남,16세,부상신고,보행자,여,63세,중상
2018102700100003,2018년 10월 27일 00시,토요일,서울특별시 성동구 성수동1가,경상사고,0,0,1,0,차대차 - 측면충돌,안전거리미확보,포장 - 건조,맑음,단일로 - 기타,자전거,남,15세,경상,승용,남,63세,상해없음
2018102700100197,2018년 10월 27일 10시,토요일,서울특별시 종로구 통인동,부상신고사고,0,0,0,1,차대차 - 추돌,안전거리미확보,포장 - 건조,맑음,교차로 - 교차로부근,자전거,남,27세,부상신고,승용,남,64세,상해없음
2018102700100383,2018년 10월 27일 15시,토요일,서울특별시 강남구 대치동,경상사고,0,0,1,0,차대차 - 기타,안전운전불이행,포장 - 건조,맑음,교차로 - 교차로횡단보도내,자전거,남,11세,경상,승용,여,55세,기타불명
2018102700100464,2018년 10월 27일 17시,토요일,서울특별시 금천구 독산동,부상신고사고,0,0,0,1,차대차 - 측면충돌,기타,포장 - 건조,맑음,교차로 - 교차로안,자전거,남,46세,부상신고,승용,남,55세,상해없음
2018102700100671,2018년 10월 27일 22시,토요일,서울특별시 중랑구 면목동,중상사고,0,1,0,0,차대차 - 측면충돌,불법유턴,포장 - 건조,맑음,교차로 - 교차로안,자전거,남,57세,중상,이륜,남,16세,상해없음
2018102800100152,2018년 10월 28일 10시,일요일,서울특별시 광진구 자양동,경상사고,0,0,1,0,차대차 - 측면충돌,중앙선침범,포장 - 젖음/습기,흐림,교차로 - 교차로안,자전거,남,66세,경상,승용,남,45세,상해없음
2018102800100206,2018년 10월 28일 12시,일요일,서울특별시 광진구 자양동,경상사고,0,0,1,0,차대차 - 측면충돌,안전운전불이행,포장 - 건조,맑음,교차로 - 교차로부근,자전거,여,36세,경상,승용,남,72세,상해없음
2018102800100462,2018년 10월 28일 20시,일요일,서울특별시 동작구 상도동,경상사고,0,0,1,0,차대사람 - 보도통행중,안전운전불이행,포장 - 건조,맑음,기타 - 기타,자전거,남,62세,상해없음,보행자,남,4세,경상
2018102800100494,2018년 10월 28일 21시,일요일,서울특별시 마포구 노고산동,경상사고,0,0,1,0,차대차 - 측면충돌,신호위반,포장 - 건조,맑음,기타 - 기타,자전거,여,20세,경상,승용,남,61세,상해없음
2018102900100096,2018년 10월 29일 08시,월요일,서울특별시 동대문구 용두동,중상사고,0,1,0,0,차대사람 - 차도통행중,안전운전불이행,포장 - 건조,맑음,단일로 - 기타,자전거,여,56세,상해없음,보행자,여,62세,중상
2018102900100223,2018년 10월 29일 11시,월요일,서울특별시 강동구 암사동,부상신고사고,0,0,0,1,차대차 - 정면충돌,안전거리미확보,포장 - 건조,맑음,단일로 - 기타,자전거,남,87세,부상신고,승용,남,70세,상해없음
2018102900100285,2018년 10월 29일 13시,월요일,서울특별시 송파구 삼전동,부상신고사고,0,0,0,1,차대차 - 측면충돌,안전운전불이행,포장 - 건조,맑음,교차로 - 교차로안,자전거,여,62세,부상신고,승용,남,58세,상해없음
2018102900100403,2018년 10월 29일 16시,월요일,서울특별시 광진구 중곡동,중상사고,0,1,0,0,차대사람 - 길가장자리구역통행중,안전운전불이행,포장 - 건조,맑음,단일로 - 기타,자전거,남,17세,상해없음,보행자,여,61세,중상
2018103000100100,2018년 10월 30일 08시,화요일,서울특별시 강북구 수유동,중상사고,0,1,0,0,차대사람 - 보도통행중,기타,포장 - 건조,맑음,기타 - 기타,자전거,남,15세,상해없음,보행자,남,64세,중상
2018103000100228,2018년 10월 30일 11시,화요일,서울특별시 강북구 미아동,경상사고,0,0,1,0,차대사람 - 길가장자리구역통행중,안전운전불이행,포장 - 건조,맑음,단일로 - 기타,자전거,남,55세,상해없음,보행자,여,35세,경상
2018103000100264,2018년 10월 30일 12시,화요일,서울특별시 송파구 가락동,경상사고,0,0,1,0,차대차 - 기타,안전운전불이행,포장 - 건조,맑음,단일로 - 기타,자전거,남,54세,경상,이륜,남,42세,기타불명
2018103000100448,2018년 10월 30일 17시,화요일,서울특별시 성동구 마장동,중상사고,0,1,0,0,차대사람 - 보도통행중,기타,포장 - 건조,맑음,기타 - 기타,자전거,남,12세,상해없음,보행자,여,76세,중상
2018103000100497,2018년 10월 30일 18시,화요일,서울특별시 송파구 오금동,경상사고,0,0,2,0,차대사람 - 기타,안전운전불이행,포장 - 건조,맑음,교차로 - 교차로횡단보도내,자전거,남,49세,경상,보행자,여,48세,경상
2018103000100638,2018년 10월 30일 21시,화요일,서울특별시 마포구 공덕동,경상사고,0,0,1,0,차대차 - 기타,안전운전불이행,포장 - 건조,맑음,단일로 - 기타,자전거,남,53세,경상,승합,남,45세,기타불명
2018103100100057,2018년 10월 31일 06시,수요일,서울특별시 구로구 고척동,중상사고,0,1,0,0,차대차 - 정면충돌,안전운전불이행,포장 - 건조,맑음,교차로 - 교차로안,자전거,남,77세,중상,승용,남,36세,상해없음
2018103100100075,2018년 10월 31일 07시,수요일,서울특별시 강서구 염창동,중상사고,0,1,0,0,차대차 - 측면충돌,안전운전불이행,포장 - 건조,맑음,교차로 - 교차로부근,자전거,남,75세,중상,승용,남,54세,상해없음
2018103100100096,2018년 10월 31일 08시,수요일,서울특별시 동대문구 장안동,부상신고사고,0,0,0,1,차대차 - 기타,교차로운행방법위반,포장 - 건조,맑음,교차로 - 교차로안,자전거,남,58세,부상신고,승용,여,62세,상해없음
2018103100100097,2018년 10월 31일 08시,수요일,서울특별시 영등포구 대림동,경상사고,0,0,1,0,차대차 - 측면충돌,안전운전불이행,포장 - 건조,맑음,교차로 - 교차로안,자전거,남,12세,경상,승용,남,29세,상해없음
2018103100100144,2018년 10월 31일 09시,수요일,서울특별시 송파구 신천동,중상사고,0,1,0,0,차대차 - 추돌,안전운전불이행,포장 - 건조,맑음,단일로 - 기타,자전거,남,71세,상해없음,자전거,여,60세,중상
2018103100100178,2018년 10월 31일 10시,수요일,서울특별시 양천구 신월동,중상사고,0,1,0,0,차대차 - 기타,안전운전불이행,포장 - 건조,맑음,교차로 - 교차로안,자전거,여,29세,중상,승용,남,27세,상해없음
2018103100100283,2018년 10월 31일 13시,수요일,서울특별시 송파구 방이동,중상사고,0,1,0,0,차대사람 - 기타,안전운전불이행,포장 - 건조,맑음,기타 - 기타,자전거,남,40세,기타불명,보행자,여,20세,중상
2018103100100339,2018년 10월 31일 15시,수요일,서울특별시 강북구 수유동,경상사고,0,0,1,0,차대사람 - 횡단중,보행자보호의무위반,포장 - 건조,맑음,교차로 - 교차로횡단보도내,자전거,남,59세,상해없음,보행자,여,57세,경상
2018103100100471,2018년 10월 31일 18시,수요일,서울특별시 구로구 신도림동,경상사고,0,0,1,0,차대차 - 측면충돌,안전운전불이행,포장 - 건조,맑음,단일로 - 기타,자전거,남,15세,경상,화물,남,54세,상해없음
2018103100100645,2018년 10월 31일 22시,수요일,서울특별시 서초구 서초동,경상사고,0,0,1,0,차대사람 - 기타,안전운전불이행,포장 - 건조,맑음,기타 - 기타,자전거,기타불명,미분류,기타불명,보행자,여,24세,경상
2018110100100072,2018년 11월 1일 07시,목요일,서울특별시 송파구 풍납동,경상사고,0,0,1,0,차대차 - 기타,안전운전불이행,포장 - 건조,맑음,기타 - 기타,자전거,남,14세,경상,승용,여,61세,상해없음
2018110100100355,2018년 11월 1일 15시,목요일,서울특별시 송파구 가락동,경상사고,0,0,1,0,차대차 - 측면충돌,기타,포장 - 건조,맑음,기타 - 기타,자전거,남,52세,경상,승용,남,34세,상해없음
2018110100100400,2018년 11월 1일 16시,목요일,서울특별시 광진구 구의동,경상사고,0,0,1,0,차대차 - 측면충돌,중앙선침범,포장 - 건조,맑음,단일로 - 기타,자전거,남,78세,경상,승용,남,62세,상해없음
2018110100100444,2018년 11월 1일 17시,목요일,서울특별시 광진구 중곡동,경상사고,0,0,1,0,차대차 - 측면충돌,안전운전불이행,포장 - 건조,맑음,단일로 - 기타,자전거,남,17세,경상,화물,남,63세,상해없음
2018110100100494,2018년 11월 1일 18시,목요일,서울특별시 서초구 양재동,부상신고사고,0,0,0,1,차대차 - 기타,직진우회전진행방해,포장 - 건조,맑음,교차로 - 교차로안,자전거,남,42세,부상신고,승용,남,51세,상해없음
2018110100100495,2018년 11월 1일 18시,목요일,서울특별시 노원구 중계동,부상신고사고,0,0,0,1,차대차 - 기타,불법유턴,포장 - 건조,맑음,교차로 - 교차로횡단보도내,자전거,남,14세,부상신고,승용,남,45세,상해없음
2018110100100549,2018년 11월 1일 19시,목요일,서울특별시 강서구 내발산동,중상사고,0,1,0,0,차대차 - 측면충돌,신호위반,포장 - 건조,맑음,교차로 - 교차로횡단보도내,자전거,남,64세,중상,승용,남,47세,상해없음
2018110200100322,2018년 11월 2일 13시,금요일,서울특별시 동대문구 장안동,부상신고사고,0,0,0,1,차대차 - 측면충돌,직진우회전진행방해,포장 - 건조,맑음,교차로 - 교차로안,자전거,여,65세,부상신고,화물,남,60세,상해없음
2018110200100701,2018년 11월 2일 20시,금요일,서울특별시 동대문구 회기동,중상사고,0,1,1,0,차대차 - 정면충돌,안전운전불이행,포장 - 건조,흐림,단일로 - 기타,자전거,남,19세,중상,이륜,남,24세,경상
2018110300100197,2018년 11월 3일 11시,토요일,서울특별시 동대문구 전농동,중상사고,0,1,0,0,차대차 - 측면충돌,불법유턴,포장 - 건조,맑음,교차로 - 교차로부근,자전거,남,83세,중상,화물,남,51세,상해없음
2018110300100295,2018년 11월 3일 13시,토요일,서울특별시 성동구 상왕십리동,경상사고,0,0,1,0,차대사람 - 기타,기타,포장 - 기타,맑음,단일로 - 기타,자전거,남,35세,상해없음,보행자,여,27세,경상
2018110300100541,2018년 11월 3일 19시,토요일,서울특별시 마포구 성산동,경상사고,0,0,1,0,차대차 - 측면충돌,안전운전불이행,포장 - 건조,맑음,교차로 - 교차로안,자전거,남,9세,경상,승용,남,59세,상해없음
2018110400100102,2018년 11월 4일 09시,일요일,서울특별시 서초구 방배동,경상사고,0,0,1,0,차대차 - 측면충돌,안전운전불이행,포장 - 건조,맑음,교차로 - 교차로횡단보도내,자전거,여,60세,경상,승용,여,58세,상해없음
2018110400100212,2018년 11월 4일 13시,일요일,서울특별시 관악구 신림동,경상사고,0,0,1,0,차대차 - 측면충돌,안전운전불이행,포장 - 건조,맑음,단일로 - 기타,자전거,남,13세,경상,승용,여,50세,상해없음
2018110400100278,2018년 11월 4일 15시,일요일,서울특별시 동대문구 제기동,경상사고,0,0,1,0,차대사람 - 기타,안전운전불이행,포장 - 건조,맑음,단일로 - 기타,자전거,남,45세,상해없음,보행자,남,70세,경상
2018110400100280,2018년 11월 4일 15시,일요일,서울특별시 영등포구 문래동4가,경상사고,0,0,1,0,차대차 - 추돌,안전운전불이행,포장 - 건조,맑음,단일로 - 기타,자전거,남,45세,상해없음,자전거,남,75세,경상
2018110500100041,2018년 11월 5일 06시,월요일,서울특별시 양천구 신월동,경상사고,0,0,2,0,차대차 - 기타,안전운전불이행,포장 - 건조,맑음,단일로 - 기타,자전거,남,41세,경상,승합,남,53세,상해없음
2018110500100175,2018년 11월 5일 10시,월요일,서울특별시 강북구 수유동,중상사고,0,1,0,0,차대차 - 기타,안전운전불이행,포장 - 건조,맑음,교차로 - 교차로안,자전거,남,72세,중상,화물,남,32세,상해없음
2018110500100219,2018년 11월 5일 11시,월요일,서울특별시 노원구 상계동,중상사고,0,1,0,0,차대차 - 측면충돌,안전운전불이행,포장 - 건조,맑음,단일로 - 기타,자전거,여,62세,중상,승용,여,35세,상해없음
2018110600100030,2018년 11월 6일 05시,화요일,서울특별시 구로구 구로동,중상사고,0,1,0,0,차대차 - 측면충돌,신호위반,포장 - 건조,맑음,교차로 - 교차로안,자전거,남,71세,중상,승합,남,66세,상해없음
2018110600100163,2018년 11월 6일 10시,화요일,서울특별시 강남구 신사동,부상신고사고,0,0,0,1,차대차 - 측면충돌,안전운전불이행,포장 - 기타,맑음,단일로 - 기타,자전거,여,40세,부상신고,승용,남,54세,상해없음
2018110600100167,2018년 11월 6일 10시,화요일,서울특별시 도봉구 방학동,부상신고사고,0,0,0,1,차대차 - 추돌,안전운전불이행,포장 - 기타,맑음,교차로 - 교차로부근,자전거,여,46세,상해없음,자전거,남,95세,부상신고
2018110600100287,2018년 11월 6일 14시,화요일,서울특별시 마포구 공덕동,경상사고,0,0,1,0,차대차 - 기타,중앙선침범,포장 - 건조,맑음,기타 - 기타,자전거,남,77세,경상,승용,남,60세,상해없음
2018110600100539,2018년 11월 6일 20시,화요일,서울특별시 광진구 자양동,부상신고사고,0,0,0,1,차대차 - 측면충돌,안전운전불이행,포장 - 건조,맑음,교차로 - 교차로부근,자전거,남,58세,부상신고,화물,남,46세,상해없음
2018110700100279,2018년 11월 7일 13시,수요일,서울특별시 강동구 성내동,부상신고사고,0,0,0,1,차대차 - 기타,안전거리미확보,포장 - 건조,흐림,단일로 - 기타,자전거,남,76세,부상신고,승용,여,36세,상해없음
2018110900100371,2018년 11월 9일 15시,금요일,서울특별시 노원구 상계동,경상사고,0,0,1,0,차대차 - 측면충돌,불법유턴,포장 - 건조,맑음,교차로 - 교차로안,자전거,남,11세,경상,승용,여,23세,상해없음
2018110900100372,2018년 11월 9일 15시,금요일,서울특별시 도봉구 쌍문동,부상신고사고,0,0,0,1,차대차 - 기타,안전운전불이행,포장 - 건조,맑음,교차로 - 교차로부근,자전거,남,12세,부상신고,승용,남,65세,상해없음
2018110900100409,2018년 11월 9일 16시,금요일,서울특별시 강동구 상일동,중상사고,0,1,0,0,차대차 - 측면충돌,안전운전불이행,포장 - 건조,맑음,교차로 - 교차로안,자전거,여,66세,중상,승용,남,48세,상해없음
2018110900100461,2018년 11월 9일 17시,금요일,서울특별시 성북구 하월곡동,중상사고,0,1,0,0,차대사람 - 기타,안전운전불이행,포장 - 건조,맑음,단일로 - 기타,자전거,남,52세,상해없음,보행자,여,50세,중상
2018110900100505,2018년 11월 9일 18시,금요일,서울특별시 종로구 종로6가,부상신고사고,0,0,0,2,차대차 - 측면충돌,신호위반,포장 - 건조,맑음,교차로 - 교차로안,자전거,남,51세,부상신고,승용,남,69세,상해없음
2018110900100511,2018년 11월 9일 18시,금요일,서울특별시 서초구 반포동,경상사고,0,0,1,0,차대차 - 측면충돌,안전운전불이행,포장 - 건조,맑음,미분류 - 미분류,자전거,남,37세,경상,승용,여,44세,상해없음
2018111000100422,2018년 11월 10일 16시,토요일,서울특별시 강남구 삼성동,부상신고사고,0,0,0,1,차대차 - 기타,안전운전불이행,포장 - 기타,맑음,기타 - 기타,자전거,여,54세,부상신고,승합,남,27세,상해없음
2018111000100596,2018년 11월 10일 20시,토요일,서울특별시 영등포구 영등포동8가,경상사고,0,0,1,0,차대차 - 정면충돌,안전운전불이행,포장 - 건조,맑음,단일로 - 기타,자전거,남,21세,경상,승용,남,27세,상해없음
2018111000100599,2018년 11월 10일 20시,토요일,서울특별시 송파구 마천동,경상사고,0,0,1,0,차대사람 - 기타,기타,포장 - 건조,맑음,단일로 - 기타,자전거,남,53세,상해없음,보행자,여,58세,경상
2018111000100674,2018년 11월 10일 23시,토요일,서울특별시 동대문구 장안동,경상사고,0,0,1,0,차대차 - 기타,안전거리미확보,포장 - 건조,맑음,단일로 - 기타,자전거,남,47세,경상,승용,남,46세,상해없음
2018111100100169,2018년 11월 11일 13시,일요일,서울특별시 마포구 서교동,중상사고,0,1,0,0,차대사람 - 횡단중,안전운전불이행,포장 - 건조,맑음,단일로 - 기타,자전거,남,15세,상해없음,보행자,여,79세,중상
2018111100100289,2018년 11월 11일 17시,일요일,서울특별시 송파구 삼전동,부상신고사고,0,0,0,1,차대차 - 기타,안전운전불이행,포장 - 건조,맑음,교차로 - 교차로부근,자전거,여,70세,부상신고,이륜,남,55세,상해없음
2018111200100017,2018년 11월 12일 02시,월요일,서울특별시 강서구 화곡동,경상사고,0,0,1,0,차대차 - 측면충돌,중앙선침범,포장 - 건조,맑음,단일로 - 기타,자전거,남,23세,경상,승용,남,57세,상해없음
2018111200100169,2018년 11월 12일 10시,월요일,서울특별시 송파구 가락동,중상사고,0,1,0,0,차량단독 - 공작물충돌,안전운전불이행,비포장 - 건조,맑음,단일로 - 기타,자전거,남,77세,중상,,,,
2018111200100222,2018년 11월 12일 12시,월요일,서울특별시 중랑구 망우동,경상사고,0,0,1,0,차대차 - 기타,안전운전불이행,포장 - 건조,맑음,교차로 - 교차로횡단보도내,자전거,남,60세,경상,승합,남,53세,상해없음
2018111200100361,2018년 11월 12일 16시,월요일,서울특별시 강동구 고덕동,경상사고,0,0,1,0,차대차 - 기타,안전운전불이행,포장 - 건조,맑음,단일로 - 기타,자전거,남,18세,기타불명,자전거,여,63세,경상
2018111200100398,2018년 11월 12일 17시,월요일,서울특별시 동대문구 전농동,경상사고,0,0,1,0,차대사람 - 기타,안전운전불이행,포장 - 건조,맑음,단일로 - 기타,자전거,남,12세,상해없음,보행자,남,5세,경상
2018111200100444,2018년 11월 12일 18시,월요일,서울특별시 은평구 구산동,부상신고사고,0,0,0,1,차대차 - 측면충돌,중앙선침범,포장 - 건조,맑음,단일로 - 기타,자전거,남,48세,부상신고,승용,남,59세,상해없음
2018111200100495,2018년 11월 12일 19시,월요일,서울특별시 강북구 수유동,경상사고,0,0,1,0,차대차 - 기타,안전운전불이행,포장 - 건조,맑음,기타 - 기타,자전거,남,11세,상해없음,이륜,남,24세,경상
2018111300100030,2018년 11월 13일 04시,화요일,서울특별시 중구 남대문로5가,사망사고,1,0,0,0,차대차 - 추돌,신호위반,포장 - 건조,맑음,교차로 - 교차로안,자전거,남,62세,사망,화물,남,55세,상해없음
2018111300100073,2018년 11월 13일 07시,화요일,서울특별시 노원구 중계동,부상신고사고,0,0,0,1,차대차 - 측면충돌,중앙선침범,포장 - 건조,맑음,교차로 - 교차로부근,자전거,남,17세,부상신고,승용,여,45세,상해없음
2018111300100100,2018년 11월 13일 08시,화요일,서울특별시 마포구 노고산동,부상신고사고,0,0,0,1,차대차 - 기타,안전운전불이행,포장 - 건조,맑음,기타 - 기타,자전거,여,65세,부상신고,승용,여,55세,상해없음
2018111300100148,2018년 11월 13일 09시,화요일,서울특별시 관악구 봉천동,경상사고,0,0,1,0,차대차 - 측면충돌,직진우회전진행방해,포장 - 건조,맑음,교차로 - 교차로안,자전거,여,57세,경상,승용,남,69세,상해없음
2018111300100213,2018년 11월 13일 11시,화요일,서울특별시 영등포구 대림동,경상사고,0,0,1,0,차대차 - 기타,안전운전불이행,포장 - 건조,맑음,단일로 - 기타,자전거,여,71세,경상,화물,남,65세,상해없음
2018111300100253,2018년 11월 13일 12시,화요일,서울특별시 성북구 하월곡동,부상신고사고,0,0,0,1,차대차 - 측면충돌,중앙선침범,포장 - 건조,흐림,교차로 - 교차로횡단보도내,자전거,여,47세,부상신고,승용,남,66세,상해없음
2018111300100310,2018년 11월 13일 14시,화요일,서울특별시 송파구 가락동,경상사고,0,0,1,0,차대차 - 기타,안전운전불이행,포장 - 건조,맑음,교차로 - 교차로부근,자전거,남,42세,상해없음,자전거,남,78세,경상
2018111400100059,2018년 11월 14일 07시,수요일,서울특별시 광진구 자양동,경상사고,0,0,1,0,차대차 - 기타,안전운전불이행,포장 - 건조,맑음,단일로 - 기타,자전거,남,16세,경상,승용,남,74세,상해없음
2018111400100062,2018년 11월 14일 07시,수요일,서울특별시 도봉구 쌍문동,부상신고사고,0,0,0,1,차대차 - 추돌,안전거리미확보,포장 - 건조,맑음,단일로 - 기타,자전거,남,17세,부상신고,승용,남,63세,기타불명
2018111400100214,2018년 11월 14일 11시,수요일,서울특별시 성동구 성수동1가,경상사고,0,0,1,0,차대차 - 측면충돌,안전운전불이행,포장 - 건조,맑음,교차로 - 교차로부근,자전거,남,58세,경상,승용,여,25세,상해없음
2018111400100254,2018년 11월 14일 12시,수요일,서울특별시 광진구 자양동,사망사고,1,0,0,0,차대차 - 측면충돌,안전운전불이행,포장 - 건조,맑음,단일로 - 교량,자전거,남,76세,사망,승용,여,49세,상해없음
2018111400100310,2018년 11월 14일 14시,수요일,서울특별시 광진구 자양동,중상사고,0,1,0,0,차대차 - 측면충돌,안전운전불이행,포장 - 건조,맑음,교차로 - 교차로안,자전거,여,62세,중상,승용,여,67세,상해없음
2018111500100143,2018년 11월 15일 09시,목요일,서울특별시 구로구 구로동,경상사고,0,0,1,0,차대사람 - 보도통행중,안전운전불이행,포장 - 건조,맑음,교차로 - 교차로안,자전거,남,51세,상해없음,보행자,여,28세,경상
2018111500100175,2018년 11월 15일 10시,목요일,서울특별시 송파구 가락동,부상신고사고,0,0,0,1,차대차 - 기타,안전운전불이행,포장 - 건조,맑음,단일로 - 기타,자전거,여,33세,부상신고,승용,남,41세,상해없음
2018111500100294,2018년 11월 15일 14시,목요일,서울특별시 마포구 성산동,경상사고,0,0,1,0,차대차 - 기타,안전운전불이행,포장 - 건조,맑음,단일로 - 기타,자전거,여,61세,경상,승합,여,60세,상해없음
2018111500100390,2018년 11월 15일 17시,목요일,서울특별시 마포구 현석동,경상사고,0,0,1,0,차대차 - 기타,안전운전불이행,포장 - 건조,맑음,교차로 - 교차로부근,자전거,남,69세,경상,승용,여,44세,상해없음