사고번호,사고일시,요일,시군구,사고내용,사망자수,중상자수,경상자수,부상신고자수,사고유형,법규위반,노면상태,기상상태,도로형태,가해운전자 차종,가해운전자 성별,가해운전자 연령,가해운전자 상해정도,피해운전자 차종,피해운전자 성별,피해운전자 연령,피해운전자 상해정도
2018111600100001,2018년 11월 16일 00시,금요일,서울특별시 영등포구 당산동1가,경상사고,0,0,1,0,차대차 - 측면충돌,안전운전불이행,포장 - 건조,맑음,교차로 - 교차로안,자전거,남,70세,경상,승용,남,57세,상해없음
2018111600100045,2018년 11월 16일 04시,금요일,서울특별시 성북구 장위동,중상사고,0,1,0,0,차대사람 - 보도통행중,기타,포장 - 건조,맑음,단일로 - 기타,자전거,남,19세,상해없음,보행자,여,63세,중상
2018111600100328,2018년 11월 16일 15시,금요일,서울특별시 영등포구 당산동,경상사고,0,0,1,0,차대차 - 기타,신호위반,포장 - 건조,맑음,단일로 - 기타,자전거,여,62세,경상,승용,여,50세,상해없음
2018111600100367,2018년 11월 16일 16시,금요일,서울특별시 노원구 상계동,중상사고,0,1,1,0,차대차 - 기타,안전운전불이행,포장 - 건조,맑음,단일로 - 기타,자전거,남,57세,중상,자전거,여,49세,경상
2018111600100435,2018년 11월 16일 18시,금요일,서울특별시 마포구 상암동,중상사고,0,1,0,0,차대차 - 기타,신호위반,포장 - 건조,맑음,교차로 - 교차로안,자전거,여,33세,중상,승용,남,38세,상해없음
2018111600100440,2018년 11월 16일 18시,금요일,서울특별시 강동구 천호동,경상사고,0,0,1,0,차대차 - 측면충돌,안전운전불이행,포장 - 건조,맑음,교차로 - 교차로안,자전거,남,60세,경상,승용,남,33세,상해없음
2018111700100126,2018년 11월 17일 08시,토요일,서울특별시 동작구 사당동,부상신고사고,0,0,0,1,차대차 - 측면충돌,안전운전불이행,포장 - 건조,맑음,단일로 - 기타,자전거,여,51세,부상신고,원동기,남,26세,상해없음
2018111700100370,2018년 11월 17일 15시,토요일,서울특별시 강동구 길동,경상사고,0,0,1,0,차대차 - 측면충돌,직진우회전진행방해,포장 - 건조,맑음,교차로 - 교차로안,자전거,남,80세,경상,승용,남,26세,상해없음
2018111700100410,2018년 11월 17일 16시,토요일,서울특별시 강서구 방화동,중상사고,0,1,0,0,차대차 - 기타,안전운전불이행,포장 - 건조,맑음,단일로 - 기타,자전거,남,41세,상해없음,자전거,여,31세,중상
2018111700100437,2018년 11월 17일 17시,토요일,서울특별시 중랑구 묵동,중상사고,0,1,0,0,차대사람 - 기타,안전운전불이행,비포장 - 건조,맑음,단일로 - 기타,자전거,남,12세,상해없음,보행자,남,46세,중상
2018111800100131,2018년 11월 18일 12시,일요일,서울특별시 영등포구 도림동,중상사고,0,1,1,0,차대차 - 측면충돌,안전운전불이행,포장 - 건조,맑음,교차로 - 교차로안,자전거,남,64세,경상,이륜,남,24세,중상
2018111800100176,2018년 11월 18일 14시,일요일,서울특별시 영등포구 신길동,경상사고,0,0,1,0,차대차 - 측면충돌,안전거리미확보,포장 - 건조,맑음,단일로 - 기타,자전거,여,72세,경상,승용,여,69세,상해없음
2018111800100291,2018년 11월 18일 18시,일요일,서울특별시 강서구 화곡동,경상사고,0,0,1,0,차대차 - 기타,안전운전불이행,포장 - 건조,맑음,단일로 - 기타,자전거,남,52세,경상,승용,남,59세,기타불명
2018111800100404,2018년 11월 18일 21시,일요일,서울특별시 구로구 구로동,경상사고,0,0,2,0,차대차 - 기타,안전운전불이행,포장 - 건조,맑음,단일로 - 기타,자전거,여,47세,경상,승용,남,62세,경상
2018111900100050,2018년 11월 19일 07시,월요일,서울특별시 강남구 삼성동,중상사고,0,1,0,0,차량단독 - 전도전복 - 전도,안전운전불이행,포장 - 건조,맑음,단일로 - 기타,자전거,여,65세,중상,미분류,미분류,미분류,미분류
2018111900100072,2018년 11월 19일 08시,월요일,서울특별시 서초구 양재동,부상신고사고,0,0,0,1,차대차 - 측면충돌,안전운전불이행,포장 - 건조,맑음,단일로 - 기타,자전거,남,71세,부상신고,승용,남,63세,상해없음
2018111900100344,2018년 11월 19일 16시,월요일,서울특별시 동대문구 장안동,경상사고,0,0,1,0,차대차 - 기타,안전운전불이행,포장 - 건조,맑음,교차로 - 교차로안,자전거,여,65세,경상,화물,남,58세,상해없음
2018112000100054,2018년 11월 20일 07시,화요일,서울특별시 성북구 하월곡동,중상사고,0,1,0,0,차대차 - 측면충돌,안전거리미확보,포장 - 건조,맑음,교차로 - 교차로부근,자전거,남,51세,중상,승용,남,29세,상해없음
2018112000100223,2018년 11월 20일 12시,화요일,서울특별시 중구 명동2가,부상신고사고,0,0,0,1,차대차 - 추돌,안전운전불이행,포장 - 건조,맑음,단일로 - 기타,자전거,남,62세,부상신고,승용,남,36세,상해없음
2018112000100579,2018년 11월 20일 20시,화요일,서울특별시 강북구 번동,경상사고,0,0,1,0,차대차 - 기타,신호위반,포장 - 건조,맑음,교차로 - 교차로안,자전거,남,55세,경상,승용,남,50세,상해없음
2018112100100117,2018년 11월 21일 08시,수요일,서울특별시 송파구 방이동,경상사고,0,0,1,0,차대차 - 측면충돌,안전운전불이행,포장 - 건조,맑음,단일로 - 기타,자전거,여,48세,경상,화물,남,46세,상해없음
2018112100100526,2018년 11월 21일 20시,수요일,서울특별시 영등포구 대림동,경상사고,0,0,1,0,차대차 - 측면충돌,안전운전불이행,포장 - 건조,맑음,교차로 - 교차로안,자전거,남,57세,경상,승용,남,50세,상해없음
2018112200100616,2018년 11월 22일 21시,목요일,서울특별시 광진구 구의동,경상사고,0,0,1,0,차대차 - 측면충돌,안전운전불이행,포장 - 건조,맑음,단일로 - 기타,자전거,남,55세,경상,승용,남,41세,상해없음
2018112300100357,2018년 11월 23일 15시,금요일,서울특별시 영등포구 양평동4가,경상사고,0,0,1,0,차대차 - 측면충돌,불법유턴,포장 - 건조,맑음,단일로 - 기타,자전거,남,50세,경상,승용,여,61세,상해없음
2018112300100396,2018년 11월 23일 16시,금요일,서울특별시 중랑구 면목동,부상신고사고,0,0,0,1,차대차 - 기타,안전운전불이행,포장 - 건조,맑음,교차로 - 교차로부근,자전거,남,53세,부상신고,화물,남,73세,상해없음
2018112300100697,2018년 11월 23일 22시,금요일,서울특별시 양천구 목동,중상사고,0,1,0,0,차대사람 - 횡단중,신호위반,포장 - 건조,맑음,단일로 - 기타,자전거,남,16세,상해없음,보행자,여,61세,중상
2018112300100698,2018년 11월 23일 22시,금요일,서울특별시 강남구 개포동,경상사고,0,0,1,0,차대차 - 기타,안전운전불이행,포장 - 건조,기타,교차로 - 교차로횡단보도내,자전거,남,13세,경상,승용,여,45세,기타불명
2018112400100597,2018년 11월 24일 20시,토요일,서울특별시 동작구 대방동,경상사고,0,0,1,0,차대차 - 기타,신호위반,포장 - 건조,맑음,교차로 - 교차로부근,자전거,여,54세,경상,승용,남,33세,상해없음
2018112500100127,2018년 11월 25일 11시,일요일,서울특별시 광진구 광장동,경상사고,0,0,1,0,차대사람 - 차도통행중,안전운전불이행,포장 - 건조,맑음,단일로 - 기타,자전거,여,31세,기타불명,보행자,여,92세,경상
2018112500100145,2018년 11월 25일 12시,일요일,서울특별시 영등포구 대림동,경상사고,0,0,1,0,차대차 - 측면충돌,안전운전불이행,포장 - 건조,맑음,교차로 - 교차로안,자전거,여,64세,경상,승용,남,73세,상해없음
2018112500100191,2018년 11월 25일 14시,일요일,서울특별시 관악구 봉천동,경상사고,0,0,1,0,차대사람 - 기타,안전운전불이행,포장 - 건조,맑음,단일로 - 기타,자전거,남,28세,상해없음,보행자,남,54세,경상
2018112500100310,2018년 11월 25일 18시,일요일,서울특별시 강서구 등촌동,부상신고사고,0,0,0,1,차대차 - 측면충돌,신호위반,포장 - 건조,맑음,교차로 - 교차로안,자전거,남,42세,부상신고,승용,여,50세,상해없음
2018112600100155,2018년 11월 26일 09시,월요일,서울특별시 금천구 가산동,경상사고,0,0,1,0,차대차 - 정면충돌,안전운전불이행,포장 - 건조,맑음,기타 - 기타,자전거,남,25세,상해없음,원동기,여,36세,경상
2018112600100352,2018년 11월 26일 15시,월요일,서울특별시 성북구 종암동,경상사고,0,0,1,0,차대차 - 기타,안전운전불이행,포장 - 건조,맑음,단일로 - 기타,자전거,남,64세,경상,화물,남,58세,기타불명
2018112600100399,2018년 11월 26일 16시,월요일,서울특별시 강동구 천호동,경상사고,0,0,1,0,차대사람 - 보도통행중,안전운전불이행,포장 - 건조,맑음,단일로 - 지하차도(도로)내,자전거,기타불명,미분류,기타불명,보행자,여,79세,경상
2018112600100543,2018년 11월 26일 19시,월요일,서울특별시 은평구 불광동,부상신고사고,0,0,0,1,차대차 - 측면충돌,직진우회전진행방해,포장 - 건조,맑음,교차로 - 교차로안,자전거,남,16세,부상신고,기타불명,기타불명,미분류,기타불명
2018112600100644,2018년 11월 26일 23시,월요일,서울특별시 중랑구 신내동,중상사고,0,1,0,0,차대차 - 기타,중앙선침범,포장 - 건조,맑음,교차로 - 교차로안,자전거,남,53세,중상,승용,남,63세,상해없음
2018112700100037,2018년 11월 27일 05시,화요일,서울특별시 중랑구 면목동,중상사고,0,1,0,0,차대차 - 기타,안전운전불이행,포장 - 건조,맑음,교차로 - 교차로안,자전거,남,74세,중상,화물,남,58세,상해없음
2018112700100142,2018년 11월 27일 09시,화요일,서울특별시 은평구 수색동,경상사고,0,0,1,0,차대차 - 측면충돌,안전운전불이행,포장 - 건조,맑음,교차로 - 교차로부근,자전거,남,81세,경상,승용,남,43세,상해없음
2018112700100569,2018년 11월 27일 22시,화요일,서울특별시 강동구 성내동,부상신고사고,0,0,0,1,차대차 - 측면충돌,교차로운행방법위반,포장 - 건조,맑음,교차로 - 교차로안,자전거,남,63세,부상신고,승용,남,61세,상해없음
2018112800100170,2018년 11월 28일 10시,수요일,서울특별시 강서구 화곡동,경상사고,0,0,1,0,차대차 - 측면충돌,안전운전불이행,포장 - 건조,맑음,교차로 - 교차로횡단보도내,자전거,여,21세,경상,승용,여,32세,상해없음
2018112800100208,2018년 11월 28일 11시,수요일,서울특별시 영등포구 대림동,부상신고사고,0,0,0,1,차대차 - 기타,안전운전불이행,포장 - 건조,맑음,단일로 - 기타,자전거,여,54세,부상신고,승용,남,26세,상해없음
2018112800100307,2018년 11월 28일 14시,수요일,서울특별시 송파구 가락동,부상신고사고,0,0,0,1,차대차 - 기타,안전운전불이행,포장 - 건조,맑음,단일로 - 기타,자전거,여,57세,부상신고,승용,여,46세,상해없음
2018112800100509,2018년 11월 28일 19시,수요일,서울특별시 송파구 방이동,부상신고사고,0,0,0,1,차대사람 - 기타,안전운전불이행,포장 - 건조,맑음,단일로 - 기타,자전거,남,61세,상해없음,보행자,남,4세,부상신고
2018112900100074,2018년 11월 29일 07시,목요일,서울특별시 강동구 천호동,부상신고사고,0,0,0,1,차대차 - 측면충돌,안전운전불이행,포장 - 건조,맑음,단일로 - 기타,자전거,여,29세,부상신고,승용,여,58세,상해없음
2018112900100156,2018년 11월 29일 10시,목요일,서울특별시 송파구 삼전동,경상사고,0,0,1,0,차대차 - 측면충돌,안전운전불이행,포장 - 건조,맑음,교차로 - 교차로안,자전거,남,36세,경상,승용,남,61세,상해없음
2018112900100398,2018년 11월 29일 18시,목요일,서울특별시 동작구 본동,중상사고,0,1,0,0,차대차 - 측면충돌,안전운전불이행,포장 - 건조,맑음,교차로 - 교차로안,자전거,남,49세,상해없음,자전거,남,43세,중상
2018113000100112,2018년 11월 30일 08시,금요일,서울특별시 송파구 잠실동,부상신고사고,0,0,0,1,차대차 - 기타,기타,포장 - 건조,맑음,교차로 - 교차로부근,자전거,여,15세,부상신고,승용,여,47세,상해없음
2018113000100153,2018년 11월 30일 09시,금요일,서울특별시 도봉구 방학동,중상사고,0,1,0,0,차대차 - 측면충돌,안전운전불이행,포장 - 건조,맑음,단일로 - 기타,자전거,여,67세,중상,승용,여,51세,상해없음
2018113000100246,2018년 11월 30일 12시,금요일,서울특별시 송파구 풍납동,경상사고,0,0,1,0,차대차 - 기타,직진우회전진행방해,포장 - 건조,맑음,교차로 - 교차로안,자전거,남,35세,경상,승용,남,22세,상해없음
2018120100100378,2018년 12월 1일 16시,토요일,서울특별시 중랑구 중화동,중상사고,0,1,0,0,차대차 - 정면충돌,안전운전불이행,포장 - 건조,맑음,단일로 - 기타,자전거,남,51세,상해없음,자전거,남,88세,중상
2018120100100406,2018년 12월 1일 17시,토요일,서울특별시 광진구 구의동,사망사고,1,0,0,0,차대차 - 측면충돌,안전운전불이행,포장 - 건조,맑음,단일로 - 기타,자전거,남,54세,사망,건설기계,남,52세,상해없음
2018120200100063,2018년 12월 2일 05시,일요일,서울특별시 동작구 신대방동,부상신고사고,0,0,0,1,차대차 - 측면충돌,신호위반,포장 - 건조,맑음,교차로 - 교차로부근,자전거,남,61세,부상신고,승용,남,62세,상해없음
2018120200100258,2018년 12월 2일 16시,일요일,서울특별시 은평구 불광동,중상사고,0,1,0,0,차대차 - 측면충돌,안전운전불이행,포장 - 건조,맑음,단일로 - 기타,자전거,남,90세,중상,승용,남,52세,상해없음
2018120200100284,2018년 12월 2일 17시,일요일,서울특별시 마포구 성산동,경상사고,0,0,1,0,차대차 - 측면충돌,안전운전불이행,포장 - 건조,맑음,단일로 - 기타,자전거,남,22세,상해없음,자전거,남,71세,경상
2018120200100311,2018년 12월 2일 18시,일요일,서울특별시 송파구 잠실동,경상사고,0,0,1,0,차대차 - 정면충돌,안전운전불이행,포장 - 건조,맑음,단일로 - 기타,자전거,남,15세,경상,기타불명,기타불명,미분류,기타불명
2018120400100517,2018년 12월 4일 20시,화요일,서울특별시 마포구 합정동,중상사고,0,1,0,0,차대차 - 기타,교차로운행방법위반,포장 - 건조,맑음,교차로 - 교차로안,자전거,남,54세,중상,승용,남,26세,상해없음
2018120500100296,2018년 12월 5일 14시,수요일,서울특별시 동작구 사당동,경상사고,0,0,1,0,차대차 - 측면충돌,기타,포장 - 건조,맑음,단일로 - 기타,자전거,여,49세,경상,화물,남,42세,상해없음
2018120500100356,2018년 12월 5일 16시,수요일,서울특별시 송파구 문정동,경상사고,0,0,1,0,차대사람 - 기타,기타,포장 - 건조,맑음,단일로 - 기타,자전거,여,53세,상해없음,보행자,남,49세,경상
2018120500100516,2018년 12월 5일 20시,수요일,서울특별시 마포구 망원동,중상사고,0,1,0,0,차대차 - 기타,불법유턴,포장 - 건조,맑음,기타 - 기타,자전거,여,39세,기타불명,원동기,남,52세,중상
2018120600100279,2018년 12월 6일 13시,목요일,서울특별시 용산구 원효로3가,부상신고사고,0,0,0,1,차대차 - 측면충돌,안전운전불이행,포장 - 건조,맑음,교차로 - 교차로안,자전거,여,63세,부상신고,건설기계,남,48세,상해없음
2018120600100309,2018년 12월 6일 14시,목요일,서울특별시 도봉구 방학동,중상사고,0,1,0,0,차대차 - 측면충돌,중앙선침범,포장 - 건조,맑음,단일로 - 기타,자전거,남,61세,중상,승용,남,60세,상해없음
2018120600100385,2018년 12월 6일 16시,목요일,서울특별시 양천구 목동,중상사고,0,1,0,1,차대차 - 측면충돌,안전운전불이행,포장 - 건조,맑음,교차로 - 교차로안,자전거,남,14세,부상신고,승용,남,66세,상해없음
2018120700100265,2018년 12월 7일 12시,금요일,서울특별시 광진구 자양동,경상사고,0,0,1,0,차대차 - 측면충돌,기타,포장 - 건조,맑음,교차로 - 교차로부근,자전거,여,62세,경상,승용,남,49세,상해없음
2018120700100267,2018년 12월 7일 12시,금요일,서울특별시 강서구 방화동,경상사고,0,0,1,0,차대차 - 기타,안전운전불이행,포장 - 건조,맑음,교차로 - 교차로부근,자전거,남,74세,경상,승용,남,66세,상해없음
2018120800100085,2018년 12월 8일 05시,토요일,서울특별시 강남구 수서동,사망사고,1,0,0,0,차대차 - 기타,안전운전불이행,포장 - 건조,맑음,단일로 - 기타,자전거,남,74세,사망,화물,남,37세,상해없음
2018120900100093,2018년 12월 9일 10시,일요일,서울특별시 구로구 구로동,경상사고,0,0,1,0,차대차 - 기타,중앙선침범,포장 - 건조,맑음,단일로 - 기타,자전거,남,61세,경상,승용,남,76세,상해없음
2018120900100094,2018년 12월 9일 10시,일요일,서울특별시 노원구 중계동,부상신고사고,0,0,0,1,차대차 - 기타,중앙선침범,포장 - 건조,맑음,단일로 - 기타,자전거,남,67세,부상신고,승합,남,71세,상해없음
2018121000100242,2018년 12월 10일 13시,월요일,서울특별시 동대문구 휘경동,경상사고,0,0,1,0,차대차 - 기타,직진우회전진행방해,포장 - 건조,맑음,교차로 - 교차로안,자전거,남,73세,경상,승합,여,29세,상해없음
2018121100100036,2018년 12월 11일 05시,화요일,서울특별시 서초구 반포동,경상사고,0,0,2,0,차대차 - 측면충돌,신호위반,포장 - 건조,맑음,교차로 - 교차로안,자전거,남,65세,경상,승합,남,59세,상해없음
2018121300100630,2018년 12월 13일 23시,목요일,서울특별시 노원구 중계동,경상사고,0,0,1,0,차대차 - 측면충돌,불법유턴,포장 - 젖음/습기,흐림,교차로 - 교차로횡단보도내,자전거,여,62세,경상,승용,여,48세,상해없음
2018121400100224,2018년 12월 14일 12시,금요일,서울특별시 구로구 구로동,중상사고,0,1,0,0,차대차 - 측면충돌,안전운전불이행,포장 - 건조,맑음,교차로 - 교차로안,자전거,남,75세,중상,승합,남,56세,상해없음
2018121600100412,2018년 12월 16일 22시,일요일,서울특별시 서초구 잠원동,경상사고,0,0,1,0,차대차 - 측면충돌,불법유턴,포장 - 건조,맑음,단일로 - 기타,자전거,여,33세,경상,승용,여,44세,상해없음
2018121700100380,2018년 12월 17일 14시,월요일,서울특별시 중랑구 면목동,경상사고,0,0,1,0,차대차 - 기타,신호위반,포장 - 건조,맑음,교차로 - 교차로안,자전거,남,82세,경상,승용,여,38세,상해없음
2018121700100495,2018년 12월 17일 17시,월요일,서울특별시 노원구 상계동,부상신고사고,0,0,0,1,차대차 - 기타,신호위반,포장 - 건조,맑음,교차로 - 교차로안,자전거,남,76세,부상신고,승용,남,63세,상해없음
2018121700100705,2018년 12월 17일 22시,월요일,서울특별시 중랑구 신내동,경상사고,0,0,1,0,차대차 - 측면충돌,안전운전불이행,포장 - 건조,맑음,교차로 - 교차로안,자전거,남,19세,경상,승용,여,46세,상해없음
2018121800100086,2018년 12월 18일 07시,화요일,서울특별시 동대문구 답십리동,경상사고,0,0,1,0,차대차 - 측면충돌,중앙선침범,포장 - 건조,맑음,교차로 - 교차로부근,자전거,여,57세,경상,승용,남,28세,상해없음
2018121800100127,2018년 12월 18일 08시,화요일,서울특별시 송파구 가락동,부상신고사고,0,0,0,1,차대차 - 측면충돌,안전운전불이행,포장 - 건조,맑음,단일로 - 기타,자전거,남,57세,부상신고,화물,남,43세,상해없음
2018121800100272,2018년 12월 18일 12시,화요일,서울특별시 동대문구 이문동,부상신고사고,0,0,0,1,차대차 - 기타,중앙선침범,포장 - 건조,맑음,교차로 - 교차로안,자전거,남,77세,부상신고,승용,남,51세,상해없음
2018121800100309,2018년 12월 18일 13시,화요일,서울특별시 성북구 하월곡동,경상사고,0,0,1,0,차대차 - 측면충돌,안전운전불이행,포장 - 건조,맑음,단일로 - 기타,자전거,남,65세,경상,화물,남,60세,상해없음
2018121800100355,2018년 12월 18일 15시,화요일,서울특별시 용산구 이촌동,경상사고,0,0,1,0,차대사람 - 보도통행중,안전운전불이행,포장 - 건조,맑음,기타 - 기타,자전거,여,64세,상해없음,보행자,여,50세,경상
2018121800100478,2018년 12월 18일 18시,화요일,서울특별시 동작구 사당동,부상신고사고,0,0,0,1,차대차 - 측면충돌,중앙선침범,포장 - 건조,맑음,단일로 - 기타,자전거,여,54세,부상신고,승용,남,62세,상해없음
2018121900100125,2018년 12월 19일 08시,수요일,서울특별시 중랑구 상봉동,경상사고,0,0,1,0,차량단독 - 기타,안전운전불이행,포장 - 건조,맑음,단일로 - 기타,자전거,남,78세,경상,,,,
2018121900100189,2018년 12월 19일 10시,수요일,서울특별시 강동구 길동,중상사고,0,1,0,0,차대차 - 측면충돌,안전거리미확보,포장 - 건조,맑음,단일로 - 기타,자전거,남,87세,중상,승용,여,73세,상해없음
2018121900100410,2018년 12월 19일 17시,수요일,서울특별시 영등포구 대림동,경상사고,0,0,1,0,차대차 - 측면충돌,신호위반,포장 - 건조,맑음,교차로 - 교차로안,자전거,남,66세,경상,기타불명,기타불명,미분류,기타불명
2018122000100115,2018년 12월 20일 08시,목요일,서울특별시 강남구 세곡동,중상사고,0,1,0,0,차대차 - 기타,신호위반,포장 - 건조,맑음,교차로 - 교차로부근,자전거,남,59세,중상,승용,남,43세,상해없음
2018122000100224,2018년 12월 20일 12시,목요일,서울특별시 노원구 중계동,중상사고,0,1,0,0,차대사람 - 횡단중,보행자보호의무위반,포장 - 건조,맑음,교차로 - 교차로횡단보도내,자전거,남,29세,상해없음,보행자,여,61세,중상
2018122000100303,2018년 12월 20일 15시,목요일,서울특별시 강동구 천호동,부상신고사고,0,0,0,1,차대차 - 측면충돌,안전운전불이행,포장 - 건조,맑음,교차로 - 교차로부근,자전거,남,61세,부상신고,승용,여,41세,상해없음
2018122000100564,2018년 12월 20일 22시,목요일,서울특별시 동작구 대방동,경상사고,0,0,1,1,차대사람 - 차도통행중,안전운전불이행,포장 - 건조,맑음,교차로 - 교차로부근,자전거,여,54세,부상신고,보행자,여,30세,경상
2018122100100050,2018년 12월 21일 03시,금요일,서울특별시 송파구 가락동,경상사고,0,0,1,0,차대차 - 기타,안전운전불이행,포장 - 건조,맑음,교차로 - 교차로부근,자전거,남,21세,경상,승용,남,71세,상해없음
2018122100100100,2018년 12월 21일 07시,금요일,서울특별시 마포구 신정동,경상사고,0,0,1,0,차대차 - 측면충돌,안전운전불이행,포장 - 건조,맑음,단일로 - 기타,자전거,남,47세,경상,승용,여,23세,상해없음
2018122100100132,2018년 12월 21일 08시,금요일,서울특별시 중랑구 면목동,경상사고,0,0,1,0,차대차 - 측면충돌,중앙선침범,포장 - 건조,맑음,교차로 - 교차로안,자전거,남,79세,경상,승합,남,44세,상해없음
2018122100100160,2018년 12월 21일 09시,금요일,서울특별시 동대문구 청량리동,부상신고사고,0,0,0,1,차대차 - 측면충돌,안전운전불이행,포장 - 건조,맑음,교차로 - 교차로안,자전거,남,68세,부상신고,승용,남,61세,상해없음
2018122100100348,2018년 12월 21일 15시,금요일,서울특별시 광진구 구의동,중상사고,0,1,0,0,차대차 - 측면충돌,안전운전불이행,포장 - 건조,맑음,교차로 - 교차로횡단보도내,자전거,여,14세,중상,승합,남,50세,상해없음
2018122100100467,2018년 12월 21일 18시,금요일,서울특별시 강북구 수유동,부상신고사고,0,0,0,1,차대사람 - 횡단중,안전운전불이행,포장 - 건조,맑음,기타 - 기타,자전거,남,77세,상해없음,보행자,남,76세,부상신고
2018122100100583,2018년 12월 21일 20시,금요일,서울특별시 성북구 석관동,중상사고,0,1,0,0,차대차 - 측면충돌,안전운전불이행,포장 - 건조,맑음,교차로 - 교차로안,자전거,여,37세,중상,이륜,남,50세,상해없음
2018122100100610,2018년 12월 21일 21시,금요일,서울특별시 송파구 방이동,경상사고,0,0,1,0,차대차 - 측면충돌,신호위반,포장 - 건조,맑음,교차로 - 교차로안,자전거,남,1세,경상,승용,남,26세,상해없음
2018122100100676,2018년 12월 21일 23시,금요일,서울특별시 구로구 온수동,경상사고,0,0,1,0,차대사람 - 횡단중,신호위반,포장 - 건조,맑음,교차로 - 교차로안,자전거,남,62세,상해없음,보행자,남,58세,경상
2018122200100431,2018년 12월 22일 17시,토요일,서울특별시 양천구 신월동,부상신고사고,0,0,0,1,차대차 - 측면충돌,안전운전불이행,포장 - 건조,맑음,단일로 - 기타,자전거,남,11세,부상신고,승합,남,40세,상해없음
2018122300100187,2018년 12월 23일 13시,일요일,서울특별시 광진구 자양동,중상사고,0,1,0,0,차대사람 - 차도통행중,안전운전불이행,포장 - 건조,맑음,단일로 - 기타,자전거,여,38세,상해없음,보행자,여,77세,중상
2018122300100269,2018년 12월 23일 16시,일요일,서울특별시 영등포구 대림동,경상사고,0,0,1,0,차대차 - 기타,안전운전불이행,포장 - 건조,맑음,교차로 - 교차로안,자전거,남,73세,경상,승용,남,60세,상해없음
2018122300100322,2018년 12월 23일 18시,일요일,서울특별시 송파구 잠실동,경상사고,0,0,1,0,차대사람 - 횡단중,신호위반,포장 - 건조,맑음,교차로 - 교차로횡단보도내,자전거,남,15세,상해없음,보행자,여,53세,경상
2018122300100352,2018년 12월 23일 19시,일요일,서울특별시 성북구 하월곡동,경상사고,0,0,1,0,차대차 - 측면충돌,안전운전불이행,포장 - 건조,맑음,단일로 - 기타,자전거,여,39세,경상,승용,남,54세,상해없음
2018122400100405,2018년 12월 24일 17시,월요일,서울특별시 강동구 길동,경상사고,0,0,1,0,차대차 - 기타,중앙선침범,포장 - 건조,맑음,교차로 - 교차로안,자전거,남,58세,경상,승용,여,55세,상해없음
2018122500100016,2018년 12월 25일 01시,화요일,서울특별시 관악구 봉천동,경상사고,0,0,1,0,차대차 - 기타,불법유턴,포장 - 건조,맑음,교차로 - 교차로부근,자전거,남,37세,경상,승용,남,24세,상해없음
2018122500100369,2018년 12월 25일 21시,화요일,서울특별시 송파구 잠실동,중상사고,0,1,0,0,차대사람 - 기타,안전운전불이행,포장 - 건조,맑음,단일로 - 기타,자전거,남,14세,상해없음,보행자,여,38세,중상
2018122600100171,2018년 12월 26일 11시,수요일,서울특별시 금천구 가산동,경상사고,0,0,1,0,차대차 - 측면충돌,안전운전불이행,포장 - 건조,맑음,교차로 - 교차로안,자전거,여,68세,경상,승용,남,54세,상해없음
2018122600100347,2018년 12월 26일 16시,수요일,서울특별시 은평구 구산동,경상사고,0,0,1,1,차대사람 - 횡단중,미분류,포장 - 건조,맑음,단일로 - 기타,자전거,남,71세,부상신고,보행자,남,5세,경상
2018122700100308,2018년 12월 27일 15시,목요일,서울특별시 영등포구 신길동,경상사고,0,0,1,0,차대사람 - 기타,안전운전불이행,포장 - 건조,맑음,단일로 - 기타,자전거,남,40세,상해없음,보행자,여,61세,경상
2018122800100608,2018년 12월 28일 22시,금요일,서울특별시 송파구 삼전동,경상사고,0,0,1,0,차대차 - 기타,안전운전불이행,포장 - 건조,맑음,기타 - 기타,자전거,남,17세,경상,승용,남,47세,상해없음
2018122900100411,2018년 12월 29일 20시,토요일,서울특별시 송파구 삼전동,경상사고,0,0,1,0,차대사람 - 기타,안전운전불이행,포장 - 건조,맑음,기타 - 기타,자전거,남,14세,상해없음,보행자,남,37세,경상
2018123100100041,2018년 12월 31일 05시,월요일,서울특별시 송파구 삼전동,중상사고,0,1,0,0,차대차 - 기타,안전운전불이행,포장 - 건조,맑음,교차로 - 교차로부근,자전거,남,79세,중상,승용,남,77세,상해없음
2018123100100193,2018년 12월 31일 12시,월요일,서울특별시 노원구 하계동,중상사고,0,1,0,0,차대차 - 측면충돌,기타,포장 - 건조,맑음,단일로 - 기타,자전거,남,67세,중상,승용,남,41세,상해없음
2018123100100347,2018년 12월 31일 16시,월요일,서울특별시 양천구 신월동,경상사고,0,0,1,0,차대차 - 기타,교차로운행방법위반,포장 - 건조,맑음,교차로 - 교차로안,자전거,남,74세,경상,승용,남,61세,상해없음
2018123100100382,2018년 12월 31일 17시,월요일,서울특별시 양천구 목동,경상사고,0,0,1,0,차대차 - 측면충돌,안전운전불이행,포장 - 건조,맑음,기타 - 기타,자전거,남,68세,경상,승용,남,48세,상해없음